wavelength_470712060,flux_470712060,wavlength_139202084,flux_139202084,wavelength_392605166,flux_392605166,wavelength_455405241,flux_455405241
3698.7285,1.0,3697.8435,1.0,3698.5706,1.0,3699.402,1.0
3699.5806,1.0,3698.6956,1.0,3699.4226,1.0,3700.2542,1.0
3700.4329,1.0,3699.5479,1.0,3700.275,1.0,3701.1064,1.0
3701.2852,1.0,3700.4001,1.0,3701.1272,1.0,3701.9587,1.0
3702.138,1.0,3701.253,1.0,3701.98,1.0,3702.8115,1.0
3702.9907,1.0,3702.1057,1.0,3702.8328,1.0,3703.6643,1.0
3703.8438,1.0,3702.9587,1.0,3703.6858,1.0,3704.5173,1.0
3704.697,1.0,3703.812,1.0,3704.539,1.0,3705.3706,1.0
3705.5503,1.0,3704.6653,1.0,3705.3923,1.0,3706.2239,1.0
3706.404,1.0,3705.519,1.0,3706.246,1.0,3707.0776,1.0
3707.2578,1.0,3706.3728,1.0,3707.0999,1.0,3707.9314,1.0
3708.1118,1.0,3707.2268,1.0,3707.9539,1.0,3708.7854,1.0
3708.966,1.0,3708.081,1.0,3708.808,1.0,3709.6396,1.0
3709.8203,1.0,3708.9353,1.0,3709.6624,1.0,3710.494,1.0
3710.675,1.0,3709.79,1.0,3710.517,1.0,3711.3486,1.0
3711.5298,1.0,3710.6448,1.0,3711.3718,1.0,3712.2034,1.0
3712.3848,1.0,3711.4998,1.0,3712.2268,1.0,3713.0583,1.0
3713.24,1.0,3712.355,1.0,3713.082,1.0,3713.9136,1.0
3714.0955,1.0,3713.2104,1.0,3713.9375,1.0,3714.769,1.0
3714.951,1.0,3714.066,1.0,3714.793,1.0,3715.6245,1.0
3715.807,1.0,3714.9219,1.0,3715.649,1.0,3716.4805,1.0
3716.6628,1.0,3715.7778,1.0,3716.505,1.0,3717.3364,1.0
3717.519,1.0,3716.634,1.0,3717.361,1.0,3718.1926,1.0
3718.3752,1.0,3717.4902,1.0,3718.2173,1.0,3719.0488,1.0
3719.232,1.0,3718.347,1.0,3719.074,1.0,3719.9055,1.0
3720.0886,1.0,3719.2036,1.0,3719.9307,1.0,3720.7622,1.0
3720.9456,1.0,3720.0605,1.0,3720.7876,1.0,3721.6191,1.0
3721.8027,1.0,3720.9177,1.0,3721.6448,1.0,3722.4763,1.0
3722.6602,1.0,3721.7751,1.0,3722.5022,1.0,3723.3337,1.0
3723.5178,1.0,3722.6328,1.0,3723.3599,1.0,3724.1914,1.0
3724.3755,1.0,3723.4905,1.0,3724.2175,1.0,3725.049,1.0
3725.2334,1.0,3724.3484,1.0,3725.0754,1.0,3725.907,1.0
3726.0916,1.0,3725.2065,1.0,3725.9336,1.0,3726.7651,1.0
3726.95,1.0,3726.065,1.0,3726.792,1.0,3727.6235,1.0
3727.8086,1.0,3726.9236,1.0,3727.6506,1.0,3728.4822,1.0
3728.6672,1.0,3727.7822,1.0,3728.5093,1.0,3729.3408,1.0
3729.5261,1.0,3728.641,1.0,3729.3682,1.0,3730.1997,1.0
3730.3855,1.0,3729.5005,1.0,3730.2275,1.0,3731.059,1.0
3731.2446,1.0,3730.3596,1.0,3731.0867,1.0,3731.9182,1.0
3732.1042,1.0,3731.2192,1.0,3731.9463,1.0,3732.7778,1.0
3732.964,1.0,3732.079,1.0,3732.8062,1.0,3733.6377,1.0
3733.824,1.0,3732.939,1.0,3733.666,1.0,3734.4976,1.0
3734.684,1.0,3733.799,1.0,3734.5261,1.0,3735.3577,1.0
3735.5444,1.0,3734.6594,1.0,3735.3865,1.0,3736.218,1.0
3736.405,1.0,3735.52,1.0,3736.247,1.0,3737.0786,1.0
3737.2656,1.0,3736.3806,1.0,3737.1077,1.0,3737.9392,1.0
3738.1265,1.0,3737.2415,1.0,3737.9685,1.0,3738.8,1.0
3738.9878,1.0,3738.1028,1.0,3738.8298,1.0,3739.6614,1.0
3739.849,1.0,3738.964,1.0,3739.6912,1.0,3740.5227,1.0
3740.7104,1.0,3739.8254,1.0,3740.5525,1.0,3741.384,1.0
3741.5723,1.0,3740.6873,1.0,3741.4143,1.0,3742.2458,1.0
3742.434,1.0,3741.549,1.0,3742.2761,1.0,3743.1077,1.0
3743.2964,1.0,3742.4114,1.0,3743.1384,1.0,3743.97,1.0
3744.1587,1.0,3743.2737,1.0,3744.0007,1.0,3744.8323,1.0
3745.0212,1.0,3744.1362,1.0,3744.8633,1.0,3745.6948,1.0
3745.8838,1.0,3744.9988,1.0,3745.7258,1.0,3746.5574,1.0
3746.7468,1.0,3745.8618,1.0,3746.5889,1.0,3747.4204,1.0
3747.6099,1.0,3746.7249,1.0,3747.452,1.0,3748.2834,1.0
3748.4731,1.0,3747.5881,1.0,3748.3152,1.0,3749.1467,1.0
3749.3367,1.0,3748.4517,1.0,3749.1787,1.0,3750.0103,1.0
3750.2004,1.0,3749.3154,1.0,3750.0425,1.0,3750.874,1.0
3751.0642,1.0,3750.1792,1.0,3750.9062,1.0,3751.7378,1.0
3751.9285,1.0,3751.0435,1.0,3751.7705,1.0,3752.602,1.0
3752.7927,1.0,3751.9077,1.0,3752.6348,1.0,3753.4663,1.0
3753.6572,1.0,3752.7722,1.0,3753.4993,1.0,3754.3308,1.0
3754.522,1.0,3753.637,1.0,3754.364,1.0,3755.1956,1.0
3755.3867,1.0,3754.5017,1.0,3755.2288,1.0,3756.0603,1.0
3756.252,1.0,3755.367,1.0,3756.094,1.0,3756.9255,1.0
3757.1172,1.0,3756.2322,1.0,3756.9592,1.0,3757.7908,1.0
3757.9827,1.0,3757.0977,1.0,3757.8247,1.0,3758.6562,1.0
3758.8484,1.0,3757.9634,1.0,3758.6904,1.0,3759.522,1.0
3759.7144,1.0,3758.8293,1.0,3759.5564,1.0,3760.388,1.0
3760.5803,1.0,3759.6953,1.0,3760.4224,1.0,3761.254,1.0
3761.4468,1.0,3760.5618,1.0,3761.2888,1.0,3762.1204,1.0
3762.3132,1.0,3761.4282,1.0,3762.1553,1.0,3762.9868,1.0
3763.18,1.0,3762.295,1.0,3763.022,1.0,3763.8535,1.0
3764.0469,1.0,3763.1619,1.0,3763.889,1.0,3764.7205,1.0
3764.9138,1.0,3764.0288,1.0,3764.7559,1.0,3765.5874,1.0
3765.7812,1.0,3764.8962,1.0,3765.6233,1.0,3766.4548,1.0
3766.6487,1.0,3765.7637,1.0,3766.4907,1.0,3767.3223,1.0
3767.5164,1.0,3766.6313,1.0,3767.3584,1.0,3768.19,1.0
3768.3843,1.0,3767.4993,1.0,3768.2263,1.0,3769.0579,1.0
3769.2522,1.0,3768.3672,1.0,3769.0942,1.0,3769.9258,1.0
3770.1206,1.0,3769.2356,1.0,3769.9626,1.0,3770.7942,1.0
3770.989,1.0,3770.104,1.0,3770.831,1.0,3771.6626,1.0
3771.858,1.0,3770.973,1.0,3771.7,1.0,3772.5315,1.0
3772.7266,1.0,3771.8416,1.0,3772.5686,1.0,3773.4001,1.0
3773.5957,1.0,3772.7107,1.0,3773.4377,1.0,3774.2693,1.0
3774.465,1.0,3773.58,1.0,3774.3071,1.0,3775.1387,1.0
3775.3345,1.0,3774.4495,1.0,3775.1765,1.0,3776.008,1.0
3776.2043,1.0,3775.3193,1.0,3776.0464,1.0,3776.878,1.0
3777.0742,1.0,3776.1892,1.0,3776.9163,1.0,3777.7478,1.0
3777.9443,1.0,3777.0593,1.0,3777.7864,1.0,3778.618,1.0
3778.8145,1.0,3777.9294,1.0,3778.6565,1.0,3779.488,1.0
3779.685,1.0,3778.8,1.0,3779.527,1.0,3780.3586,1.0
3780.5557,1.0,3779.6707,1.0,3780.3977,1.0,3781.2292,1.0
3781.4265,1.0,3780.5415,1.0,3781.2686,1.0,3782.1,1.0
3782.2976,1.0,3781.4126,1.0,3782.1396,1.0,3782.9712,1.0
3783.169,1.0,3782.284,1.0,3783.011,1.0,3783.8425,1.0
3784.0405,1.0,3783.1555,1.0,3783.8826,1.0,3784.714,1.0
3784.912,1.0,3784.027,1.0,3784.7542,1.0,3785.5857,1.0
3785.7842,1.0,3784.8992,1.0,3785.6262,1.0,3786.4578,1.0
3786.6562,1.0,3785.7712,1.0,3786.4983,1.0,3787.3298,1.0
3787.5286,1.0,3786.6436,1.0,3787.3706,1.0,3788.2021,1.0
3788.401,1.0,3787.5159,1.0,3788.243,1.0,3789.0745,1.0
3789.2737,1.0,3788.3887,1.0,3789.1157,1.0,3789.9473,1.0
3790.1465,1.0,3789.2615,1.0,3789.9885,1.0,3790.82,1.0
3791.0198,1.0,3790.1348,1.0,3790.8618,1.0,3791.6934,1.0
3791.893,1.0,3791.008,1.0,3791.735,1.0,3792.5667,1.0
3792.7666,1.0,3791.8816,1.0,3792.6086,1.0,3793.4402,1.0
3793.6401,1.0,3792.7551,1.0,3793.4822,1.0,3794.3137,1.0
3794.5142,1.0,3793.6292,1.0,3794.3562,1.0,3795.1877,1.0
3795.3882,1.0,3794.5032,1.0,3795.2302,1.0,3796.0618,1.0
3796.2625,1.0,3795.3774,1.0,3796.1045,1.0,3796.936,1.0
3797.137,1.0,3796.252,1.0,3796.979,1.0,3797.8105,1.0
3803.2644,0.9413901,3797.1267,1.0,3797.8538,1.0,3798.6853,1.0
3804.1404,0.95452225,3798.0017,1.0,3798.7288,1.0,3799.5603,0.73628557
3805.0168,0.92944556,3798.8767,0.6156255,3799.6038,0.72355664,3800.4353,0.7981745
3805.8933,0.89128435,3799.7522,0.67385286,3800.4792,0.7925867,3801.3108,0.88487977
3806.77,0.9226817,3800.6277,0.74101496,3801.3547,0.8624819,3802.1863,0.9300687
3807.647,0.9481042,3801.5034,0.7831613,3802.2305,0.9134217,3803.062,0.9816976
3808.5242,0.9441021,3802.3794,0.8032201,3803.1064,0.96803445,3803.938,1.0175662
3809.4014,0.9987931,3803.2554,0.82007605,3803.9824,0.9580922,3804.814,0.9617683
3810.279,1.0215327,3804.1318,0.8789634,3804.859,0.96788245,3805.6904,0.96078974
3811.1567,0.9286348,3805.0083,0.80262196,3805.7354,0.9594322,3806.567,0.9513043
3812.0347,1.076441,3805.885,0.84380084,3806.612,0.94052416,3807.4436,0.9716127
3812.9128,0.84986395,3806.762,0.8812269,3807.489,0.95640993,3808.3206,1.0129495
3813.791,0.7791322,3807.6392,0.8465539,3808.3662,1.0205023,3809.1978,1.0415467
3814.6697,0.7522444,3808.5164,0.91012233,3809.2434,1.0339358,3810.075,1.0541717
3815.5483,0.73649085,3809.394,0.85760725,3810.121,1.0589536,3810.9526,1.0441637
3816.4272,0.7807059,3810.2717,0.89232165,3810.9988,1.0350618,3811.8303,0.99036
3817.3064,0.81315154,3811.1497,0.88349307,3811.8767,1.0137137,3812.7083,0.92945266
3818.1858,0.8543515,3812.0278,0.8531631,3812.755,0.9658999,3813.5864,0.87667495
3819.0654,0.78798974,3812.906,0.8121847,3813.633,0.915791,3814.4646,0.83203876
3819.9453,0.72892976,3813.7847,0.81301314,3814.5117,0.90735954,3815.3433,0.8331224
3820.8252,0.7857251,3814.6633,0.7622905,3815.3904,0.9105932,3816.222,0.87031925
3821.7053,0.767926,3815.5422,0.77728724,3816.2693,0.9363769,3817.1008,0.9208911
3822.5857,0.8169926,3816.4214,0.7635379,3817.1484,0.98201585,3817.98,0.9394688
3823.4663,0.7239245,3817.3008,0.7996914,3818.0278,0.96907204,3818.8594,0.88602275
3824.3472,0.73689,3818.1804,0.810394,3818.9075,0.93725127,3819.739,0.8199207
3825.228,0.66533476,3819.0603,0.83924204,3819.7874,0.9042009,3820.619,0.80810183
3826.1091,0.6522797,3819.9402,0.79466766,3820.6672,0.8972772,3821.4988,0.83876336
3826.9907,0.6151548,3820.8203,0.7424557,3821.5474,0.91405904,3822.379,0.8801081
3827.872,0.6309185,3821.7007,0.7538295,3822.4277,0.91893345,3823.2593,0.8741194
3828.754,0.64714867,3822.5813,0.7454605,3823.3083,0.8645727,3824.14,0.7925936
3829.636,0.6009678,3823.4622,0.7606911,3824.1892,0.83405995,3825.0208,0.7378564
3830.518,0.645882,3824.343,0.7459163,3825.07,0.7889532,3825.9016,0.73067886
3831.4006,0.60662836,3825.224,0.690115,3825.9512,0.77757466,3826.7827,0.7335761
3832.2832,0.4938299,3826.1057,0.69485056,3826.8328,0.7768254,3827.6643,0.7221758
3833.166,0.47485584,3826.987,0.6930188,3827.714,0.7685908,3828.5457,0.73091763
3834.049,0.4920559,3827.869,0.68422705,3828.596,0.74801904,3829.4275,0.71260357
3834.9321,0.50546813,3828.751,0.6456897,3829.478,0.74079436,3830.3096,0.7124728
3835.8157,0.48313296,3829.633,0.657044,3830.36,0.7031865,3831.1917,0.6523783
3836.6992,0.4783331,3830.5156,0.6197659,3831.2427,0.68489796,3832.0742,0.5875045
3837.583,0.46811372,3831.3982,0.5776602,3832.1252,0.6099632,3832.9568,0.5329033
3838.467,0.52165926,3832.281,0.58554953,3833.008,0.58940905,3833.8396,0.4913819
3839.3513,0.5351519,3833.164,0.5503324,3833.891,0.5458456,3834.7227,0.49297994
3840.2358,0.564552,3834.047,0.50931615,3834.7742,0.5488485,3835.6057,0.50940263
3841.1204,0.6856713,3834.9307,0.5039098,3835.6577,0.5531445,3836.4893,0.51550955
3842.0051,0.7158809,3835.8142,0.47705278,3836.5413,0.57287693,3837.3728,0.5420203
3842.8904,0.73611104,3836.698,0.48460305,3837.425,0.6043426,3838.2566,0.5572359
3843.7756,0.79529285,3837.582,0.5316543,3838.309,0.6138854,3839.1406,0.5995591
3844.661,0.8071676,3838.4663,0.5714101,3839.1934,0.68646187,3840.025,0.66438764
3845.5466,0.7784991,3839.3508,0.60442346,3840.078,0.73242533,3840.9094,0.7245602
3846.4326,0.81484026,3840.2354,0.64995897,3840.9624,0.7902546,3841.794,0.7933361
3847.3186,0.9213705,3841.12,0.7089606,3841.8472,0.854474,3842.6787,0.849702
3848.2048,0.87966794,3842.0054,0.7469518,3842.7324,0.8994513,3843.564,0.86556995
3849.0913,0.8586427,3842.8906,0.7906066,3843.6177,0.90442336,3844.4492,0.8862278
3849.978,0.8682212,3843.776,0.7776025,3844.503,0.9299183,3845.3345,0.9033635
3850.865,0.8012542,3844.6616,0.8468467,3845.3887,0.94315463,3846.2202,0.9498904
3851.752,0.85209316,3845.5476,0.82015276,3846.2747,0.95305645,3847.1062,0.9806505
3852.6392,0.9199183,3846.4336,0.8266606,3847.1606,0.9624333,3847.9922,0.98338467
3853.5269,0.887537,3847.3198,0.8653734,3848.0469,0.96667045,3848.8784,0.9795711
3854.4146,0.87949145,3848.2063,0.8475815,3848.9333,0.9617764,3849.765,0.9325573
3855.3022,0.8156248,3849.093,0.8495384,3849.82,0.9542854,3850.6516,0.98240834
3856.1904,0.8140883,3849.98,0.87817484,3850.707,0.97942734,3851.5386,0.99068177
3857.0789,0.76654154,3850.867,0.8697546,3851.594,1.0005178,3852.4255,0.99684054
3857.9673,0.75404054,3851.7542,0.87348753,3852.4812,1.0041646,3853.3127,0.9818258
3858.856,0.74426556,3852.6418,0.8840877,3853.369,0.9998122,3854.2004,0.98811316
3859.7449,0.71854526,3853.5295,0.87107545,3854.2566,0.98390573,3855.0881,0.966515
3860.634,0.798081,3854.4172,0.8733721,3855.1443,0.95798755,3855.9758,0.9343991
3861.5234,0.8439224,3855.3054,0.8463078,3856.0325,0.9331408,3856.864,0.9285156
3862.4128,0.8762301,3856.1938,0.8148278,3856.921,0.92567223,3857.7524,0.9035785
3863.3027,0.92719865,3857.0823,0.82246447,3857.8093,0.89828694,3858.6409,0.8685924
3864.1926,0.90357673,3857.971,0.78594923,3858.698,0.87568754,3859.5295,0.8452915
3865.0828,0.93888855,3858.8599,0.8005625,3859.587,0.88406473,3860.4185,0.88199466
3865.9731,0.9142893,3859.749,0.8196548,3860.476,0.9181041,3861.3076,0.97785944
3866.8638,0.89361227,3860.6384,0.8300776,3861.3655,0.95545894,3862.197,0.99650013
3867.7544,0.8711814,3861.5278,0.8736255,3862.255,0.98106897,3863.0864,1.0654132
3868.6455,0.88558835,3862.4177,0.8552072,3863.1448,0.99266785,3863.9763,1.035954
3869.5366,0.9557386,3863.3076,0.88888025,3864.0347,0.98158795,3864.8662,1.0177464
3870.428,0.8127822,3864.1978,0.8817336,3864.9248,0.9974913,3865.7563,1.0231203
3871.3196,0.803977,3865.0881,0.8646908,3865.8152,0.993218,3866.6467,1.017188
3872.2114,0.74834955,3865.9788,0.8913394,3866.7058,0.9798825,3867.5374,1.0067216
3873.1035,0.8103217,3866.8694,0.85451454,3867.5964,0.97677964,3868.428,1.0096473
3873.9956,0.7970554,3867.7605,0.87613755,3868.4875,1.0043509,3869.319,0.9824601
3874.888,0.84958684,3868.6516,0.8968906,3869.3787,0.9761921,3870.2102,0.9471335
3875.7808,0.8825564,3869.543,0.85597247,3870.27,0.9343413,3871.1016,0.87759393
3876.6736,0.8037064,3870.4346,0.8465243,3871.1616,0.91030437,3871.9932,0.83140767
3877.5664,0.78574234,3871.3264,0.8330714,3872.0535,0.88383424,3872.885,0.8434096
3878.4597,0.81308377,3872.2185,0.83617926,3872.9456,0.87765783,3873.777,0.86984247
3879.3533,0.8378354,3873.1106,0.79187655,3873.8376,0.90371203,3874.6692,0.9157262
3880.2468,0.8316188,3874.003,0.79769564,3874.73,0.9455942,3875.5615,0.93480295
3881.1406,0.76366967,3874.8958,0.7961544,3875.6228,0.9311494,3876.4543,0.89384466
3882.0347,0.7895141,3875.7886,0.7801185,3876.5156,0.89664954,3877.3472,0.84722906
3882.929,0.7416359,3876.6814,0.83317727,3877.4084,0.86058986,3878.24,0.8404574
3883.8235,0.76404744,3877.5747,0.8005108,3878.3018,0.84221965,3879.1333,0.8524212
3884.7183,0.68448967,3878.4683,0.7709458,3879.1953,0.8558194,3880.0269,0.8788092
3885.613,0.6564917,3879.3618,0.7865725,3880.0889,0.8959631,3880.9204,0.8867484
3886.508,0.6022686,3880.2556,0.77819026,3880.9827,0.8785119,3881.8142,0.84935254
3887.4033,0.53823,3881.1497,0.79940426,3881.8767,0.872397,3882.7083,0.8052533
3888.2988,0.5470765,3882.044,0.79100853,3882.771,0.82480913,3883.6025,0.77385193
3889.1946,0.5417964,3882.9385,0.7615122,3883.6655,0.8040826,3884.497,0.7262503
3890.0906,0.5900407,3883.8333,0.72794926,3884.5603,0.7606399,3885.3918,0.6670758
3890.9866,0.65784866,3884.728,0.6885527,3885.455,0.70040226,3886.2866,0.59760576
3891.883,0.6459795,3885.623,0.6647713,3886.35,0.6352338,3887.1816,0.54322517
3892.7795,0.7078306,3886.5183,0.62101346,3887.2454,0.58280146,3888.077,0.5293203
3893.6763,0.7229667,3887.4138,0.59262896,3888.1409,0.55924356,3888.9724,0.5112837
3894.5732,0.7336189,3888.3096,0.5786193,3889.0366,0.57000196,3889.8682,0.5782785
3895.4705,0.76487345,3889.2056,0.538049,3889.9326,0.6391336,3890.7642,0.65934455
3896.3677,0.8171826,3890.1016,0.5614394,3890.8286,0.6851453,3891.6602,0.6940591
3897.2654,0.7698194,3890.998,0.6090999,3891.725,0.7371528,3892.5566,0.7318204
3898.163,0.7796646,3891.8945,0.6701277,3892.6216,0.7598008,3893.4531,0.7338325
3899.061,0.81197697,3892.7913,0.71019477,3893.5183,0.78304785,3894.3499,0.7625202
3899.9592,0.82974356,3893.6882,0.7501235,3894.4153,0.82443726,3895.2468,0.7864665
3900.8577,0.85263145,3894.5854,0.76159716,3895.3125,0.8290769,3896.144,0.81931835
3901.756,0.7655306,3895.4827,0.74483305,3896.2097,0.8429264,3897.0413,0.8582741
3902.655,0.77286893,3896.3804,0.7481285,3897.1074,0.88775915,3897.939,0.8421022
3903.554,0.7578296,3897.278,0.8142325,3898.0051,0.8569152,3898.8367,0.831536
3904.4531,0.73398334,3898.176,0.77730685,3898.903,0.856319,3899.7346,0.8628234
3905.3528,0.7265664,3899.0742,0.7547234,3899.8013,0.87121946,3900.6328,0.8709163
3906.2522,0.73016036,3899.9727,0.79076797,3900.6997,0.8972237,3901.5312,0.88671786
3907.152,0.81133294,3900.871,0.77192986,3901.5981,0.8867865,3902.4297,0.8851513
3908.0522,0.8289952,3901.77,0.7809853,3902.497,0.85960776,3903.3286,0.8360312
3908.9524,0.87194145,3902.669,0.7944122,3903.396,0.839699,3904.2275,0.82093394
3909.853,0.8917241,3903.568,0.78433526,3904.2952,0.83823246,3905.1267,0.8042952
3910.7537,0.8825342,3904.4678,0.7579407,3905.1948,0.82305413,3906.0264,0.81454283
3911.6545,0.87201244,3905.3672,0.8097356,3906.0942,0.83843595,3906.9258,0.86400694
3912.5557,0.8835084,3906.267,0.81473774,3906.9941,0.8808742,3907.8257,0.913244
3913.4568,0.8899442,3907.1672,0.84924686,3907.8943,0.917758,3908.7258,0.9267879
3914.3584,0.8395284,3908.0674,0.856042,3908.7944,0.93849,3909.626,0.9570009
3915.26,0.8515793,3908.968,0.8820331,3909.695,0.95350784,3910.5266,0.9402067
3916.1619,0.8478155,3909.8687,0.8974296,3910.5957,0.96069986,3911.4272,0.963119
3917.064,0.8384647,3910.7695,0.88466555,3911.4966,0.9770438,3912.3281,0.93745965
3917.9663,0.83296084,3911.6707,0.88852906,3912.3977,0.9509348,3913.2292,0.9242854
3918.869,0.82145584,3912.5718,0.8742367,3913.2988,0.94202536,3914.1304,0.89184606
3919.7717,0.8361303,3913.4734,0.88825804,3914.2004,0.9377843,3915.032,0.9132717
3920.6746,0.7876485,3914.375,0.8585212,3915.102,0.93967927,3915.9336,0.9101972
3921.578,0.8108588,3915.2769,0.83369756,3916.004,0.92955595,3916.8354,0.8870419
3922.4812,0.78734976,3916.179,0.8505321,3916.906,0.9056166,3917.7375,0.88374174
3923.3848,0.7893972,3917.0813,0.84937584,3917.8083,0.8903562,3918.64,0.86783475
3924.2886,0.83316493,3917.984,0.82962745,3918.711,0.86076534,3919.5425,0.8594051
3925.1926,0.7444495,3918.8867,0.8059302,3919.6138,0.8695463,3920.4453,0.8370037
3926.0967,0.73539716,3919.7896,0.8175038,3920.5166,0.8835808,3921.3481,0.87346894
3927.0012,0.6400664,3920.6929,0.8194886,3921.42,0.8942364,3922.2515,0.8715078
3927.9058,0.5721617,3921.5962,0.8045003,3922.3232,0.9045577,3923.1548,0.88900846
3928.8105,0.53903896,3922.4998,0.8290679,3923.2268,0.89469564,3924.0583,0.87346387
3929.7156,0.39276862,3923.4036,0.8319729,3924.1306,0.88508564,3924.9622,0.852429
3930.6208,0.42583627,3924.3076,0.80175966,3925.0347,0.86401874,3925.8662,0.7861834
3931.5264,0.33890253,3925.2117,0.774148,3925.9387,0.8475177,3926.7703,0.7248374
3932.432,0.282336,3926.1162,0.7315722,3926.8433,0.78031504,3927.6748,0.6408808
3933.338,0.2720813,3927.0208,0.6892482,3927.7478,0.7229272,3928.5793,0.57026756
3934.244,0.31596613,3927.9255,0.6341497,3928.6526,0.6417248,3929.4841,0.49029315
3935.1501,0.3080495,3928.8306,0.59970355,3929.5576,0.5635747,3930.3892,0.38278937
3936.0566,0.35099643,3929.7358,0.52203804,3930.463,0.4669841,3931.2944,0.3027515
3936.9634,0.44249707,3930.6414,0.47713178,3931.3684,0.3827652,3932.2,0.2228219
3937.8704,0.50995076,3931.5469,0.44265434,3932.274,0.2951761,3933.1055,0.1904341
3938.7776,0.5197711,3932.453,0.37271962,3933.18,0.259691,3934.0115,0.20015776
3939.6848,0.63682044,3933.359,0.3478443,3934.086,0.27408165,3934.9175,0.24558474
3940.5923,0.6331291,3934.2651,0.37386402,3934.9922,0.34352455,3935.8237,0.33252078
3941.5,0.6668894,3935.1716,0.37219357,3935.8987,0.44039595,3936.7302,0.43453044
3942.408,0.6723819,3936.0784,0.4456748,3936.8054,0.5422597,3937.637,0.5498995
3943.3162,0.6577366,3936.9854,0.5220098,3937.7124,0.6307875,3938.544,0.63368624
3944.2246,0.68745226,3937.8926,0.5959651,3938.6196,0.69146675,3939.4512,0.7298687
3945.1333,0.76799935,3938.7998,0.66138613,3939.5269,0.76137984,3940.3584,0.7640524
3946.042,0.7511332,3939.7073,0.70225984,3940.4343,0.80798656,3941.2659,0.77489066
3946.951,0.8077028,3940.615,0.7301965,3941.342,0.8044268,3942.1736,0.7816705
3947.86,0.79288197,3941.523,0.7586371,3942.25,0.8189342,3943.0815,0.7725015
3948.7695,0.7941815,3942.4312,0.78107965,3943.1582,0.8140943,3943.9897,0.78947484
3949.6792,0.83885926,3943.3396,0.7839941,3944.0667,0.84080833,3944.8982,0.84152716
3950.589,0.8403622,3944.2483,0.7735519,3944.9753,0.86210275,3945.807,0.87368894
3951.499,0.8283071,3945.157,0.794071,3945.884,0.8953426,3946.7156,0.877931
3952.4094,0.8092774,3946.066,0.81634367,3946.793,0.893003,3947.6245,0.8651072
3953.3198,0.81213284,3946.975,0.8318744,3947.7021,0.88397133,3948.5337,0.86211544
3954.2305,0.80787677,3947.8845,0.83199304,3948.6116,0.8712625,3949.443,0.8929298
3955.1414,0.84018725,3948.7942,0.81648606,3949.5212,0.90881854,3950.3528,0.9004122
3956.0525,0.8257837,3949.704,0.83594006,3950.4312,0.9108732,3951.2627,0.882381
3956.9639,0.80463314,3950.614,0.8652755,3951.341,0.9017264,3952.1726,0.87430245
3957.8755,0.87287563,3951.5244,0.84116435,3952.2515,0.90639037,3953.083,0.878845
3958.787,0.84284186,3952.4348,0.8122922,3953.1619,0.89277846,3953.9934,0.90055156
3959.699,0.8006775,3953.3455,0.82490796,3954.0725,0.9189277,3954.904,0.8988907
3960.611,0.74980915,3954.2563,0.8400116,3954.9834,0.8652765,3955.815,0.8615583
3961.5234,0.6417994,3955.1675,0.8596304,3955.8945,0.8699366,3956.726,0.856356
3962.436,0.6388228,3956.0789,0.82301927,3956.806,0.85177416,3957.6375,0.87886274
3963.3489,0.59663236,3956.9905,0.7881431,3957.7175,0.8929002,3958.549,0.8785955
3964.262,0.54748493,3957.902,0.7964052,3958.6292,0.90225047,3959.4607,0.8875415
3965.175,0.4729849,3958.814,0.7951955,3959.541,0.8647761,3960.3726,0.8282809
3966.0884,0.4141846,3959.726,0.7838589,3960.4531,0.8178309,3961.2847,0.76142645
3967.0022,0.38048285,3960.6384,0.74776757,3961.3655,0.7569648,3962.197,0.6966548
3967.916,0.31511933,3961.551,0.7180583,3962.278,0.72904813,3963.1096,0.65708077
3968.83,0.30119652,3962.4639,0.6725631,3963.191,0.69904846,3964.0225,0.60670984
3969.7441,0.3438386,3963.377,0.6208508,3964.104,0.643149,3964.9355,0.53718597
3970.6587,0.38334146,3964.29,0.60822815,3965.017,0.5643169,3965.8486,0.40616184
3971.5735,0.44072384,3965.2034,0.56977296,3965.9304,0.45342693,3966.762,0.3052383
3972.4883,0.5024669,3966.1172,0.49319413,3966.8442,0.35502318,3967.6758,0.23351985
3973.4033,0.57530755,3967.031,0.43534568,3967.758,0.2891581,3968.5896,0.20950104
3974.3186,0.63679004,3967.945,0.41862088,3968.672,0.281886,3969.5037,0.25417265
3975.2341,0.6177401,3968.8591,0.3693182,3969.5862,0.3212987,3970.4177,0.33085427
3976.15,0.71656686,3969.7737,0.47464263,3970.5007,0.39452046,3971.3323,0.4425886
3977.066,0.77131695,3970.6885,0.45774886,3971.4155,0.4891125,3972.247,0.5278217
3977.982,0.8034009,3971.6033,0.48888144,3972.3303,0.5693444,3973.1619,0.6105436
3978.8984,0.79031724,3972.5183,0.57591504,3973.2454,0.63935953,3974.077,0.65376854
3979.815,0.8491278,3973.4336,0.6341404,3974.1606,0.6887146,3974.9922,0.72467273
3980.7317,0.8651326,3974.349,0.6512377,3975.0762,0.7363229,3975.9077,0.756688
3981.6487,0.88028276,3975.265,0.69128543,3975.992,0.7769282,3976.8235,0.7965813
3982.566,0.7638441,3976.181,0.7220502,3976.908,0.80920273,3977.7395,0.8372448
3983.4834,0.86028165,3977.097,0.76205695,3977.824,0.84039634,3978.6555,0.8929596
3984.401,0.840455,3978.0134,0.80551076,3978.7405,0.8935816,3979.572,0.91013956
3985.3188,0.8440178,3978.93,0.81668603,3979.657,0.9136103,3980.4885,0.8964202
3986.2368,0.8902488,3979.8467,0.8496257,3980.5737,0.9120149,3981.4053,0.9109961
3987.155,0.8524701,3980.7637,0.8599016,3981.4907,0.8943005,3982.3223,0.90137595
3988.0735,0.8996583,3981.681,0.8436741,3982.408,0.88732475,3983.2395,0.91639215
3988.9922,0.8818588,3982.5984,0.84330076,3983.3254,0.9057925,3984.157,0.90575665
3989.9111,0.9184145,3983.5159,0.8354148,3984.243,0.90284204,3985.0745,0.90179366
3990.8303,0.9180586,3984.4338,0.85497344,3985.161,0.90799224,3985.9924,0.9178762
3991.7495,0.882069,3985.3518,0.8601112,3986.0789,0.91640973,3986.9104,0.91645443
3992.6692,0.92565954,3986.27,0.8622868,3986.997,0.91748583,3987.8286,0.93485844
3993.5889,0.9103681,3987.1885,0.88019484,3987.9155,0.93096054,3988.747,0.93756664
3994.5088,0.91523165,3988.1072,0.8765107,3988.8342,0.94260997,3989.6658,0.9507644
3995.429,0.8779349,3989.0261,0.8734131,3989.7532,0.9527383,3990.5847,0.9517482
3996.3494,0.8764481,3989.9453,0.90669715,3990.6724,0.9723183,3991.504,0.9619015
3997.27,0.81678593,3990.8645,0.9024776,3991.5916,0.969861,3992.423,0.992983
3998.1907,0.8824516,3991.7842,0.88086015,3992.5112,0.97809875,3993.3428,0.9930325
3999.1118,0.9184424,3992.7039,0.90279007,3993.431,0.98197865,3994.2625,0.9695935
4000.033,0.9213331,3993.6238,0.8873166,3994.3508,0.96025854,3995.1824,0.95666754
4000.9543,0.94745666,3994.544,0.90050024,3995.271,0.95354843,3996.1025,0.9238079
4001.876,0.9552971,3995.4644,0.88014835,3996.1914,0.91925216,3997.023,0.9127767
4002.7979,0.9640404,3996.385,0.8708007,3997.112,0.90965354,3997.9436,0.9119522
4003.72,0.87402517,3997.3057,0.8722408,3998.0327,0.91504484,3998.8643,0.96268195
4004.6423,0.86909175,3998.2268,0.8845936,3998.9539,0.9459764,3999.7854,0.9799727
4005.5647,0.813298,3999.148,0.86985594,3999.875,0.9866316,4000.7065,0.9902439
4006.4875,0.7976512,4000.0693,0.9033109,4000.7964,0.99416137,4001.628,1.0115744
4007.4104,0.8476957,4000.991,0.91322637,4001.718,0.99234855,4002.5496,1.0003859
4008.3335,0.91570115,4001.9128,0.8854803,4002.64,0.9777538,4003.4714,0.9615734
4009.2568,0.9356586,4002.835,0.91311324,4003.562,0.967367,4004.3936,0.924006
4010.1804,0.959281,4003.7573,0.89009976,4004.4844,0.92000115,4005.316,0.866759
4011.1042,0.97226214,4004.6797,0.87731045,4005.4067,0.8882604,4006.2383,0.8741073
4012.0283,0.9495703,4005.6025,0.83042485,4006.3296,0.9059628,4007.1611,0.916978
4012.9524,0.8867284,4006.5254,0.8494219,4007.2524,0.937722,4008.084,0.975879
4013.8767,0.88659006,4007.4485,0.8844253,4008.1755,0.96973765,4009.007,0.98734355
4014.8015,0.9670427,4008.3718,0.88826305,4009.0989,0.97516936,4009.9304,0.97662705
4015.7263,0.95991653,4009.2954,0.91032183,4010.0225,0.9832966,4010.854,0.9792082
4016.6514,0.9427503,4010.2192,0.92284554,4010.9463,0.97496426,4011.7778,0.98382
4017.5767,0.959161,4011.1433,0.9317048,4011.8704,0.9617961,4012.702,0.9798988
4018.502,0.9385699,4012.0674,0.911888,4012.7944,0.9738261,4013.626,0.9778598
4019.4277,0.9675437,4012.9917,0.8996471,4013.7188,0.9756257,4014.5503,0.97563905
4020.3538,0.9984177,4013.9165,0.92027354,4014.6436,0.96031487,4015.475,0.97122663
4021.2798,0.96972114,4014.8413,0.9109489,4015.5684,0.95982194,4016.4,0.9726633
4022.206,0.96385187,4015.7664,0.91066825,4016.4934,0.9569275,4017.325,0.9758545
4023.1326,0.9613646,4016.6917,0.93198496,4017.4187,0.94970083,4018.2502,0.97919536
4024.0593,0.9040139,4017.617,0.933687,4018.344,0.9583665,4019.1755,1.0137786
4024.9863,0.91173625,4018.5427,0.9426041,4019.2698,1.0041353,4020.1013,1.0371954
4025.9136,0.9628746,4019.4688,0.9388962,4020.1958,0.99332,4021.0273,1.0246689
4026.841,0.9600023,4020.3948,0.94985855,4021.1218,0.99852675,4021.9534,1.0029398
4027.7686,1.0016154,4021.321,0.9548053,4022.048,0.9887608,4022.8796,0.9794453
4028.6963,0.94080657,4022.2476,0.9208028,4022.9746,0.9938504,4023.8062,0.97462785
4029.6245,0.88874066,4023.1743,0.9432901,4023.9014,0.98899204,4024.733,0.9759032
4030.5527,0.83152074,4024.1013,0.92351395,4024.8284,0.9805795,4025.66,0.9944316
4031.4812,0.8175119,4025.0286,0.9279211,4025.7556,1.0008975,4026.5872,1.0084502
4032.41,0.8520107,4025.956,0.913914,4026.683,1.017331,4027.5146,1.0269651
4033.3386,0.8268391,4026.8835,0.9317541,4027.6106,1.0037962,4028.4421,0.97735953
4034.2678,0.8944157,4027.8113,0.9152061,4028.5383,0.97201204,4029.3699,0.93138987
4035.1973,0.92895544,4028.7395,0.89827514,4029.4666,0.9331685,4030.298,0.8855579
4036.1267,0.9659865,4029.6677,0.90206546,4030.3948,0.894877,4031.2263,0.86962736
4037.0564,0.960881,4030.5962,0.8610548,4031.3232,0.8870098,4032.1548,0.87225366
4037.9863,0.9975168,4031.525,0.81188804,4032.252,0.87997776,4033.0835,0.88088036
4038.9165,0.9759152,4032.4536,0.84390795,4033.1807,0.8897864,4034.0122,0.8996542
4039.847,0.93903875,4033.3828,0.8485987,4034.1099,0.8970793,4034.9414,0.9319029
4040.7776,0.9519009,4034.3123,0.87204576,4035.0393,0.938005,4035.8708,0.97223073
4041.7085,0.94740665,4035.2417,0.91633546,4035.9688,0.97239,4036.8003,0.9993161
4042.6394,0.9376631,4036.1714,0.92271304,4036.8984,1.0000376,4037.73,1.0100404
4043.5708,0.9041799,4037.1013,0.9357302,4037.8284,0.9960219,4038.66,1.0126702
4044.5022,0.7981428,4038.0315,0.9526445,4038.7585,0.99279934,4039.59,0.97460085
4045.4338,0.8010391,4038.962,0.9508126,4039.689,0.9701064,4040.5205,0.97326165
4046.3657,0.8296156,4039.8926,0.93148977,4040.6196,0.96394646,4041.4512,0.9704377
4047.2979,0.9082296,4040.8235,0.91682595,4041.5505,0.95721936,4042.382,0.9627098
4048.2302,0.9288203,4041.7544,0.901631,4042.4814,0.9687636,4043.313,0.9283811
4049.1626,0.99133587,4042.6858,0.8900869,4043.4128,0.93102884,4044.2444,0.8495605
4050.0955,0.96374685,4043.6172,0.884718,4044.3442,0.87236196,4045.1758,0.8223638
4051.0283,0.9972456,4044.5488,0.851662,4045.276,0.83900815,4046.1074,0.85045546
4051.9617,0.9499362,4045.4807,0.84716076,4046.2078,0.8620097,4047.0393,0.9138705
4052.895,0.9152084,4046.4128,0.8517709,4047.14,0.93036175,4047.9714,0.9588162
4053.8286,0.87085074,4047.3452,0.86823756,4048.0723,0.97834045,4048.9038,0.99952257
4054.7625,0.9115534,4048.2776,0.9282397,4049.0046,0.9838616,4049.8362,1.0178955
4055.6965,0.8726453,4049.2104,0.93968344,4049.9375,0.99529403,4050.769,0.99492836
4056.6306,0.89356256,4050.1433,0.93905926,4050.8704,1.0024292,4051.702,0.9767926
4057.5652,0.8211824,4051.0767,0.94092876,4051.8037,0.979722,4052.6353,0.9581511
4058.4998,0.89065075,4052.01,0.92856973,4052.737,0.9550429,4053.5686,0.9482696
4059.4348,0.9321674,4052.9436,0.91335267,4053.6707,0.9353115,4054.5022,0.9280405
4060.3699,0.8794269,4053.8774,0.87064236,4054.6045,0.9330156,4055.436,0.93418056
4061.3052,0.9240503,4054.8115,0.8990647,4055.5386,0.93097574,4056.37,0.91056395
4062.2407,0.8564744,4055.7456,0.87914497,4056.4727,0.92671436,4057.3042,0.9163135
4063.1765,0.8021556,4056.6802,0.8954786,4057.4072,0.91752493,4058.2388,0.93729687
4064.1125,0.81175524,4057.6147,0.87567747,4058.3418,0.9262435,4059.1733,0.9618528
4065.0486,0.8579473,4058.5498,0.8952931,4059.2769,0.9577423,4060.1084,0.9890793
4065.985,0.88511956,4059.4849,0.8733465,4060.212,0.9781311,4061.0435,0.9888622
4066.9216,0.89313054,4060.4202,0.9107128,4061.1472,0.96651775,4061.9788,0.9238331
4067.8586,0.9130953,4061.3557,0.90041727,4062.0828,0.9086786,4062.9143,0.8760682
4068.7957,0.97100407,4062.2915,0.8677275,4063.0186,0.8754895,4063.85,0.8876639
4069.733,0.92180884,4063.2275,0.8852031,4063.9546,0.8852499,4064.7861,0.9127533
4070.6704,0.88563687,4064.1636,0.8427696,4064.8906,0.9229976,4065.7222,0.9255454
4071.6082,0.8612087,4065.1,0.88156646,4065.8271,0.929254,4066.6587,0.94134325
4072.546,0.86160815,4066.0366,0.8796472,4066.7637,0.919574,4067.5952,0.9557532
4073.4841,0.93072116,4066.9736,0.9250803,4067.7007,0.9417334,4068.5322,0.9899331
4074.4226,0.9194331,4067.9106,0.91773605,4068.6377,0.97607386,4069.4692,0.98669934
4075.361,0.8856292,4068.848,0.8950454,4069.575,0.96436507,4070.4065,0.95285565
4076.2998,0.8391322,4069.7854,0.91772187,4070.5125,0.9388441,4071.344,0.92339414
4077.2388,0.78862876,4070.7231,0.9228563,4071.4502,0.9246619,4072.2817,0.91812265
4078.178,0.80856067,4071.661,0.90189826,4072.388,0.9244842,4073.2195,0.9516135
4079.1174,0.8609401,4072.599,0.8868458,4073.3262,0.9545288,4074.1577,0.9578868
4080.0571,0.9287579,4073.5376,0.8965457,4074.2646,0.9570285,4075.0962,0.92830217
4080.997,0.9713596,4074.476,0.8824137,4075.2031,0.94671464,4076.0347,0.8736577
4081.937,0.9620464,4075.4148,0.8733216,4076.1418,0.88324255,4076.9734,0.8286317
4082.8774,0.8605857,4076.3538,0.8586988,4077.0808,0.85231435,4077.9124,0.83368003
4083.8179,0.88747674,4077.293,0.84243214,4078.02,0.86286914,4078.8516,0.8773403
4084.7585,0.89566314,4078.2324,0.8512949,4078.9595,0.90844697,4079.791,0.94801277
4085.6997,0.8968855,4079.172,0.8634871,4079.8992,0.9495917,4080.7307,0.97411466
4086.6409,0.9591469,4080.112,0.8776033,4080.839,0.97536314,4081.6707,0.9780011
4087.582,0.9717485,4081.052,0.9070067,4081.779,0.9673466,4082.6106,0.95186955
4088.5237,0.9733855,4081.9924,0.9211291,4082.7195,0.9574537,4083.551,0.914359
4089.4656,0.9877518,4082.9329,0.9248142,4083.66,0.9109708,4084.4915,0.8996385
4090.4075,0.9828965,4083.8735,0.92404205,4084.6006,0.9139486,4085.4321,0.9210498
4091.3499,0.94307494,4084.8147,0.9017784,4085.5417,0.92681855,4086.3733,0.96092355
4092.2922,0.92696947,4085.7559,0.92646843,4086.483,0.9523086,4087.3145,0.9873115
4093.2349,0.9401797,4086.697,0.91307205,4087.424,0.97181755,4088.2556,1.0071557
4094.178,0.8991709,4087.6387,0.9253982,4088.3657,0.96512884,4089.1973,1.0021001
4095.121,0.92540115,4088.5806,0.9407311,4089.3076,0.9795635,4090.1392,0.9782553
4096.0645,0.87331665,4089.5225,0.9407677,4090.2495,0.96176934,4091.081,0.9614427
4097.008,0.7906624,4090.4648,0.9396016,4091.192,0.93444407,4092.0234,0.94931924
4097.9517,0.7955603,4091.4072,0.9165381,4092.1343,0.9242205,4092.9658,0.93541634
4098.8955,0.74114966,4092.3499,0.9028912,4093.077,0.91685593,4093.9084,0.92171526
4099.84,0.66222763,4093.293,0.8837322,4094.02,0.89736813,4094.8516,0.90734655
4100.784,0.58702624,4094.236,0.8701914,4094.9631,0.8737281,4095.7947,0.8710701
4101.729,0.59058917,4095.1794,0.8433302,4095.9065,0.8467493,4096.738,0.8425152
4102.674,0.6305369,4096.123,0.831296,4096.8496,0.8103669,4097.681,0.8154299
4103.6187,0.66886413,4097.067,0.8053276,4097.7935,0.79789716,4098.625,0.7743064
4104.564,0.7575956,4098.0107,0.75738966,4098.7373,0.73484343,4099.569,0.6992035
4105.51,0.7976515,4098.955,0.7314353,4099.6816,0.663339,4100.513,0.60261196
4106.4556,0.8723115,4099.8994,0.6962326,4100.626,0.55974704,4101.4575,0.54826087
4107.4014,0.8689831,4100.844,0.62852436,4101.571,0.52878237,4102.4023,0.59115475
4108.3477,0.8604053,4101.789,0.59878093,4102.5156,0.5714245,4103.347,0.6827565
4109.294,0.860311,4102.734,0.6385646,4103.4604,0.6662523,4104.292,0.7703896
4110.24,0.86986244,4103.679,0.6764275,4104.406,0.7431786,4105.2373,0.8436401
4111.1875,0.87014604,4104.625,0.73495954,4105.3516,0.7965647,4106.183,0.87251633
4112.1343,0.9295483,4105.571,0.79247004,4106.2974,0.83736336,4107.129,0.8880946
4113.0815,0.9554528,4106.5166,0.8130421,4107.243,0.8573175,4108.0747,0.8869531
4114.029,0.93752605,4107.463,0.8251104,4108.1895,0.8588924,4109.021,0.88903
4114.9766,0.953241,4108.409,0.8376335,4109.1357,0.86696273,4109.9673,0.9025275
4115.925,0.994712,4109.3555,0.84837264,4110.082,0.88855577,4110.9136,0.9124109
4116.8726,0.9866414,4110.3027,0.85085654,4111.0293,0.89862424,4111.861,0.94001263
4117.8213,0.94018275,4111.2495,0.8674558,4111.976,0.91020834,4112.8076,0.9578338
4118.7695,0.9019383,4112.197,0.8779925,4112.9233,0.9254206,4113.755,0.9584613
4119.7183,0.9169314,4113.144,0.8959869,4113.8706,0.9446408,4114.702,0.9871545
4120.6675,0.9222918,4114.092,0.931377,4114.8184,0.9617281,4115.65,0.9912208
4121.6167,0.9311772,4115.04,0.91994137,4115.7666,0.9738435,4116.598,1.001243
4122.566,0.9253098,4115.988,0.9064762,4116.7144,0.9698392,4117.546,0.9633521
4123.5156,0.9227271,4116.9365,0.9271456,4117.663,0.9429797,4118.4946,0.9491005
4124.466,0.9408775,4117.885,0.9287098,4118.6113,0.92571384,4119.443,0.93183947
4125.4155,0.95575863,4123.581,0.9336432,4119.56,0.9312027,4120.3916,0.9506501
4126.366,0.94457257,4124.531,0.92755777,4120.5093,0.9360785,4121.341,0.93591994
4127.3164,0.894631,4125.4814,0.92506737,4121.4585,0.92479926,4122.29,0.9446066
4128.267,0.87517977,4126.4316,0.9000637,4122.4077,0.92660177,4123.2393,0.96571314
4129.2183,0.9162246,4127.3823,0.9118459,4123.3574,0.9499815,4124.189,0.9729036
4130.1694,0.9264803,4128.3335,0.8961896,4124.3076,0.9584601,4125.139,0.9849948
4131.121,0.88388366,4129.2847,0.89797175,4125.2573,0.9572546,4126.089,0.96428525
4132.0723,0.8562032,4130.2363,0.88954246,4126.208,0.94175446,4127.0396,0.9382994
4133.0244,0.8604665,4131.1875,0.89236534,4127.158,0.92596084,4127.9897,0.9295778
4133.9766,0.88406056,4132.1396,0.89235985,4128.109,0.932121,4128.9404,0.93553287
4134.9287,0.9124236,4133.092,0.8658972,4129.06,0.9365861,4129.8916,0.9516853
4135.8813,0.9533071,4134.044,0.88842815,4130.011,0.94508266,4130.843,0.9319731
4136.834,0.97237355,4134.9966,0.9119672,4130.963,0.9121098,4131.7944,0.8883266
4137.7866,0.9793037,4135.949,0.90343964,4131.914,0.8939807,4132.7456,0.87378085
4138.74,1.0083808,4136.902,0.94632477,4132.866,0.87986016,4133.6978,0.9029291
4139.6934,1.0067748,4137.8555,0.9639502,4133.8184,0.91791266,4134.65,0.92856324
4140.647,0.9916339,4138.8086,0.9693019,4134.7705,0.9365414,4135.602,0.9542805
4141.6006,0.9304139,4139.762,0.96122205,4135.723,0.96360743,4136.5547,0.9842544
4142.5547,0.90392,4140.716,0.93622595,4136.676,0.9798094,4137.5073,1.0019583
4143.5093,0.880143,4141.67,0.9254002,4137.6284,0.99478,4138.46,1.0174437
4144.4634,0.89551586,4142.6245,0.89102924,4138.582,1.0035777,4139.4136,1.0261075
4145.4185,0.91195554,4143.5786,0.92098546,4139.535,1.0124123,4140.3667,1.0048797
4146.373,0.93556225,4144.5337,0.8979885,4140.489,1.0008298,4141.3203,0.9778824
4147.328,0.9602328,4145.4883,0.9192498,4141.4424,0.9758308,4142.274,0.93540597
4148.2837,0.9480921,4146.4434,0.9328754,4142.3965,0.9269837,4143.228,0.8993938
4149.2393,0.9464223,4147.399,0.94207686,4143.351,0.89374,4144.1826,0.9167423
4150.195,0.9191397,4148.3545,0.9119993,4144.305,0.9164031,4145.1367,0.9580444
4151.151,0.95933014,4149.31,0.90722966,4145.2603,0.94756854,4146.092,0.9830356
4152.1074,0.9245303,4150.266,0.9144101,4146.215,0.96853447,4147.0464,0.98299724
4153.064,0.9109785,4151.2227,0.91651064,4147.17,0.9697031,4148.0015,0.96795446
4154.0205,0.91174906,4152.179,0.89226353,4148.1255,0.9586932,4148.957,0.95302296
4154.9775,0.8213563,4153.1357,0.8934038,4149.081,0.9500124,4149.9126,0.953268
4155.9346,0.8713775,4154.093,0.87874407,4150.0366,0.93783873,4150.868,0.9575587
4156.8916,0.9148482,4155.05,0.8699819,4150.9927,0.95541924,4151.824,0.9564846
4157.849,0.89468294,4156.007,0.89970744,4151.949,0.94918776,4152.781,0.9480308
4158.807,0.97472984,4156.9644,0.9050379,4152.906,0.92281944,4153.7373,0.92330176
4159.765,0.91831213,4157.9224,0.90421945,4153.8623,0.9124706,4154.694,0.90118897
4160.723,0.9194307,4158.8804,0.9037994,4154.8193,0.90012985,4155.651,0.9151789
4161.6816,0.99494,4159.8384,0.92266774,4155.7764,0.90091205,4156.608,0.92442447
4162.6406,1.0015874,4160.797,0.93602127,4156.7334,0.9099251,4157.565,0.9375725
4163.599,0.99168783,4161.756,0.949804,4157.691,0.9272052,4158.5225,0.9596128
4164.5586,1.013301,4162.7144,0.9303042,4158.649,0.9412497,4159.4805,0.9627622
4165.5176,0.97744375,4163.674,0.9497509,4159.607,0.9333729,4160.4385,0.9751975
4166.4775,0.9702696,4164.633,0.95970505,4160.565,0.94788235,4161.3965,0.98001057
4167.437,0.9495343,4165.593,0.9245408,4161.5234,0.93764937,4162.355,0.98080915
4168.397,0.9270319,4166.5522,1.0674455,4162.4824,0.9627925,4163.314,1.0026585
4169.3574,0.95753616,4167.512,0.88700825,4163.441,0.9743539,4164.2725,1.0049915
4170.318,0.92135,4168.4727,0.9295526,4164.4004,0.9781197,4165.232,0.987671
4171.2783,0.8779784,4169.433,0.8975132,4165.3594,0.9687878,4166.191,0.9770072
4172.2393,0.824835,4170.3936,0.8894062,4166.3193,0.9397002,4167.151,0.9608685
4173.2,0.8016941,4171.3545,0.8546457,4167.279,0.92126197,4168.1104,0.95318264
4174.1616,0.79723793,4172.3154,0.8263974,4168.239,0.9422345,4169.0703,0.97065496
4175.123,0.83910275,4173.277,0.84237313,4169.199,0.9570737,4170.031,0.9488734
4176.085,0.85691804,4174.2383,0.8377182,4170.1597,0.93179226,4170.991,0.90028286
4177.047,0.8717177,4175.2,0.8633861,4171.12,0.88246006,4171.9517,0.8496766
4178.0093,0.87708044,4176.162,0.8648197,4172.081,0.8534676,4172.9126,0.83568454
4178.9717,0.9049921,4177.1245,0.87654674,4173.042,0.8512779,4173.8735,0.8574208
4179.934,0.9221333,4178.087,0.8617944,4174.0034,0.86791736,4174.835,0.8928008
4180.897,0.8907297,4179.0493,0.86751986,4174.965,0.88943994,4175.7964,0.90746987
4181.8604,0.8552894,4180.012,0.87775815,4175.927,0.90744007,4176.7583,0.9000023
4182.823,0.88153666,4180.9756,0.8795277,4176.8887,0.9003889,4177.72,0.89596117
4183.787,0.8989736,4181.9385,0.8976529,4177.851,0.8956465,4178.6826,0.9033532
4184.751,0.8784501,4182.9023,0.8819231,4178.8135,0.90988314,4179.645,0.9386292
4185.715,0.8972919,4183.866,0.86103684,4179.776,0.9300677,4180.6074,0.9379398
4186.6787,0.861866,4184.83,0.85859156,4180.739,0.94008934,4181.5703,0.9231145
4187.6436,0.8692903,4185.794,0.8743728,4181.702,0.91889304,4182.5337,0.89014333
4188.608,0.9042402,4186.759,0.87846136,4182.665,0.906155,4183.4966,0.90702486
4189.5728,0.8954397,4187.723,0.88771796,4183.629,0.9180073,4184.4604,0.91699725
4190.538,0.9068846,4188.688,0.8896375,4184.593,0.9204892,4185.4243,0.9216874
4191.5034,0.93189114,4189.6533,0.8935441,4185.5566,0.91913635,4186.388,0.90229505
4192.4688,0.95885223,4190.6187,0.9077124,4186.5205,0.90170574,4187.352,0.8713065
4193.4346,0.9478271,4191.584,0.9104308,4187.4854,0.87460136,4188.317,0.89166117
4194.4004,0.9526094,4192.55,0.91470826,4188.4497,0.89916235,4189.2812,0.9356752
4195.3667,0.9152867,4193.5156,0.9175031,4189.4146,0.938469,4190.246,0.9535888
4196.333,0.8462933,4194.482,0.9185246,4190.38,0.9471603,4191.2114,0.946446
4197.3,0.85607266,4195.448,0.90810037,4191.345,0.95212406,4192.177,0.9782702
4198.2666,0.8225253,4196.415,0.88467014,4192.3105,0.96612686,4193.142,0.9898452
4199.234,0.8154811,4197.382,0.88192636,4193.2764,0.9873676,4194.108,0.9848991
4200.201,0.8486731,4198.349,0.85820067,4194.242,0.9727909,4195.0737,0.94834316
4201.1685,0.8567499,4199.3164,0.8386303,4195.2085,0.93910176,4196.04,0.899929
4202.136,0.8619922,4200.2837,0.86436856,4196.175,0.9135886,4197.0063,0.89119244
4203.1045,0.8536015,4201.2515,0.8715011,4197.1416,0.88962454,4197.973,0.8610932
4204.0723,0.8783267,4202.2197,0.8716652,4198.1084,0.87446845,4198.94,0.86165553
4205.041,0.9047474,4203.1875,0.8957874,4199.0757,0.8750229,4199.907,0.89775187
4206.01,0.9413632,4204.1562,0.9044861,4200.043,0.90680826,4200.8745,0.89990884
4206.9785,0.92647845,4205.125,0.9143502,4201.0103,0.9012865,4201.842,0.90283906
4207.9478,0.92614263,4206.0938,0.92560726,4201.978,0.90256083,4202.8096,0.9097946
4208.917,0.91144097,4207.063,0.9329151,4202.9463,0.90843385,4203.778,0.9332973
4209.886,0.94405484,4208.032,0.93460923,4203.914,0.93391985,4204.7456,0.9375062
4210.856,0.95456266,4209.0015,0.91686463,4204.883,0.9366837,4205.7144,0.95839536
4211.826,0.9579651,4209.971,0.92560184,4205.8516,0.93107504,4206.683,0.9633406
4212.7964,0.95987564,4210.9414,0.9441586,4206.8203,0.9467214,4207.652,0.98051393
4213.7666,0.9702042,4211.9116,0.9507527,4207.7896,0.955569,4208.621,0.9634389
4214.7373,0.91899234,4212.882,0.9252824,4208.759,0.95000815,4209.5903,0.9735384
4215.7085,0.87519604,4213.8525,0.92162025,4209.728,0.941272,4210.5596,0.97757995
4216.679,0.90775776,4214.8237,0.91638,4210.6978,0.9535204,4211.5293,0.9847048
4217.651,0.9105674,4215.7944,0.8917674,4211.668,0.9592339,4212.4995,1.00477
4218.622,0.92100215,4216.766,0.88904303,4212.638,0.99870145,4213.4697,0.9843903
4219.594,0.93725264,4217.7373,0.89295924,4213.6084,0.95907843,4214.44,0.94438684
4220.566,0.93226045,4218.7095,0.90951943,4214.579,0.935276,4215.4106,0.9011289
4221.538,0.96302444,4219.681,0.9168249,4215.5503,0.9034784,4216.382,0.90919393
4222.5107,0.8958613,4220.6533,0.90305114,4216.521,0.90290034,4217.3525,0.9190707
4223.4834,0.89681596,4221.626,0.8931091,4217.4927,0.9285563,4218.324,0.94462
4224.456,0.8252906,4222.5986,0.87281215,4218.464,0.93969995,4219.2954,0.9653998
4225.429,0.7112467,4223.5713,0.8414064,4219.436,0.93907493,4220.2676,0.96944016
4226.403,0.7041821,4224.5444,0.8330684,4220.4077,0.9512438,4221.2393,0.98209834
4227.3765,0.73932225,4225.518,0.81080747,4221.38,0.967639,4222.2114,0.9552998
4228.35,0.8325052,4226.4917,0.78132075,4222.3525,0.947657,4223.184,0.9262016
4229.324,0.9190584,4227.4653,0.7814829,4223.325,0.92176294,4224.1567,0.8658141
4230.2983,0.94567674,4228.4395,0.8227078,4224.298,0.8694642,4225.1294,0.7811017
4231.273,0.96490186,4229.4136,0.87944424,4225.271,0.80095255,4226.1025,0.73299944
4232.2476,0.910042,4230.388,0.89975595,4226.2446,0.7683097,4227.076,0.7628754
4233.2227,0.87488544,4231.363,0.9252704,4227.2183,0.77924883,4228.05,0.86324435
4234.1978,0.8758576,4232.338,0.8986706,4228.192,0.89002544,4229.0234,0.93774813
4235.173,0.7992857,4233.313,0.8603,4229.166,0.9531439,4229.9976,0.9686188
4236.1484,0.86527795,4234.288,0.834602,4230.14,0.9752309,4230.9717,0.9728181
4237.1245,0.83262944,4235.2637,0.85928875,4231.1147,0.9701239,4231.9463,0.94665575
4238.1006,0.85846496,4236.2397,0.8549033,4232.0894,0.92687404,4232.921,0.92063284
4239.0767,0.85410386,4237.216,0.84578514,4233.0645,0.9149935,4233.896,0.90523267
4240.053,0.85556024,4238.192,0.8811822,4234.0396,0.90037656,4234.871,0.90229243
4241.03,0.8834639,4239.1685,0.8904011,4235.0146,0.8931682,4235.846,0.88887566
4242.007,0.9181242,4240.145,0.8721888,4235.99,0.89743996,4236.822,0.886112
4242.984,0.9252506,4241.122,0.88624066,4236.9663,0.8815728,4237.798,0.9024409
4243.9614,0.9138605,4242.099,0.92296237,4237.9424,0.9026254,4238.774,0.8906009
4244.939,0.9056441,4243.0767,0.9153368,4238.9185,0.8971952,4239.75,0.9047082
4245.917,0.9003467,4244.054,0.8922079,4239.895,0.9005131,4240.7266,0.9314669
4246.895,0.88452655,4245.032,0.897105,4240.8716,0.92111915,4241.703,0.94439036
4247.873,0.84867096,4246.0103,0.8659494,4241.8486,0.94501895,4242.68,0.93994164
4248.8516,0.84919435,4246.9883,0.8534771,4242.8257,0.93886435,4243.657,0.9482311
4249.8306,0.8225043,4247.967,0.85978013,4243.803,0.939953,4244.635,0.9583683
4250.809,0.8651121,4248.946,0.8584884,4244.781,0.9476115,4245.6123,0.91677326
4251.7886,0.9303596,4249.9243,0.8640198,4245.759,0.9048351,4246.5903,0.8922205
4252.768,0.92039347,4250.904,0.8576678,4246.737,0.87246305,4247.5684,0.8813644
4253.7476,0.8729355,4251.8833,0.86319053,4247.715,0.8675392,4248.5464,0.8783069
4254.7275,0.87935406,4252.863,0.8702157,4248.6934,0.8779688,4249.525,0.8828599
4255.7075,0.90574217,4253.843,0.89768475,4249.6724,0.8797631,4250.504,0.8828026
4256.688,0.8934365,4254.8228,0.8981411,4250.651,0.8802113,4251.4824,0.92199224
4257.6685,0.9096903,4255.803,0.8940569,4251.6304,0.91910946,4252.462,0.9391785
4258.649,0.8757762,4256.7837,0.8990407,4252.61,0.9359921,4253.4414,0.92986375
4259.63,0.79944706,4257.764,0.8845232,4253.5894,0.9222353,4254.421,0.90590936
4260.6113,0.8013896,4258.745,0.8721164,4254.5693,0.89884776,4255.401,0.9199452
4261.593,0.83744127,4259.7266,0.86448336,4255.5493,0.9145608,4256.381,0.9334998
4262.574,0.8987564,4260.708,0.85437363,4256.53,0.9380712,4257.3613,0.9550261
4263.556,0.9458123,4261.6895,0.8723868,4257.5103,0.9372278,4258.342,0.90543354
4264.5386,0.9535276,4262.6714,0.90131134,4258.4907,0.90633094,4259.3223,0.8554175
4265.521,0.9441442,4263.654,0.9131411,4259.4717,0.8524451,4260.303,0.8373853
4266.5034,0.94341606,4264.636,0.926541,4260.453,0.84382397,4261.2847,0.88395905
4267.4863,0.9118298,4265.6187,0.9211656,4261.4346,0.87820786,4262.266,0.9319224
4268.469,0.8785183,4266.6016,0.90256876,4262.416,0.9221185,4263.2476,0.9587261
4269.4526,0.89458185,4267.5845,0.891947,4263.398,0.9521951,4264.2295,0.9767438
4270.436,0.8044388,4268.568,0.86684865,4264.3804,0.96135414,4265.212,0.9679561
4271.4194,0.78615314,4269.5513,0.8699099,4265.363,0.9571108,4266.1943,0.9431727
4272.404,0.7897166,4270.5347,0.82684165,4266.345,0.9537201,4267.177,0.9325268
4273.3877,0.82240856,4271.519,0.8332996,4267.328,0.9340037,4268.1597,0.92189467
4274.372,0.8104108,4272.503,0.81939894,4268.311,0.93099976,4269.1426,0.8967139
4275.357,0.8700639,4273.4873,0.8459216,4269.2944,0.91095483,4270.126,0.85711914
4276.342,0.9092879,4274.472,0.8475774,4270.278,0.86950314,4271.1094,0.80767685
4277.3267,0.91351926,4275.457,0.871774,4271.261,0.8291398,4272.093,0.80631834
4278.312,0.95859504,4276.442,0.90124553,4272.2456,0.8277113,4273.077,0.83528095
4279.2974,0.9351784,4277.4272,0.90359735,4273.2295,0.86806,4274.061,0.8620644
4280.283,0.9146899,4278.4126,0.9163891,4274.214,0.8791954,4275.0454,0.8603927
4281.269,0.8533758,4279.3984,0.9249184,4275.1987,0.901795,4276.0303,0.9062427
4282.2554,0.9181855,4280.3843,0.9110632,4276.1836,0.92376524,4277.015,0.9531791
4283.2417,0.882297,4281.3706,0.8977017,4277.1685,0.95166487,4278.0,0.9492205
4284.2285,0.8958279,4282.357,0.87166524,4278.154,0.95205206,4278.9854,0.9378499
4285.2153,0.8552311,4283.3438,0.8654593,4279.139,0.9335368,4279.9707,0.91686505
4286.2026,0.8664184,4284.3306,0.8414323,4280.125,0.9201085,4280.9565,0.9011007
4287.19,0.8486686,4285.318,0.8613549,4281.111,0.89964795,4281.9424,0.9097124
4288.1772,0.83269703,4286.305,0.85576004,4282.097,0.899311,4282.9287,0.910775
4289.165,0.7411601,4287.2925,0.8270842,4283.0835,0.8989142,4283.915,0.90863466
4290.1533,0.7820672,4288.2803,0.8287979,4284.0703,0.89782065,4284.902,0.9056222
4291.1416,0.77550805,4289.2686,0.8121256,4285.057,0.9103495,4285.8887,0.87470347
4292.13,0.88294023,4290.257,0.79789835,4286.0444,0.88357234,4286.876,0.8785415
4293.1187,0.8549984,4291.245,0.81968766,4287.0317,0.88146615,4287.8633,0.839672
4294.1074,0.86561483,4292.234,0.83532107,4288.019,0.85020524,4288.8506,0.79514
4295.0967,0.83024395,4293.2227,0.86164093,4289.007,0.8111643,4289.8384,0.77392405
4296.086,0.825156,4294.212,0.8451997,4289.995,0.7953877,4290.8267,0.81428874
4297.0757,0.8033758,4295.201,0.82676107,4290.9834,0.8331697,4291.815,0.88132644
4298.0654,0.75203526,4296.191,0.8093131,4291.9717,0.89974755,4292.803,0.89890367
4299.0557,0.7092741,4297.1807,0.78940254,4292.9604,0.9042569,4293.792,0.89156026
4300.046,0.6796615,4298.171,0.79109925,4293.949,0.88843906,4294.781,0.88154334
4301.0366,0.6964661,4299.161,0.75947964,4294.9385,0.87419,4295.77,0.8778411
4302.0273,0.69743043,4300.152,0.7171182,4295.9277,0.8800831,4296.7593,0.8494474
4303.018,0.7252936,4301.1426,0.7135529,4296.9175,0.8661485,4297.749,0.8076636
4304.0093,0.7082422,4302.1333,0.72098917,4297.907,0.8081586,4298.739,0.75277877
4305.001,0.7610966,4303.1245,0.73578775,4298.8975,0.7645726,4299.729,0.71989405
4305.9927,0.740197,4304.116,0.7500649,4299.8877,0.7373738,4300.719,0.7223619
4306.9844,0.66632086,4305.108,0.7694889,4300.8784,0.7483741,4301.71,0.7404485
4307.9766,0.6900315,4306.0996,0.7538528,4301.869,0.75920665,4302.7007,0.7533923
4308.9688,0.6814833,4307.092,0.7535466,4302.86,0.78153175,4303.6914,0.7681375
4309.9614,0.70573604,4308.084,0.74372745,4303.851,0.7925394,4304.6826,0.7955456
4310.954,0.75351834,4309.0767,0.7185402,4304.843,0.8169541,4305.6743,0.7880292
4311.9473,0.79569656,4310.0693,0.7664429,4305.8345,0.8093578,4306.666,0.75101584
4312.9404,0.810506,4311.0625,0.8231392,4306.826,0.7723873,4307.6577,0.7235013
4313.934,0.7897829,4312.0557,0.8307302,4307.8184,0.75359434,4308.65,0.72637355
4314.9277,0.82259995,4313.0493,0.85162324,4308.8105,0.73736423,4309.642,0.7583733
4315.922,0.89999455,4314.043,0.8643414,4309.803,0.7895657,4310.635,0.7969753
4316.916,0.9566795,4315.037,0.8541536,4310.796,0.8173597,4311.6274,0.8324198
4317.91,0.96828467,4316.0312,0.8921415,4311.789,0.8487568,4312.6206,0.8335628
4318.905,0.94080245,4317.0254,0.90714884,4312.782,0.84507877,4313.614,0.84272903
4319.9,0.9240754,4318.02,0.94294626,4313.776,0.83827055,4314.6074,0.87028027
4320.895,0.90697676,4319.015,0.9131009,4314.7695,0.86432606,4315.601,0.9209664
4321.89,0.9067933,4320.0103,0.89709187,4315.7637,0.91077113,4316.595,0.9842126
4322.8857,0.8826103,4321.0054,0.87533146,4316.758,0.9655486,4317.5894,0.98253036
4323.882,0.80248576,4322.001,0.85911983,4317.752,0.9642297,4318.5835,0.96923816
4324.8774,0.7687633,4322.997,0.84505373,4318.7466,0.95233315,4319.578,0.9523014
4325.874,0.7477028,4323.9927,0.85130596,4319.7417,0.9303066,4320.573,0.94520736
4326.87,0.79817575,4324.9893,0.8291651,4320.737,0.9236755,4321.5684,0.9249412
4327.867,0.8549137,4325.9854,0.8321219,4321.732,0.9168488,4322.5635,0.9040271
4328.864,0.915716,4326.9824,0.83909506,4322.7275,0.9070117,4323.559,0.8611966
4329.8613,0.9323355,4327.979,0.8595536,4323.7236,0.8542298,4324.555,0.7885636
4330.8584,0.9124762,4328.9766,0.88204366,4324.719,0.7986017,4325.551,0.7766755
4331.856,0.8958187,4329.9736,0.90351266,4325.716,0.7788244,4326.5474,0.81996554
4332.854,0.8754131,4330.971,0.8887519,4326.712,0.82776386,4327.5435,0.89811414
4333.852,0.8721683,4331.969,0.8977661,4327.709,0.88922703,4328.5405,0.9307998
4334.8506,0.8701202,4332.9673,0.88716865,4328.7056,0.91147333,4329.537,0.9263408
4335.849,0.8334091,4333.966,0.85890776,4329.703,0.9187521,4330.5347,0.9186854
4336.8477,0.7594652,4334.9644,0.8397691,4330.7,0.9004969,4331.5317,0.89564687
4337.8467,0.6671099,4335.963,0.79563785,4331.6978,0.88857853,4332.5293,0.91627777
4338.8457,0.59014773,4336.962,0.7468314,4332.696,0.89191234,4333.5273,0.9142818
4339.845,0.52876556,4337.961,0.696381,4333.694,0.88310874,4334.5254,0.88852745
4340.845,0.5506484,4338.9604,0.64576983,4334.6924,0.8685948,4335.524,0.85377467
4341.845,0.61665577,4339.9604,0.6020197,4335.691,0.8311536,4336.5225,0.7762771
4342.845,0.6688022,4340.9604,0.59486276,4336.6895,0.7623518,4337.521,0.69706106
4343.8457,0.73627996,4341.9604,0.61418897,4337.6885,0.68807715,4338.52,0.6092986
4344.846,0.7903537,4342.961,0.6673549,4338.6875,0.59763956,4339.519,0.5340316
4345.847,0.85640895,4343.9614,0.732638,4339.687,0.517839,4340.5186,0.5101813
4346.848,0.8514145,4344.9624,0.79018927,4340.687,0.5013262,4341.5186,0.5965034
4347.8496,0.88407636,4345.9634,0.8278886,4341.687,0.5711017,4342.5186,0.6986165
4348.851,0.91790265,4346.965,0.84068763,4342.687,0.67374223,4343.5186,0.7513356
4349.8525,0.89485556,4347.9663,0.85783654,4343.6875,0.73507106,4344.519,0.7974586
4350.8545,0.81127214,4348.968,0.8488038,4344.688,0.7789801,4345.5195,0.8496411
4351.857,0.78081787,4349.9697,0.86907554,4345.689,0.8229286,4346.5205,0.8770521
4352.8594,0.8026072,4350.972,0.8651256,4346.69,0.8576442,4347.5215,0.89163196
4353.862,0.867025,4351.9746,0.83761823,4347.6914,0.87994874,4348.523,0.9183225
4354.8647,0.8989614,4352.977,0.8440004,4348.693,0.90259504,4349.5244,0.91006356
4355.868,0.9332075,4353.98,0.8530264,4349.6943,0.88953656,4350.526,0.8528905
4356.8716,0.9280473,4354.9834,0.89000314,4350.6963,0.8408211,4351.528,0.798882
4357.875,0.93307054,4355.987,0.8864749,4351.6987,0.8003713,4352.5303,0.82149637
4358.879,0.8851071,4356.99,0.90829366,4352.701,0.8211114,4353.5327,0.87821275
4359.883,0.9426603,4357.994,0.90985024,4353.7036,0.8772251,4354.535,0.91393155
4360.887,0.9894977,4358.998,0.91273063,4354.7065,0.9067461,4355.538,0.9257031
4361.892,0.9668557,4360.0024,0.92359966,4355.71,0.9267716,4356.5415,0.9463597
4362.8965,0.9866405,4361.0073,0.9284263,4356.7134,0.93584144,4357.545,0.9300705
4363.902,1.0104221,4362.0117,0.94824064,4357.717,0.9305876,4358.5483,0.9204493
4364.9067,1.0194166,4363.017,0.9728909,4358.7207,0.92116755,4359.5522,0.9310729
4365.912,0.9942931,4364.022,0.95893484,4359.7246,0.92323416,4360.556,0.952893
4366.918,0.9674782,4365.0273,0.9424881,4360.729,0.94740784,4361.5605,0.97036356
4367.924,0.9085356,4366.033,0.95007235,4361.734,0.96511215,4362.5654,0.9818866
4368.93,0.92421424,4367.039,0.9207338,4362.7383,0.9670405,4363.57,0.9822465
4369.9365,0.9374471,4368.0454,0.9146387,4363.7437,0.9671027,4364.575,1.0034823
4370.943,0.93220806,4369.052,0.912776,4364.7485,0.98473865,4365.58,0.99156636
4371.95,0.9532108,4370.058,0.90236145,4365.754,0.97527474,4366.5854,0.9592142
4372.957,0.9171629,4371.0654,0.9077662,4366.76,0.9406892,4367.5913,0.9225997
4373.9644,0.85692376,4372.0723,0.90670717,4367.7656,0.9220809,4368.597,0.9337572
4374.9717,0.8405595,4373.0796,0.896055,4368.772,0.91950464,4369.6035,0.94713795
4375.9795,0.8678452,4374.087,0.88729966,4369.7783,0.9331937,4370.61,0.95087045
4376.988,0.943369,4375.0947,0.8887202,4370.7847,0.9327632,4371.616,0.9630298
4377.996,0.9688537,4376.103,0.8876892,4371.792,0.9530363,4372.6235,0.940848
4379.0044,0.96830153,4377.1113,0.90241086,4372.799,0.9324923,4373.6304,0.8968826
4380.013,0.9454726,4378.1196,0.9389765,4373.806,0.90088844,4374.6377,0.86865234
4381.022,0.9236849,4379.1284,0.92886096,4374.8135,0.8785715,4375.645,0.88478607
4382.0312,0.8469138,4380.137,0.9123961,4375.8213,0.8884335,4376.653,0.9307736
4383.0405,0.72662,4381.1465,0.9052891,4376.8296,0.93412024,4377.661,0.9702356
4384.0503,0.70360786,4382.156,0.87351906,4377.838,0.97463256,4378.6694,0.9693941
4385.06,0.7719251,4383.1655,0.85180354,4378.846,0.9721665,4379.6777,0.96476305
4386.0703,0.8394929,4384.1753,0.81743634,4379.855,0.9727686,4380.6865,0.9619729
4387.0806,0.85817045,4385.1855,0.81725997,4380.864,0.9613053,4381.6953,0.90866727
4388.0913,0.8874885,4386.196,0.8435575,4381.873,0.9088547,4382.7046,0.81878006
4389.102,0.8713957,4387.2065,0.8633962,4382.8823,0.8392334,4383.714,0.7524742
4390.113,0.87821245,4388.2173,0.8777883,4383.892,0.77236724,4384.7236,0.78464097
4391.1245,0.8939643,4389.228,0.8926949,4384.902,0.8166067,4385.7334,0.86464286
4392.1357,0.9206237,4390.2397,0.9085011,4385.912,0.8790978,4386.7437,0.89728165
4393.1475,0.9199548,4391.251,0.9019314,4386.9224,0.91595685,4387.754,0.9087803
4394.1597,0.87043566,4392.2627,0.91582274,4387.933,0.9181642,4388.7646,0.91279227
4395.172,0.8698372,4393.275,0.91445017,4388.944,0.91680866,4389.7754,0.89633346
4396.184,0.9142495,4394.287,0.8981604,4389.9546,0.9178542,4390.786,0.8991592
4397.197,0.9393234,4395.2993,0.9019593,4390.9663,0.9227979,4391.798,0.92738765
4398.2095,0.9396128,4396.312,0.8817718,4391.9775,0.943084,4392.809,0.9269722
4399.2227,0.90907973,4397.3247,0.8966343,4392.9893,0.9425119,4393.821,0.908989
4400.2363,0.86166734,4398.338,0.9226518,4394.0015,0.9123189,4394.833,0.8818083
4401.25,0.844996,4399.3516,0.89758366,4395.0137,0.8919881,4395.845,0.9027752
4402.2637,0.9297352,4400.365,0.896149,4396.026,0.90961456,4396.8574,0.9578988
4403.278,0.8547328,4401.379,0.87264735,4397.0386,0.96236646,4397.87,0.9569719
4404.292,0.826954,4402.393,0.86598754,4398.0513,0.9629823,4398.883,0.92390215
4405.3066,0.8306564,4403.407,0.88374674,4399.0645,0.9251618,4399.896,0.88876134
4406.3213,0.8833396,4404.422,0.8794585,4400.078,0.8934208,4400.9097,0.8841581
4407.3364,0.8924328,4405.4365,0.8751492,4401.092,0.8883006,4401.9233,0.918916
4408.3516,0.8609985,4406.4517,0.88472307,4402.1055,0.9218742,4402.937,0.9205246
4409.367,0.90334904,4407.467,0.89815444,4403.1196,0.9242187,4403.951,0.8848276
4410.383,0.9234905,4408.4824,0.9163283,4404.134,0.89086306,4404.9653,0.86894107
4411.3984,0.96246237,4409.498,0.9293045,4405.1484,0.8827567,4405.98,0.90591186
4412.4146,0.98253536,4410.5137,0.928705,4406.163,0.91441476,4406.9946,0.91765386
4413.431,0.9503113,4411.53,0.9295488,4407.178,0.9341999,4408.01,0.9092009
4414.4478,0.88094044,4412.5464,0.938857,4408.1934,0.9180758,4409.025,0.92377913
4415.465,0.842271,4413.563,0.9281779,4409.209,0.9231582,4410.0405,0.94670826
4416.482,0.8467729,4414.58,0.8990094,4410.2246,0.94819206,4411.056,0.9791908
4417.499,0.9008813,4415.597,0.89163524,4411.24,0.9697363,4412.072,0.98650116
4418.5166,0.94466966,4416.6143,0.8837605,4412.2563,0.97742444,4413.088,0.970331
4419.5347,0.9501989,4417.632,0.8854238,4413.273,0.96595466,4414.1045,0.91529906
4420.5527,0.97963053,4418.65,0.9146979,4414.2896,0.9155459,4415.121,0.87395376
4421.571,0.93643785,4419.668,0.9142326,4415.3066,0.8838859,4416.138,0.8688654
4422.5894,0.8972013,4420.686,0.9323412,4416.3237,0.8802678,4417.1553,0.90646464
4423.608,0.9166791,4421.7046,0.94937193,4417.341,0.923947,4418.1724,0.94517124
4424.627,0.9219429,4422.723,0.9364574,4418.3584,0.94366825,4419.19,0.97447747
4425.6465,0.91584545,4423.742,0.9151017,4419.3765,0.9828166,4420.208,0.99438995
4426.6655,0.9071673,4424.7617,0.9067988,4420.3945,0.98397344,4421.226,0.96186435
4427.6855,0.939808,4425.781,0.92798984,4421.4126,0.96881026,4422.244,0.9405336
4428.705,0.93485355,4426.801,0.93055123,4422.431,0.94583976,4423.2627,0.93426645
4429.7256,0.9191103,4427.8203,0.9161512,4423.4497,0.94934326,4424.2812,0.9555782
4430.746,0.9047262,4428.841,0.9164581,4424.4688,0.95816106,4425.3003,0.9470184
4431.7666,0.8851513,4429.8613,0.9186627,4425.4883,0.9449705,4426.32,0.93082654
4432.787,0.90142477,4430.882,0.92527425,4426.5073,0.9451283,4427.339,0.9538219
4433.8086,0.87577266,4431.9023,0.8968391,4427.5273,0.9639554,4428.359,0.95793176
4434.8296,0.84480107,4432.924,0.8872576,4428.547,0.9537643,4429.3784,0.9482446
4435.8516,0.8567311,4433.945,0.89548254,4429.5674,0.9590314,4430.399,0.93986696
4436.873,0.92424464,4434.967,0.90320796,4430.588,0.9524475,4431.4194,0.93314993
4437.895,0.95990163,4435.9883,0.8948972,4431.6084,0.9514316,4432.44,0.94121355
4438.9175,0.96898055,4437.0103,0.91953945,4432.629,0.9408375,4433.4604,0.9069211
4439.94,0.9531142,4438.0327,0.93429303,4433.6504,0.92399305,4434.482,0.8756718
4440.963,0.921796,4439.055,0.93832034,4434.6714,0.8891608,4435.503,0.87778366
4441.986,0.8800623,4440.078,0.93046546,4435.6934,0.89431,4436.525,0.9218147
4443.009,0.84271216,4441.101,0.9252684,4436.715,0.94028217,4437.5464,0.97566456
4444.032,0.86915344,4442.124,0.9181819,4437.737,0.98471355,4438.5684,0.99418044
4445.056,0.922763,4443.1475,0.88159335,4438.7593,0.994202,4439.591,0.98507595
4446.08,0.94385815,4444.1714,0.8819053,4439.7817,0.9814372,4440.6133,0.94021076
4447.104,0.94146144,4445.1953,0.9049803,4440.8047,0.9627559,4441.636,0.8972641
4448.1284,0.9258072,4446.219,0.91796124,4441.8276,0.91250175,4442.659,0.8741987
4449.1533,0.9336735,4447.2437,0.9270165,4442.8506,0.8806268,4443.682,0.88828284
4450.1777,0.931496,4448.2686,0.91728157,4443.874,0.8959219,4444.7056,0.9351736
4451.203,0.9133138,4449.293,0.9098746,4444.898,0.9411408,4445.7295,0.96552765
4452.2285,0.9429194,4450.3184,0.9046566,4445.922,0.9734681,4446.7534,0.95514095
4453.254,0.9169477,4451.3438,0.8960019,4446.946,0.95432943,4447.7773,0.9472366
4454.28,0.8436494,4452.369,0.89550894,4447.97,0.9534232,4448.802,0.9527099
4455.3057,0.795166,4453.395,0.8959033,4448.995,0.95254487,4449.8267,0.9581459
4456.332,0.797687,4454.421,0.8714509,4450.0195,0.9483323,4450.851,0.9532204
4457.3584,0.85105044,4455.4473,0.8484319,4451.045,0.9369245,4451.8765,0.9563413
4458.3853,0.83099484,4456.4736,0.8505208,4452.0703,0.9611586,4452.902,0.94309366
4459.412,0.839767,4457.5005,0.87483484,4453.0957,0.94151634,4453.9272,0.8926879
4460.4395,0.8493943,4458.5273,0.874232,4454.1216,0.89748627,4454.953,0.85461646
4461.467,0.84832054,4459.5547,0.87411094,4455.1475,0.85285467,4455.979,0.8634841
4462.4946,0.8680435,4460.582,0.8836998,4456.174,0.87652814,4457.0054,0.8923505
4463.5225,0.87592214,4461.61,0.8752053,4457.2,0.89452976,4458.0317,0.8951514
4464.551,0.93492216,4462.6377,0.8882792,4458.227,0.90050673,4459.0586,0.89541525
4465.579,0.91189885,4463.666,0.8990792,4459.254,0.9075421,4460.0854,0.89836246
4466.608,0.9052001,4464.6943,0.90029764,4460.2812,0.90788436,4461.113,0.88757306
4467.6367,0.8832533,4465.723,0.90513265,4461.3086,0.90843004,4462.14,0.8942296
4468.666,0.87483186,4466.752,0.88646686,4462.3364,0.9127604,4463.168,0.9174764
4469.6953,0.86393076,4467.7812,0.88113844,4463.3643,0.9346858,4464.196,0.93853045
4470.7246,0.89447016,4468.8105,0.8980617,4464.3926,0.94817394,4465.224,0.92968684
4471.755,0.9175082,4469.84,0.9028804,4465.421,0.943132,4466.2524,0.9270284
4472.7847,0.95961094,4470.87,0.9087524,4466.4497,0.9421044,4467.2812,0.9167891
4473.815,0.9620915,4471.9,0.90445626,4467.4785,0.9184359,4468.31,0.8982971
4474.8457,0.9602878,4472.93,0.9389902,4468.508,0.9126266,4469.3394,0.885645
4475.8765,0.96486956,4473.961,0.95553064,4469.537,0.899891,4470.3687,0.9118215
4476.907,0.95110077,4474.9917,0.95582587,4470.5664,0.92670333,4471.398,0.9540018
4477.9385,1.0001739,4476.0225,0.953027,4471.5967,0.9597694,4472.428,0.96850765
4478.97,0.9634327,4477.0537,0.93569887,4472.6265,0.9777695,4473.458,0.983607
4480.002,0.8874592,4478.0854,0.92817813,4473.6567,0.98786676,4474.4883,0.97143054
4481.0337,0.82309765,4479.117,0.92767674,4474.6875,0.97636527,4475.519,0.9108203
4482.066,0.81701785,4480.149,0.9111886,4475.7183,0.9640564,4476.55,0.9581714
4483.0986,0.91504097,4481.181,0.8926146,4476.749,0.9661355,4477.5806,0.9831858
4484.1313,0.9305346,4482.214,0.8824446,4477.7803,0.9795177,4478.612,0.9758088
4485.164,0.95409226,4483.2466,0.890117,4478.812,0.97058517,4479.6436,0.9163018
4486.1973,0.97081536,4484.2793,0.91792697,4479.8438,0.9233362,4480.6753,0.8622353
4487.2305,0.95671856,4485.3125,0.9353982,4480.8755,0.8676969,4481.707,0.84964937
4488.264,0.9097153,4486.3457,0.9378971,4481.9077,0.85941774,4482.7393,0.8945746
4489.2983,0.86620456,4487.3794,0.9374578,4482.9404,0.9029912,4483.772,0.9460617
4490.332,0.88068455,4488.4136,0.9374653,4483.973,0.95017725,4484.8047,0.98181015
4491.3667,0.9334439,4489.4473,0.9342245,4485.006,0.9771086,4485.8374,0.97486734
4492.4014,0.93942314,4490.482,0.9082787,4486.039,0.9812874,4486.8706,0.98550326
4493.436,0.9460308,4491.5166,0.90453845,4487.0723,0.9779574,4487.904,0.95901024
4494.471,0.92025506,4492.5513,0.915684,4488.106,0.9553177,4488.9375,0.914464
4495.5063,0.8979948,4493.5864,0.94568956,4489.14,0.9249445,4489.9717,0.9089828
4496.542,0.9117378,4494.6216,0.93264884,4490.174,0.92124844,4491.0054,0.93049663
4497.5776,0.9612937,4495.657,0.9306693,4491.2085,0.9467762,4492.04,0.969724
4498.614,0.9793451,4496.693,0.92717016,4492.243,0.9733248,4493.0747,0.96685475
4499.65,0.95608103,4497.729,0.94386005,4493.278,0.9680357,4494.1094,0.9371129
4500.6865,0.9349534,4498.765,0.9444194,4494.313,0.9532471,4495.1445,0.92698735
4501.723,0.9333503,4499.802,0.95257777,4495.348,0.9480468,4496.1797,0.9518137
4502.7603,0.9751297,4500.8384,0.9590561,4496.384,0.9517658,4497.2153,0.9682523
4503.7974,1.0156325,4501.8755,0.9431873,4497.4194,0.9756267,4498.251,0.9795976
4504.835,1.0013734,4502.9126,0.96087426,4498.4556,0.97788584,4499.287,0.969777
4505.8726,0.98053414,4503.95,0.9700581,4499.4917,0.98741716,4500.323,0.9609793
4506.91,0.98454696,4504.988,0.9625375,4500.5283,0.9558164,4501.36,0.956993
4507.9487,0.9673371,4506.0254,0.9891272,4501.565,0.9528533,4502.3965,0.9718722
4508.987,0.94855213,4507.064,0.9769238,4502.602,0.97497475,4503.4336,1.01593
4510.0254,0.9910577,4508.102,0.97996926,4503.639,1.009866,4504.4707,1.0184838
4511.0645,1.0058067,4509.1406,0.9706978,4504.677,1.0134065,4505.5083,1.0240119
4512.1035,0.9706017,4510.1797,0.96844447,4505.7144,1.013083,4506.546,1.0086879
4513.143,0.9508523,4511.2188,0.97528917,4506.752,1.0069292,4507.5835,0.9936377
4514.1826,0.9373013,4512.2583,0.9668132,4507.7905,0.9840816,4508.622,0.98114187
4515.222,0.9338721,4513.298,0.9819972,4508.8286,0.9803252,4509.66,1.0007383
4516.2627,0.94264925,4514.3374,0.9530907,4509.867,0.9921527,4510.6987,1.0057867
4517.3027,0.9446065,4515.378,0.9447573,4510.9062,1.0090542,4511.738,0.98956656
4518.3433,0.9336233,4516.418,0.96225464,4511.9453,1.0025477,4512.777,0.97874236
4519.3843,0.9413596,4517.4585,0.9494901,4512.985,0.98459536,4513.8164,0.96679354
4520.4253,0.9583161,4518.4995,0.9442952,4514.0244,0.9827262,4514.856,0.94988596
4521.4663,0.9521549,4519.5405,0.93958396,4515.064,0.96611625,4515.8955,0.95736665
4522.508,0.9146863,4520.5815,0.9420455,4516.1045,0.9765865,4516.936,0.957475
4523.55,0.9450731,4521.623,0.9385983,4517.1445,0.9748168,4517.976,0.96607137
4524.592,0.9343279,4522.665,0.91929895,4518.185,0.97599846,4519.0166,0.9632673
4525.634,0.8958049,4523.707,0.914237,4519.226,0.9705538,4520.0576,0.9828309
4526.6763,0.86772776,4524.749,0.90939456,4520.267,0.9857555,4521.0986,0.9523898
4527.719,0.889383,4525.7915,0.90163326,4521.308,0.9683652,4522.1396,0.95539224
4528.762,0.8442543,4526.8345,0.90105426,4522.3496,0.9630437,4523.181,0.9410268
4529.805,0.8512318,4527.8774,0.89808965,4523.3916,0.9458903,4524.223,0.94540125
4530.8486,0.86104506,4528.9204,0.88411665,4524.4336,0.95883757,4525.265,0.9333041
4531.8926,0.8851961,4529.964,0.8686332,4525.4756,0.942478,4526.307,0.9128364
4532.9365,0.877013,4531.008,0.87467164,4526.518,0.93625045,4527.3496,0.8944216
4533.9805,0.8612804,4532.052,0.87682676,4527.561,0.9045478,4528.3926,0.88442737
4535.025,0.84585994,4533.0957,0.871688,4528.604,0.91188866,4529.4355,0.87864643
4536.0693,0.9129297,4534.14,0.88796675,4529.647,0.8896121,4530.4785,0.9010171
4537.1143,0.9349904,4535.1846,0.89786094,4530.6904,0.9251927,4531.522,0.91599816
4538.1597,0.98628575,4536.2295,0.8875695,4531.7344,0.9312143,4532.566,0.906529
4539.205,0.9394661,4537.275,0.91935605,4532.7783,0.9164543,4533.61,0.8784099
4540.2505,0.92440456,4538.3203,0.9446547,4533.8223,0.89147764,4534.654,0.85871065
4541.2964,0.93416196,4539.3657,0.95715845,4534.8667,0.87524146,4535.698,0.9071435
4542.3423,0.9537449,4540.4116,0.94250107,4535.911,0.9138322,4536.7427,0.96413255
4543.3887,0.937697,4541.4575,0.9460612,4536.956,0.9620865,4537.7876,0.9963378
4544.435,0.9226086,4542.504,0.93309677,4538.0015,1.0036044,4538.833,0.9958175
4545.482,0.93151647,4543.5503,0.93845683,4539.047,0.99825394,4539.8784,0.9690776
4546.5293,0.9092277,4544.597,0.9224195,4540.0923,0.9750513,4540.924,0.96314573
4547.5767,0.93274516,4545.6445,0.9225825,4541.138,0.96795815,4541.9697,0.96911097
4548.624,0.86904126,4546.692,0.9129186,4542.184,0.97074777,4543.0156,0.9816414
4549.672,0.839091,4547.7393,0.9141139,4543.2305,0.9840484,4544.062,0.96715987
4550.7197,0.8529626,4548.787,0.9061067,4544.277,0.97403765,4545.1084,0.9445362
4551.768,0.9246771,4549.835,0.8804374,4545.3237,0.9659369,4546.1553,0.94593006
4552.8164,0.89972603,4550.8833,0.8717482,4546.371,0.97495914,4547.2026,0.94579387
4553.865,0.9043898,4551.9316,0.8793125,4547.4185,0.95711267,4548.25,0.9008594
4554.914,0.8585612,4552.9805,0.9155929,4548.466,0.9126066,4549.2974,0.8725096
4555.9634,0.8771389,4554.0293,0.9159566,4549.5137,0.896855,4550.345,0.892124
4557.0127,0.9290989,4555.0786,0.90500647,4550.5615,0.9066435,4551.393,0.93844354
4558.0625,0.9446557,4556.128,0.9089542,4551.61,0.9490323,4552.4414,0.9446856
4559.1123,0.9770849,4557.1777,0.9290135,4552.658,0.95958394,4553.4897,0.9169806
4560.1626,0.9634961,4558.2275,0.9421148,4553.707,0.92960966,4554.5386,0.90885216
4561.213,0.97758675,4559.278,0.9435641,4554.756,0.905456,4555.5874,0.9084216
4562.2637,0.9625116,4560.328,0.9416495,4555.805,0.90432173,4556.6367,0.936512
4563.315,0.9614835,4561.379,0.9487262,4556.8545,0.9518252,4557.686,0.9690269
4564.3657,0.9122588,4562.43,0.947852,4557.9043,0.9751913,4558.736,0.9777644
4565.4175,0.9152805,4563.481,0.9443154,4558.954,0.9810635,4559.7856,0.98173434
4566.4688,0.9364358,4564.5327,0.9462045,4560.0044,0.9765131,4560.836,1.0036557
4567.521,0.9808086,4565.584,0.92860067,4561.0547,1.0003325,4561.886,0.9917369
4568.5728,0.9944228,4566.636,0.9458334,4562.1055,0.9972593,4562.937,0.9676579
4569.6255,0.9763234,4567.688,0.9512465,4563.1567,0.97065836,4563.9883,0.93875134
4570.6777,0.93932426,4568.7407,0.9493085,4564.2075,0.95272124,4565.039,0.93515474
4571.7305,0.9339046,4569.793,0.95916164,4565.2593,0.9547251,4566.091,0.95909077
4572.7837,0.94554067,4570.8457,0.9527622,4566.3105,0.9766892,4567.142,0.9796526
4573.837,0.9563105,4571.899,0.9426434,4567.363,0.99418,4568.1943,0.99456906
4574.8906,0.9419247,4572.952,0.9401612,4568.4146,1.0053731,4569.246,0.9906775
4575.9443,0.9619649,4574.006,0.9563883,4569.4673,1.003668,4570.299,0.9691276
4576.9985,0.9733581,4575.0596,0.95943594,4570.5195,0.97746474,4571.351,0.9364586
4578.0527,0.9541128,4576.114,0.9608446,4571.5723,0.951843,4572.404,0.93885005
4579.1074,0.9277787,4577.168,0.943741,4572.6255,0.9520704,4573.457,0.987188
4580.162,0.8991769,4578.2227,0.94367605,4573.6787,0.98776066,4574.5103,0.98616374
4581.2173,0.90473294,4579.2773,0.91388035,4574.7324,0.9983929,4575.564,0.98901534
4582.2725,0.9027353,4580.3325,0.9340675,4575.786,0.9934855,4576.6177,0.9825217
4583.328,0.8951289,4581.3877,0.9058312,4576.8403,0.9933394,4577.672,0.9787764
4584.384,0.8817808,4582.4434,0.9244435,4577.8945,0.9823691,4578.726,0.97101384
4585.44,0.8849995,4583.499,0.8934491,4578.949,0.97647285,4579.781,0.93350464
4586.496,0.8902469,4584.555,0.90310806,4580.004,0.95827556,4580.8354,0.919609
4587.5527,0.9170065,4585.6113,0.9239945,4581.059,0.9423181,4581.8906,0.91903377
4588.6094,0.94661355,4586.668,0.92397106,4582.1143,0.9436397,4582.946,0.91596675
4589.6665,0.94646287,4587.7246,0.9350917,4583.17,0.93082136,4584.0015,0.91141635
4590.7236,0.9184444,4588.7817,0.917994,4584.2256,0.93281245,4585.057,0.9241609
4591.781,0.8914684,4589.839,0.9258089,4585.2817,0.9364965,4586.1133,0.9395743
4592.839,0.9145302,4590.896,0.9231686,4586.338,0.9626151,4587.1694,0.9517309
4593.8965,0.93134904,4591.954,0.92003846,4587.3945,0.96195906,4588.226,0.9670327
4594.9546,0.90901697,4593.0117,0.91696227,4588.451,0.970249,4589.2827,0.970861
4596.013,0.9230058,4594.07,0.91463554,4589.5083,0.9739781,4590.34,0.96173316
4597.072,0.92227536,4595.1284,0.9268005,4590.5654,0.963431,4591.397,0.936508
4598.131,0.95027983,4596.187,0.93365836,4591.6226,0.942222,4592.454,0.93389624
4599.19,0.9118705,4597.246,0.9400036,4592.6807,0.9420506,4593.512,0.9498563
4600.2495,0.91967833,4598.305,0.9429589,4593.7383,0.9604404,4594.57,0.97175246
4601.309,0.90150005,4599.3647,0.9484717,4594.7964,0.97130096,4595.628,0.9613342
4602.369,0.9138825,4600.4243,0.9452886,4595.855,0.9725932,4596.6865,0.9520091
4603.429,0.92983896,4601.4844,0.9281322,4596.9136,0.96565413,4597.745,0.9626314
4604.4897,0.93220675,4602.5444,0.93345016,4597.9727,0.9856759,4598.804,0.9499819
4605.5503,0.92174524,4603.605,0.9401393,4599.0317,0.97488976,4599.8633,0.94709927
4606.611,0.95332485,4604.6655,0.94523054,4600.0913,0.9667572,4600.923,0.9312672
4607.6724,0.96474016,4605.726,0.9574074,4601.151,0.9534847,4601.9824,0.9396515
4608.7334,1.0101699,4606.7876,0.9506013,4602.211,0.960156,4603.0425,0.9494622
4609.795,0.96076834,4607.8486,0.9708773,4603.271,0.96953887,4604.1025,0.95846117
4610.857,0.95357144,4608.91,0.9628266,4604.3315,0.9698222,4605.163,0.96082747
4611.919,0.9591483,4609.972,0.9452812,4605.392,0.9762753,4606.2236,0.9608404
4612.9814,0.94551826,4611.034,0.9727209,4606.4526,0.96825755,4607.284,0.97786313
4614.044,0.9510826,4612.0967,0.9386952,4607.514,0.98362815,4608.3457,0.9874726
4615.107,0.9515794,4613.159,0.9353323,4608.575,0.99458915,4609.4067,0.9884504
4616.17,0.9521593,4614.222,0.95112896,4609.6367,0.9937954,4610.4683,0.9867884
4617.2334,0.9532047,4615.285,0.9501925,4610.6987,0.9925274,4611.5303,0.97081894
4618.297,0.9367441,4616.3486,0.94523084,4611.7607,0.9824822,4612.5923,0.96779495
4619.361,0.9216646,4617.412,0.9560156,4612.823,0.97857034,4613.655,0.97578555
4620.425,0.94451547,4618.476,0.9508194,4613.8857,0.9771001,4614.7173,0.97547126
4621.4893,0.9684318,4619.54,0.9419639,4614.9487,0.97578645,4615.7803,0.9694855
4622.5537,0.96078604,4620.6045,0.9426929,4616.0117,0.9826188,4616.8433,0.96242887
4623.618,0.9611468,4621.669,0.9533583,4617.075,0.9737505,4617.9067,0.9633962
4624.6836,0.9596755,4622.7334,0.97544575,4618.1387,0.9626536,4618.97,0.9525234
4625.7485,0.94711596,4623.799,0.96302927,4619.2026,0.9620329,4620.034,0.9619242
4626.8145,0.9533293,4624.864,0.97858393,4620.2666,0.9621343,4621.098,0.98714167
4627.88,0.96130323,4625.9297,0.95774907,4621.331,0.98531747,4622.1626,0.98997337
4628.946,0.96203995,4626.995,0.95517117,4622.3955,0.99760187,4623.227,0.99404067
4630.012,0.9459038,4628.061,0.9664342,4623.46,0.9973256,4624.2915,0.9770261
4631.0786,0.97147876,4629.1274,0.9500614,4624.5254,0.98621446,4625.357,0.9767457
4632.1455,0.9548604,4630.194,0.9472671,4625.5903,0.97321683,4626.422,0.9787115
4633.2124,0.93650085,4631.2607,0.9462319,4626.6562,0.97837275,4627.488,0.98256475
4634.28,0.94795823,4632.3276,0.9530564,4627.7217,0.9875408,4628.553,0.9605217
4635.347,0.95261425,4633.395,0.9499251,4628.7876,0.9785363,4629.619,0.958128
4636.415,0.95542336,4634.4624,0.9338999,4629.854,0.9652981,4630.6855,0.97204685
4637.483,0.96170187,4635.5303,0.9369874,4630.9204,0.97719985,4631.752,0.98019797
4638.5513,0.9238319,4636.598,0.9499523,4631.9873,0.9986269,4632.819,0.96763796
4639.6196,0.9543787,4637.6665,0.94806063,4633.054,0.9834955,4633.8857,0.96521866
4640.6885,0.9706214,4638.735,0.93514776,4634.1216,0.97072417,4634.953,0.9738302
4641.7573,0.9606035,4639.8037,0.94878227,4635.189,0.9897346,4636.0205,0.9750394
4642.8267,0.9570943,4640.8726,0.966482,4636.257,0.97639596,4637.0884,0.95553863
4643.896,0.9585202,4641.942,0.95289624,4637.3247,0.9743698,4638.1562,0.9526362
4644.966,0.9337264,4643.011,0.9391193,4638.393,0.9757573,4639.2246,0.96774995
4646.0356,0.89981455,4644.081,0.9345866,4639.4614,0.9782931,4640.293,0.97961336
4647.106,0.8815709,4645.151,0.94530296,4640.5303,0.9947197,4641.362,0.98980373
4648.1763,0.8876796,4646.221,0.9305587,4641.599,0.9983644,4642.4307,0.9838514
4649.247,0.9437639,4647.2915,0.92476064,4642.6685,1.0026428,4643.5,0.9869329
4650.318,0.949147,4648.3623,0.9102374,4643.738,0.99567217,4644.5693,0.9713097
4651.389,0.93828547,4649.433,0.93655413,4644.8076,0.98232687,4645.639,0.9452032
4652.461,0.94796443,4650.5044,0.9459367,4645.8774,0.97216123,4646.709,0.9183227
4653.532,0.95807064,4651.576,0.94928664,4646.9478,0.94911677,4647.7793,0.91642696
4654.6045,0.9357586,4652.6475,0.9509347,4648.018,0.9484365,4648.8496,0.9477075
4655.6763,0.90430987,4653.7197,0.9632254,4649.089,0.9709989,4649.9204,0.95812917
4656.749,0.94488525,4654.7915,0.9555222,4650.1597,0.9880397,4650.991,0.9715849
4657.822,0.9618741,4655.8643,0.95845515,4651.231,0.99846065,4652.0625,0.970948
4658.8945,0.97589993,4656.937,0.97491974,4652.3027,0.9959303,4653.1343,0.96885055
4659.968,0.9878128,4658.01,0.9592198,4653.374,0.9894212,4654.2056,0.95293194
4661.041,0.9776119,4659.083,0.9748733,4654.4463,0.976887,4655.278,0.9457904
4662.1147,0.9500445,4660.1562,0.9732004,4655.518,0.9709091,4656.3496,0.9514711
4663.1885,0.96273136,4661.23,0.97870594,4656.591,0.97070754,4657.4224,0.96873593
4664.2627,0.9618044,4662.3037,0.96593064,4657.6636,1.0027997,4658.495,0.99211675
4665.3374,0.94409734,4663.378,0.95131016,4658.7363,1.0104257,4659.568,1.0176184
4666.4116,0.86247075,4664.4526,0.9365068,4659.8096,1.02845,4660.641,1.0105312
4667.487,0.808772,4665.527,0.9336734,4660.883,1.0142263,4661.7144,0.9846126
4668.562,0.81891507,4666.602,0.9256027,4661.9565,1.0084332,4662.788,0.97156084
4669.637,0.9137324,4667.6772,0.9057905,4663.0303,0.9982524,4663.862,0.9741219
4670.713,0.9373103,4668.7524,0.9095857,4664.1045,0.99210685,4664.936,0.9682177
4671.7886,0.9367154,4669.828,0.9223974,4665.179,0.9954802,4666.0107,0.9200072
4672.8647,0.94369817,4670.904,0.93342763,4666.2534,0.94225305,4667.085,0.87035155
4673.9414,0.92856723,4671.98,0.94892156,4667.3286,0.9191616,4668.16,0.8818611
4675.018,0.9728596,4673.0566,0.9575248,4668.404,0.9188827,4669.2354,0.92080164
4676.0947,0.9837331,4674.1333,0.96503425,4669.479,0.9525776,4670.3105,0.95843333
4677.172,0.98665106,4675.21,0.9635083,4670.5547,0.97764367,4671.386,0.9713368
4678.2495,0.95592153,4676.287,0.9597362,4671.6304,0.994297,4672.462,0.96494395
4679.327,0.95455617,4677.3647,0.9609105,4672.7065,0.99055195,4673.538,0.960397
4680.405,0.90828395,4678.4424,0.9553169,4673.783,0.98388934,4674.6147,0.9814536
4681.483,0.92429626,4679.52,0.9551693,4674.86,0.9992284,4675.6914,1.0003798
4682.561,0.93780315,4680.598,0.95130605,4675.9365,1.0158803,4676.768,0.9959137
4683.6396,0.9579742,4681.6763,0.95264405,4677.0137,1.0082176,4677.845,0.9741574
4684.7188,0.9595942,4682.755,0.9685151,4678.0913,0.98584044,4678.923,0.95593643
4685.798,0.95480055,4683.834,0.965396,4679.169,0.9740501,4680.0005,0.9501498
4686.8774,0.9539518,4684.913,0.97434056,4680.2466,0.9732631,4681.078,0.9589936
4687.957,0.97303015,4685.9927,0.9616229,4681.3247,0.98330325,4682.1562,0.9689897
4689.0366,0.9681059,4687.0723,0.9759666,4682.403,0.9898198,4683.2344,0.97277194
4690.1167,0.95396614,4688.152,0.97140926,4683.4814,0.9966672,4684.313,0.9877758
4691.1973,0.9199797,4689.232,0.96521604,4684.5605,1.0100465,4685.392,0.9939405
4692.278,0.96024925,4690.3125,0.9531635,4685.6396,1.0033519,4686.471,0.9893655
4693.3584,0.95777863,4691.393,0.96376354,4686.719,1.0008928,4687.551,0.9893754
4694.4395,0.97981006,4692.4736,0.958719,4687.799,1.0048498,4688.6304,0.98961943
4695.521,0.9922067,4693.5547,0.9801805,4688.8784,0.9996963,4689.71,0.98419553
4696.6025,0.9798473,4694.636,0.96741796,4689.9585,0.99565136,4690.79,0.9670697
4697.6846,0.96550775,4695.718,0.97089636,4691.039,0.9850449,4691.8706,0.9646158
4698.7666,0.9386025,4696.8,0.97560066,4692.1196,0.97950286,4692.951,0.9871089
4699.849,0.9133323,4697.882,0.9612862,4693.2,0.99704754,4694.0317,1.0042734
4700.9316,0.93031496,4698.9644,0.95726055,4694.2812,1.0041533,4695.113,1.0081325
4702.014,0.9013589,4700.047,0.93697107,4695.363,1.0098858,4696.1943,1.007712
4703.0977,0.88084877,4701.1294,0.947339,4696.4443,1.0162704,4697.276,0.99292564
4704.1807,0.9127593,4702.213,0.9389418,4697.5264,1.0037547,4698.358,0.9661077
4705.264,0.9212866,4703.296,0.92138195,4698.6084,0.9863827,4699.44,0.96080524
4706.348,0.9201558,4704.3794,0.911805,4699.691,0.9771017,4700.5225,0.9627151
4707.432,0.91457105,4705.4634,0.91565996,4700.7734,0.9804067,4701.605,0.9422401
4708.5166,0.8977974,4706.5474,0.9409248,4701.856,0.9617012,4702.6875,0.9171924
4709.601,0.9085865,4707.632,0.92864543,4702.9395,0.9411554,4703.771,0.9213417
4710.686,0.9265366,4708.7163,0.9443553,4704.0225,0.94770885,4704.854,0.9588501
4711.771,0.946139,4709.8013,0.9422368,4705.106,0.9782224,4705.9375,0.96789837
4712.8564,0.96477765,4710.886,0.93923986,4706.19,0.9924523,4707.0215,0.9400067
4713.942,0.9425818,4711.9717,0.9548082,4707.274,0.9674462,4708.1055,0.9238228
4715.028,0.931087,4713.057,0.9696282,4708.3584,0.9511103,4709.19,0.91765785
4716.1143,0.949384,4714.143,0.95840985,4709.443,0.95974874,4710.2744,0.9565924
4717.2,0.96567535,4715.2295,0.94745976,4710.528,0.9833537,4711.3594,0.9761104
4718.287,0.9846335,4716.3154,0.949813,4711.613,1.0085081,4712.4443,0.9935081
4719.374,0.9979035,4717.4023,0.96507514,4712.698,1.0080054,4713.53,0.9640377
4720.461,1.0000806,4718.4893,0.97224146,4713.7837,0.9891097,4714.615,0.9537509
4721.5483,0.97972137,4719.576,0.97452265,4714.8696,0.979679,4715.701,0.97207516
4722.6357,0.9824215,4720.6636,0.9879444,4715.956,0.98759496,4716.7876,0.99715614
4723.7236,0.98650455,4721.751,0.9773371,4717.042,1.0103813,4717.8735,0.99646425
4724.812,0.9973258,4722.839,0.96565115,4718.129,1.013413,4718.9604,0.9998913
4725.9,0.99891263,4723.9272,0.96938115,4719.216,1.0070125,4720.0474,0.99550647
4726.989,0.9669455,4725.015,0.9654401,4720.3027,1.015671,4721.1343,1.0019536
4728.0776,0.93255866,4726.104,0.9718588,4721.39,1.0066698,4722.2217,0.9866963
4729.1665,0.91485083,4727.193,0.9650205,4722.4775,1.0068723,4723.309,0.9982311
4730.256,0.8872612,4728.2817,0.95254856,4723.5654,1.005201,4724.397,1.0074136
4731.3457,0.9320422,4729.371,0.9343154,4724.654,1.0160971,4725.4854,1.00849
4732.4355,0.9233802,4730.461,0.9465323,4725.7417,1.0111357,4726.573,0.9750135
4733.5254,0.9509372,4731.551,0.9445793,4726.8306,0.9951864,4727.662,0.95529956
4734.6157,0.94632566,4732.6406,0.94354045,4727.9194,0.96737975,4728.751,0.944941
4735.7065,0.9630739,4733.731,0.9582988,4729.0083,0.9658548,4729.84,0.94278634
4736.7974,0.93304694,4734.822,0.94872385,4730.0977,0.9682744,4730.929,0.95528
4737.8887,0.9330902,4735.9126,0.9620031,4731.1875,0.9726111,4732.019,0.9573445
4738.98,0.9512301,4737.004,0.955398,4732.2773,0.9762834,4733.109,0.9673779
4740.0713,0.9326614,4738.095,0.9562034,4733.367,0.98263675,4734.1987,0.99187386
4741.163,0.9834773,4739.1865,0.96081084,4734.4575,0.987871,4735.289,0.9703079
4742.2554,0.97294724,4740.2783,0.9755218,4735.5483,0.9735976,4736.38,0.955489
4743.3477,0.9638629,4741.3706,0.9697697,4736.639,0.96384686,4737.4707,0.9550736
4744.4404,0.9539202,4742.463,0.9682466,4737.7305,0.9628736,4738.562,0.9850049
4745.533,0.9733167,4743.5557,0.9766407,4738.822,0.98700714,4739.6533,0.98786956
4746.6265,0.96250224,4744.6484,0.9761792,4739.913,0.9932985,4740.7446,0.9750583
4747.7197,0.95437515,4745.7417,0.9815147,4741.005,0.9834931,4741.8364,0.9834019
4748.8135,0.9502615,4746.835,0.96940845,4742.097,0.99154437,4742.9287,0.9924556
4749.907,0.9845111,4747.9287,0.95778674,4743.1895,0.9943407,4744.021,0.9860349
4751.0015,0.9768307,4749.0225,0.96000975,4744.282,0.9870468,4745.114,0.9774529
4752.0957,0.9651175,4750.1167,0.9716316,4745.375,0.99689287,4746.2065,0.9819572
4753.1904,0.9266718,4751.211,0.95889115,4746.4683,0.9894057,4747.3,0.98613006
4754.285,0.9484538,4752.3057,0.965784,4747.5615,0.99052864,4748.393,0.9843835
4755.3804,0.93153614,4753.4004,0.95157117,4748.6553,0.9847686,4749.487,0.98951155
4756.4756,0.8964815,4754.4956,0.9460775,4749.749,0.98697716,4750.5806,0.99204946
4757.5713,0.9343699,4755.591,0.9437534,4750.8433,1.0001191,4751.675,0.98153806
4758.667,0.96321017,4756.6865,0.93982685,4751.9375,0.9965881,4752.769,0.96403885
4759.763,0.9623665,4757.782,0.94359404,4753.032,0.9691678,4753.864,0.95141405
4760.86,0.94982064,4758.8784,0.9477269,4754.127,0.9768227,4754.9585,0.9422294
4761.9565,0.9197163,4759.975,0.9478375,4755.222,0.95527685,4756.0537,0.9481334
4763.053,0.89086044,4761.072,0.94038075,4756.3174,0.9687273,4757.149,0.9521477
4764.1504,0.91344714,4762.1685,0.9318443,4757.413,0.9660179,4758.2446,0.971856
4765.248,0.90563536,4763.2656,0.9193564,4758.509,0.98481864,4759.3403,0.98547417
4766.3457,0.9122823,4764.3633,0.9331998,4759.605,0.9907632,4760.4365,0.9806783
4767.4434,0.89516795,4765.461,0.9379403,4760.7017,0.99116385,4761.533,0.948169
4768.5415,0.9343143,4766.5586,0.93275213,4761.7983,0.96729606,4762.63,0.92103183
4769.64,0.95183975,4767.6567,0.935718,4762.895,0.9457701,4763.7266,0.9317823
4770.739,0.9698633,4768.7554,0.9409122,4763.992,0.9516854,4764.8237,0.92616355
4771.8374,0.9514975,4769.854,0.95474064,4765.09,0.94886374,4765.9214,0.93377066
4772.9365,0.9348514,4770.9526,0.961925,4766.1875,0.9528893,4767.019,0.94747674
4774.036,0.9645726,4772.052,0.9599921,4767.285,0.95635754,4768.1167,0.9665579
4775.1357,0.98480207,4773.1514,0.95299816,4768.3833,0.973555,4769.215,0.98598033
4776.236,0.9713289,4774.251,0.96745604,4769.482,0.98670584,4770.3135,0.9769216
4777.336,0.98829955,4775.351,0.97889113,4770.5806,0.9854243,4771.412,0.9598374
4778.4365,0.9888217,4776.451,0.9707497,4771.679,0.972779,4772.5107,0.9592507
4779.537,0.9703256,4777.552,0.9673367,4772.7783,0.9731729,4773.61,0.9791834
4780.638,0.96757644,4778.6523,0.96780103,4773.878,0.99261796,4774.7095,0.994331
4781.7393,0.97500086,4779.7534,0.9670886,4774.9775,1.0041726,4775.809,0.99997616
4782.841,0.94164973,4780.8545,0.95324177,4776.0776,0.9935882,4776.909,0.9989396
4783.9424,0.9393948,4781.956,0.9606969,4777.1777,0.99751216,4778.0093,0.9902313
4785.0444,0.94945776,4783.0576,0.93728256,4778.2783,1.0080427,4779.11,0.98364043
4786.1465,0.9184572,4784.1597,0.95332056,4779.379,0.9980664,4780.2104,0.9793387
4787.249,0.92740214,4785.2617,0.94659793,4780.48,0.99006283,4781.3115,0.98580205
4788.3516,0.93477577,4786.3643,0.9346966,4781.581,0.98855114,4782.4126,0.97553986
4789.4546,0.9470411,4787.467,0.93670166,4782.6826,0.9758795,4783.514,0.96474266
4790.558,0.9508099,4788.57,0.9289732,4783.784,0.9699345,4784.6157,0.97206616
4791.6616,0.9592098,4789.6733,0.95770264,4784.886,0.9755484,4785.718,0.96679133
4792.765,0.9649943,4790.777,0.9531431,4785.9883,0.97034216,4786.82,0.95510906
4793.869,0.99854153,4791.8804,0.9663447,4787.091,0.959518,4787.9224,0.95426416
4794.9736,0.9903925,4792.9844,0.9738154,4788.1934,0.9638222,4789.025,0.95763445
4796.078,1.013804,4794.089,0.9709582,4789.2964,0.9696121,4790.128,0.96176714
4797.1826,0.979856,4795.1934,0.98152184,4790.4,0.9687434,4791.2314,0.9841631
4798.2876,0.95888245,4796.298,0.97536427,4791.5034,0.9841917,4792.335,0.98362035
4799.393,0.94415265,4797.403,0.9772414,4792.607,0.9960399,4793.4385,0.99955326
4800.4985,0.94981384,4798.5083,0.9705901,4793.711,1.000856,4794.5425,1.0094212
4801.604,0.96364087,4799.614,0.96174353,4794.8154,1.0118555,4795.647,1.014004
4802.7104,0.97029793,4800.719,0.96946645,4795.92,1.0089222,4796.7515,0.9994667
4803.8164,0.98614913,4801.8257,0.9685644,4797.0244,1.0019525,4797.856,0.97854227
4804.923,0.94690275,4802.9316,0.96398246,4798.1294,0.9843827,4798.961,0.97210866
4806.03,0.93995535,4804.038,0.948608,4799.235,0.9851117,4800.0664,0.9693252
4807.1367,0.9529096,4805.145,0.95936865,4800.3403,0.9788742,4801.172,0.9859468
4808.244,0.93943244,4806.252,0.9511525,4801.446,0.9853975,4802.2773,0.99226916
4809.3516,0.95651335,4807.3594,0.9663734,4802.5522,0.99396265,4803.384,0.9985932
4810.4595,0.9435427,4808.467,0.96233416,4803.658,0.98761827,4804.4897,0.9796946
4811.568,0.97185344,4809.5747,0.97236395,4804.7646,0.9717136,4805.596,0.964035
4812.676,0.9530607,4810.683,0.9679591,4805.8716,0.9673854,4806.703,0.97971815
4813.7847,0.9445514,4811.791,0.9653576,4806.9785,0.9759329,4807.81,0.9785796
4814.8936,0.982961,4812.9,0.96832985,4808.086,0.9890191,4808.9175,0.98296726
4816.0024,1.0267454,4814.009,0.9900099,4809.1934,0.9889416,4810.025,0.9841533
4817.112,0.99229527,4815.1177,0.9841188,4810.3013,0.98132557,4811.133,0.9822464
4818.221,1.0084997,4816.227,0.9911683,4811.4097,0.9810513,4812.241,0.9851536
4819.331,0.9855142,4817.3364,0.9895209,4812.5176,0.9866579,4813.349,0.9937119
4820.4414,1.0028797,4818.4463,0.9843136,4813.6265,0.9881278,4814.458,0.9958791
4821.552,0.9963135,4819.5566,0.97972333,4814.7354,0.9994036,4815.567,1.0081478
4822.662,0.9673534,4820.667,0.9738918,4815.844,0.99850243,4816.676,0.9949139
4823.7734,0.9102919,4821.7773,0.97926575,4816.9536,1.0009984,4817.785,0.9970726
4824.8843,0.93511236,4822.8887,0.9647606,4818.063,1.0001279,4818.8945,1.0059456
4825.9956,0.964633,4823.9995,0.94111603,4819.173,1.0012302,4820.0044,1.0013916
4827.1074,0.99295795,4825.111,0.96747434,4820.283,1.0022049,4821.1147,1.0070921
4828.219,0.97053933,4826.2227,0.9584747,4821.3936,1.0002497,4822.225,0.97991896
4829.3315,0.9599946,4827.3345,0.9548059,4822.504,0.98186654,4823.3354,0.93550885
4830.444,0.93282014,4828.447,0.9678972,4823.615,0.95110357,4824.447,0.93882
4831.5566,0.97795826,4829.559,0.9561905,4824.726,0.9433873,4825.5576,0.9806945
4832.6694,0.9693159,4830.672,0.9529178,4825.8374,0.98242354,4826.669,0.997737
4833.7827,0.9622917,4831.7847,0.9571787,4826.949,0.9994787,4827.781,0.9901452
4834.896,0.9751305,4832.898,0.9435438,4828.061,0.98680484,4828.8926,0.97394204
4836.01,0.9527662,4834.011,0.9537733,4829.1733,0.9746795,4830.005,0.97598386
4837.1235,0.97006613,4835.125,0.9601176,4830.2856,0.9799297,4831.117,0.96864486
4838.238,0.9566858,4836.239,0.95067185,4831.3984,0.977072,4832.23,0.97161764
4839.3525,0.92050976,4837.353,0.9510221,4832.511,0.9815926,4833.343,0.9737117
4840.4673,0.92925036,4838.468,0.95261735,4833.6245,0.98455924,4834.456,0.9848393
4841.582,0.943321,4839.5825,0.954167,4834.738,0.99133,4835.5693,0.9873549
4842.6973,0.91935134,4840.6973,0.9579172,4835.8516,0.9775683,4836.683,0.9778904
4843.813,0.9270743,4841.8125,0.9429287,4836.9653,0.9835852,4837.797,0.96846855
4844.9287,0.9629566,4842.928,0.9405462,4838.0796,0.9702522,4838.911,0.95294106
4846.0444,0.96776104,4844.044,0.9569756,4839.1943,0.96094584,4840.026,0.94651484
4847.1606,0.95770913,4845.1597,0.94265914,4840.309,0.94736075,4841.1406,0.9490954
4848.2773,0.9101566,4846.276,0.94858897,4841.424,0.9540858,4842.2554,0.9596782
4849.394,0.90508944,4847.3926,0.95390975,4842.539,0.95835745,4843.3706,0.9564196
4850.511,0.9174915,4848.5093,0.9363266,4843.655,0.9548531,4844.4863,0.96456075
4851.6284,0.9130065,4849.6265,0.9211062,4844.7705,0.9597133,4845.602,0.9668258
4852.746,0.9143864,4850.7437,0.9203204,4845.886,0.9580972,4846.718,0.9539733
4853.864,0.87982875,4851.8613,0.906322,4847.0024,0.95109713,4847.834,0.935129
4854.982,0.8374115,4852.979,0.9000394,4848.119,0.9373227,4848.9507,0.92982244
4856.1,0.80961615,4854.097,0.9060344,4849.236,0.9351328,4850.0674,0.94040763
4857.2188,0.80684406,4855.2153,0.87429994,4850.353,0.930893,4851.1846,0.94083863
4858.3374,0.78237313,4856.334,0.84270746,4851.47,0.9325478,4852.302,0.9339382
4859.4565,0.6856484,4857.4526,0.79750556,4852.588,0.9248655,4853.4194,0.90777254
4860.576,0.5866768,4858.572,0.75729,4853.7056,0.89712954,4854.537,0.8594134
4861.696,0.5379128,4859.6914,0.729525,4854.8237,0.86695665,4855.6553,0.8220989
4862.8154,0.61790746,4860.811,0.67310107,4855.942,0.8287366,4856.7734,0.82372046
4863.9355,0.7264357,4861.9307,0.6333361,4857.0605,0.8174273,4857.892,0.8090378
4865.056,0.78980464,4863.051,0.64987797,4858.179,0.792214,4859.0107,0.7226078
4866.177,0.8492796,4864.1714,0.7091427,4859.2983,0.71611124,4860.13,0.5868459
4867.2974,0.85957706,4865.292,0.7799249,4860.418,0.58568114,4861.2495,0.50011873
4868.4185,0.878156,4866.4126,0.8161131,4861.5376,0.50558174,4862.369,0.5719866
4869.54,0.8823254,4867.5337,0.84938323,4862.657,0.55983627,4863.489,0.71016514
4870.6616,0.8279138,4868.6553,0.8618945,4863.7773,0.69496167,4864.609,0.78364515
4871.7837,0.816207,4869.777,0.8638852,4864.898,0.780567,4865.7295,0.827136
4872.906,0.82242376,4870.899,0.8614822,4866.0186,0.8134274,4866.85,0.8657701
4874.0283,0.85938364,4872.021,0.8812516,4867.139,0.8554283,4867.9707,0.8861233
4875.151,0.88055915,4873.1436,0.8808483,4868.2603,0.8763212,4869.092,0.9009367
4876.274,0.9048246,4874.266,0.8783384,4869.382,0.8805391,4870.2134,0.8636592
4877.3975,0.8908835,4875.389,0.89735353,4870.5034,0.86604184,4871.335,0.8264327
4878.5205,0.9181447,4876.5127,0.9090493,4871.6255,0.83857673,4872.457,0.8412591
4879.6445,0.93251055,4877.6357,0.9160715,4872.7476,0.8479941,4873.579,0.9011702
4880.7686,0.9409652,4878.76,0.9132163,4873.87,0.89150256,4874.7017,0.92456806
4881.8926,0.9489701,4879.884,0.9229907,4874.9927,0.925955,4875.824,0.91374886
4883.017,0.9274916,4881.008,0.94393784,4876.1157,0.9205432,4876.9473,0.91253716
4884.142,0.93207985,4882.1323,0.9348894,4877.2393,0.91237515,4878.071,0.92210925
4885.267,0.87186855,4883.2573,0.92493665,4878.3623,0.9149225,4879.194,0.9534062
4886.392,0.8986821,4884.3823,0.9263065,4879.4863,0.93723553,4880.318,0.97516674
4887.518,0.894825,4885.5073,0.9173032,4880.6104,0.960101,4881.442,0.9637968
4888.6436,0.9055385,4886.6333,0.9134207,4881.7344,0.9563309,4882.566,0.94844687
4889.7695,0.8806092,4887.759,0.9010305,4882.859,0.9385569,4883.6904,0.94777596
4890.896,0.8390674,4888.885,0.896017,4883.984,0.9390861,4884.8154,0.93615115
4892.0225,0.8563711,4890.011,0.90636355,4885.109,0.934544,4885.9404,0.9126965
4893.1494,0.90501916,4891.1377,0.9134132,4886.234,0.9198454,4887.0654,0.92126274
4894.277,1.0006562,4892.2646,0.9128099,4887.36,0.9257887,4888.1914,0.9246241
4895.404,0.9820384,4893.392,0.9372898,4888.4854,0.9375767,4889.317,0.9184244
4896.5317,0.9912089,4894.519,0.9520898,4889.6113,0.9272668,4890.443,0.8737703
4897.6597,0.9718021,4895.647,0.9919094,4890.738,0.8893386,4891.5693,0.8776857
4898.7876,0.9739141,4896.775,0.98046744,4891.8643,0.89168715,4892.696,0.92622066
4899.916,0.9513176,4897.903,0.9831585,4892.991,0.94003505,4893.8228,0.9834746
4901.045,0.94632626,4899.0312,0.9679949,4894.1187,0.9908878,4894.95,0.9935822
4902.174,0.96021336,4900.16,0.95787776,4895.2456,0.9975886,4896.077,0.9989033
4903.3027,0.9389971,4901.289,0.96528465,4896.3735,1.000698,4897.205,0.9973605
4904.432,0.9258074,4902.418,0.96298146,4897.5015,0.99716985,4898.333,0.98512757
4905.562,0.94554245,4903.5474,0.9611615,4898.6294,0.9965057,4899.461,0.97111475
4906.692,0.98551285,4904.6772,0.9657915,4899.758,0.9785903,4900.5894,0.9699405
4907.8223,0.9558476,4905.807,0.960322,4900.8867,0.979678,4901.7183,0.97674036
4908.9526,0.9404698,4906.9375,0.95376146,4902.0156,0.98694396,4902.847,0.9541434
4910.0835,0.90371746,4908.068,0.95161945,4903.1445,0.9663724,4903.976,0.9452761
4911.2144,0.88323444,4909.1987,0.94837147,4904.274,0.96067387,4905.1055,0.97873825
4912.3457,0.94691676,4910.3296,0.9497507,4905.404,0.9767556,4906.2354,0.9904576
4913.477,0.97148436,4911.461,0.9378238,4906.5337,1.0097612,4907.365,0.99619716
4914.609,0.9882102,4912.5923,0.95027566,4907.664,1.002872,4908.4956,0.9693152
4915.741,0.9988316,4913.724,0.95059884,4908.7944,0.97854984,4909.626,0.92679197
4916.8735,0.96406114,4914.8564,0.9414463,4909.9253,0.94842505,4910.757,0.91657275
4918.006,0.91058403,4915.989,0.9428205,4911.056,0.9404597,4911.8877,0.9455202
4919.1387,0.8325473,4917.121,0.92530495,4912.1875,0.9532303,4913.019,0.9783308
4920.272,0.8107217,4918.254,0.9080613,4913.319,0.98550117,4914.1504,0.98684347
4921.4053,0.8435524,4919.387,0.8896469,4914.4507,0.99684674,4915.282,0.9925542
4922.539,0.8738292,4920.5205,0.8889242,4915.583,1.0065179,4916.4146,0.98930204
4923.673,0.87231565,4921.6543,0.9060801,4916.7153,0.9861933,4917.547,0.9408332
4924.8066,0.875233,4922.788,0.90591836,4917.8477,0.95249164,4918.679,0.88993716
4925.9414,0.91891205,4923.922,0.9106958,4918.9805,0.9085525,4919.812,0.8596997
4927.076,0.9365721,4925.0566,0.93021214,4920.114,0.88012505,4920.9453,0.8800839
4928.211,0.95827144,4926.1914,0.9341133,4921.247,0.89782184,4922.0786,0.9224943
4929.346,0.9880731,4927.326,0.945333,4922.381,0.93795925,4923.2124,0.9221336
4930.4814,0.9692614,4928.4614,0.97322845,4923.5146,0.93377376,4924.346,0.9181561
4931.617,0.95855415,4929.5967,0.9691601,4924.6484,0.93004704,4925.48,0.9507888
4932.753,0.92595506,4930.7324,0.9581017,4925.783,0.95508534,4926.6147,0.9798688
4933.889,0.8887857,4931.868,0.9530023,4926.918,0.9888363,4927.7495,0.9886211
4935.026,0.9172047,4933.0044,0.94776857,4928.0527,0.98678976,4928.8843,0.99518347
4936.1626,0.9182168,4934.141,0.9157067,4929.188,0.9953489,4930.0195,1.0020053
4937.3,0.89237124,4935.278,0.8957625,4930.323,0.99441046,4931.155,0.9955001
4938.437,0.8644282,4936.415,0.9091748,4931.459,0.9908171,4932.2905,0.9703406
4939.5747,0.84995866,4937.5522,0.9195421,4932.5947,0.9667422,4933.4263,0.93111825
4940.7124,0.9157807,4938.69,0.9175853,4933.731,0.933998,4934.5625,0.92549336
4941.85,0.96667343,4939.8276,0.92630744,4934.8677,0.9255591,4935.699,0.9584291
4942.989,0.99050343,4940.9653,0.93471247,4936.0044,0.95925605,4936.836,0.952324
4944.1274,0.9743752,4942.104,0.9509465,4937.1416,0.9587177,4937.973,0.91747713
4945.266,0.96103007,4943.2427,0.9622129,4938.279,0.9258849,4939.1104,0.89668494
4946.4053,0.9345114,4944.3813,0.9617525,4939.4165,0.9188569,4940.248,0.9365546
4947.5444,0.9711362,4945.5205,0.9725475,4940.554,0.9533873,4941.3857,0.9871125
4948.684,0.9805786,4946.6597,0.9616075,4941.692,0.9869506,4942.5234,0.9881262
4949.824,0.97353387,4947.7993,0.96407187,4942.8306,0.99661136,4943.662,0.9967886
4950.9644,0.9683834,4948.9395,0.95941705,4943.969,1.0000157,4944.801,0.9900025
4952.1045,0.9682235,4950.0796,0.974553,4945.108,0.9917471,4945.9395,0.9658237
4953.2456,0.96668696,4951.2197,0.97265965,4946.247,0.97305155,4947.0786,0.9762084
4954.386,0.9541682,4952.361,0.98101234,4947.386,0.9786096,4948.218,0.99057776
4955.5273,0.9602883,4953.5015,0.9423393,4948.526,0.995151,4949.3574,0.9898576
4956.669,0.8857842,4954.6426,0.9249383,4949.666,0.99195427,4950.4976,0.98658216
4957.8105,0.815156,4955.784,0.93795866,4950.806,0.99049616,4951.6377,0.9892819
4958.9526,0.9083422,4956.926,0.92155176,4951.9463,0.9944283,4952.778,0.9837572
4960.095,0.9683004,4958.068,0.92737985,4953.0874,0.9885828,4953.919,0.9786365
4961.2373,1.0043614,4959.2104,0.9271059,4954.228,0.9899932,4955.0596,0.98556
4962.3804,0.9824349,4960.3525,0.9439766,4955.369,0.9839565,4956.2007,0.9321369
4963.5234,1.0051154,4961.4956,0.97095335,4956.5107,0.9304813,4957.3423,0.8625571
4964.6665,1.00399,4962.6387,0.9661194,4957.6523,0.8843649,4958.484,0.89331454
4965.81,0.9323946,4963.7817,0.97341084,4958.7944,0.91168517,4959.626,0.9721282
4966.954,0.93082863,4964.9253,0.9730554,4959.937,0.9741398,4960.7686,1.0034815
4968.098,0.9460396,4966.0693,0.9559738,4961.079,1.0032482,4961.9106,0.9934416
4969.2427,0.92058176,4967.2134,0.9547937,4962.222,0.99007225,4963.0537,0.9896009
4970.387,0.937095,4968.358,0.94521976,4963.365,1.0010262,4964.197,0.98742014
4971.532,0.9390043,4969.5024,0.9525204,4964.5083,0.99278307,4965.34,0.9715528
4972.6772,0.94621617,4970.6475,0.9583456,4965.652,0.9770774,4966.4834,0.9606063
4973.8228,0.9617191,4971.7925,0.9534787,4966.796,0.96494585,4967.6274,0.9501532
4974.9683,0.9897825,4972.938,0.96125895,4967.94,0.96530646,4968.7715,0.9608571
4976.1143,0.9788505,4974.0835,0.96858555,4969.0845,0.9728022,4969.916,0.95783603
4977.2607,0.95718616,4975.2295,0.9670132,4970.229,0.9652926,4971.0605,0.9620906
4978.407,0.93036646,4976.376,0.9688362,4971.374,0.97637635,4972.2056,0.9719874
4979.5537,0.91439044,4977.5225,0.9521238,4972.519,0.97729963,4973.3506,0.9765546
4980.7007,0.9046853,4978.669,0.9405116,4973.6646,0.98925877,4974.496,1.0019611
4981.848,0.8748941,4979.816,0.91612226,4974.81,0.98886234,4975.6416,1.0030459
4982.9956,0.8097512,4980.9634,0.9078976,4975.956,0.99536145,4976.7876,0.989617
4984.1436,0.810018,4982.111,0.9056418,4977.1025,0.9888963,4977.934,0.97865736
4985.2915,0.8460816,4983.259,0.90062594,4978.249,0.971872,4979.0806,0.95820886
4986.44,0.91678524,4984.4067,0.8891217,4979.3955,0.96066225,4980.227,0.9540537
4987.5884,0.96780854,4985.555,0.89292127,4980.5425,0.9537905,4981.374,0.9250779
4988.7373,0.96000296,4986.7036,0.91880333,4981.69,0.9278458,4982.5215,0.8752569
4989.886,0.92422146,4987.8525,0.9440537,4982.8374,0.89298344,4983.669,0.8641144
4991.0356,0.9240273,4989.0015,0.94152045,4983.9854,0.87749076,4984.817,0.88531524
4992.1855,0.9293794,4990.151,0.94902515,4985.1333,0.8953407,4985.965,0.93945485
4993.3354,0.93180144,4991.301,0.9355886,4986.2817,0.9398982,4987.1133,0.97347176
4994.4854,0.93485576,4992.4507,0.94352186,4987.43,0.97276914,4988.2617,0.9887324
4995.6357,0.9413283,4993.6006,0.9546461,4988.579,0.9847555,4989.4106,0.970649
4996.7866,0.97332007,4994.751,0.9497956,4989.728,0.96864754,4990.5596,0.9525693
4997.9375,0.9672661,4995.902,0.939519,4990.8774,0.957824,4991.709,0.9516716
4999.089,0.93659526,4997.0527,0.9477811,4992.0273,0.9632813,4992.859,0.9596775
5000.24,0.9103813,4998.204,0.94479257,4993.1772,0.9637873,4994.009,0.9644479
5001.392,0.8864659,4999.3555,0.93443185,4994.327,0.9659984,4995.1587,0.97351784
5002.544,0.90597785,5000.5073,0.91672105,4995.4775,0.9813713,4996.309,0.9906729
5003.6963,0.92785186,5001.659,0.91589653,4996.6284,0.98832965,4997.46,0.98298734
5004.849,0.9131769,5002.8115,0.90819937,4997.7793,0.9858065,4998.611,0.96023154
5006.002,0.8601866,5003.9644,0.90864164,4998.9307,0.97107464,4999.762,0.94817746
5007.155,0.8710031,5005.117,0.92232865,5000.082,0.95667887,5000.9136,0.9279371
5008.308,0.9240266,5006.27,0.91194165,5001.234,0.94124943,5002.0654,0.9353027
5009.462,0.9748677,5007.4233,0.9039493,5002.3857,0.94176304,5003.2173,0.957339
5010.6157,0.95043945,5008.577,0.9082949,5003.538,0.95828587,5004.3696,0.9433083
5011.77,0.8818209,5009.731,0.9073905,5004.691,0.9527192,5005.5225,0.8966597
5012.9243,0.89102674,5010.8853,0.9199245,5005.8438,0.9115747,5006.6753,0.88108563
5014.079,0.8662727,5012.0396,0.9273395,5006.9966,0.9015691,5007.828,0.9396762
5015.234,0.8913164,5013.1943,0.91080505,5008.15,0.9442567,5008.9814,0.9754316
5016.389,0.90410537,5014.349,0.8927187,5009.3037,0.9804271,5010.1353,0.97261184
5017.545,0.86215407,5015.5044,0.9012696,5010.4575,0.97935516,5011.289,0.9488631
5018.7007,0.8462099,5016.66,0.90168315,5011.612,0.94796515,5012.4434,0.9077572
5019.8564,0.8995528,5017.816,0.9031076,5012.766,0.9270977,5013.5977,0.89104503
5021.0127,0.91615766,5018.9717,0.88841987,5013.921,0.90944386,5014.7524,0.9037008
5022.1694,0.907279,5020.128,0.908082,5015.0757,0.9178009,5015.907,0.9315647
5023.326,0.922268,5021.2847,0.9152872,5016.231,0.94022906,5017.0625,0.920637
5024.4834,0.9291853,5022.4414,0.9291174,5017.3867,0.919011,5018.2183,0.891181
5025.6406,0.9436137,5023.5986,0.9322836,5018.5425,0.8975788,5019.374,0.9177669
5026.7983,0.9239962,5024.756,0.9303721,5019.698,0.91744053,5020.53,0.94913477
5027.956,0.89398646,5025.9136,0.9434555,5020.8545,0.9477849,5021.686,0.9405502
5029.1143,0.92432433,5027.0713,0.9314698,5022.011,0.9515574,5022.843,0.9429779
5030.273,0.95268255,5028.2295,0.9506918,5023.168,0.95220774,5023.9995,0.9621885
5031.431,0.96755403,5029.388,0.94601,5024.325,0.96475327,5025.1567,0.966665
5032.5903,0.9556982,5030.5464,0.94712764,5025.4824,0.9760267,5026.314,0.94349784
5033.7495,0.97644156,5031.7056,0.95305383,5026.64,0.96277183,5027.4717,0.93085486
5034.909,0.9323305,5032.8647,0.9408191,5027.798,0.94255847,5028.6294,0.9488672
5036.069,0.88824326,5034.0244,0.9420657,5028.956,0.95392776,5029.7876,0.96754014
5037.229,0.89937997,5035.184,0.93245876,5030.1147,0.9688833,5030.9463,0.9716268
5038.389,0.89722633,5036.344,0.9160033,5031.273,0.9717297,5032.1045,0.9767508
5039.55,0.87584186,5037.5044,0.91704595,5032.432,0.9829913,5033.2637,0.99378574
5040.7104,0.8206243,5038.665,0.9014753,5033.5913,0.99314624,5034.423,0.9743416
5041.8716,0.81865287,5039.8257,0.9127312,5034.751,0.9725538,5035.5825,0.93302727
5043.0327,0.8923136,5040.987,0.91054153,5035.9106,0.94680214,5036.742,0.9350591
5044.1943,0.95176286,5042.148,0.89566493,5037.071,0.94849896,5037.9023,0.95384717
5045.3564,0.9982812,5043.3096,0.90557665,5038.231,0.95676786,5039.0625,0.93185186
5046.5186,0.9768317,5044.4717,0.9421777,5039.3916,0.9444238,5040.223,0.8762907
5047.681,0.9778744,5045.634,0.93976164,5040.5522,0.89858264,5041.384,0.8554511
5048.8438,0.908679,5046.7964,0.9473103,5041.7134,0.8861239,5042.545,0.8954869
5050.007,0.9230437,5047.959,0.9484509,5042.8745,0.9148234,5043.706,0.96366876
5051.17,0.9207004,5049.122,0.9326509,5044.036,0.97087866,5044.8677,0.9897289
5052.3335,0.93074656,5050.285,0.93353575,5045.198,0.99561876,5046.03,1.0025673
5053.497,0.9512295,5051.4487,0.9282045,5046.3604,0.99609286,5047.192,0.9890414
5054.661,0.95230395,5052.6123,0.9398358,5047.523,0.9849012,5048.3545,0.95128596
5055.8257,0.9815776,5053.7764,0.9527445,5048.6855,0.95706874,5049.517,0.92890483
5056.99,0.98071396,5054.941,0.95796037,5049.8486,0.94285977,5050.68,0.9255699
5058.155,1.0003866,5056.1055,0.9684499,5051.0117,0.9470342,5051.8433,0.94286186
5059.32,0.99436575,5057.27,0.9740272,5052.1753,0.9493095,5053.007,0.96723855
5060.4854,0.9794255,5058.435,0.9755814,5053.339,0.9726719,5054.1704,0.9950771
5061.651,1.0037476,5059.6006,0.9836787,5054.503,0.98634756,5055.3345,0.9896016
5062.817,1.0182725,5060.766,0.9746105,5055.6675,0.9998097,5056.499,0.9868366
5063.9834,0.97797674,5061.932,0.9749043,5056.832,0.9935852,5057.6636,0.99797314
5065.1494,0.92482436,5063.0986,0.9670453,5057.9966,1.0004227,5058.828,1.001524
5066.3164,0.91417515,5064.2646,0.9517891,5059.1616,0.9968173,5059.993,1.001437
5067.4834,0.9292521,5065.4316,0.9572465,5060.327,0.9994906,5061.1587,1.007387
5068.6504,0.9342453,5066.5986,0.92986876,5061.4927,1.0031669,5062.324,1.0129374
5069.818,0.9466432,5067.7656,0.9421318,5062.6587,1.0040466,5063.49,0.98400915
5070.986,0.9517776,5068.933,0.930607,5063.825,0.9822382,5064.6567,0.93990576
5072.154,0.9461712,5070.101,0.94240236,5064.991,0.9517658,5065.8228,0.93507427
5073.3223,0.9230624,5071.269,0.95950466,5066.158,0.95437086,5066.9897,0.9613791
5074.4907,0.90892106,5072.4375,0.9497664,5067.325,0.97222215,5068.1567,0.95491
5075.6597,0.93951654,5073.606,0.95115274,5068.492,0.9647981,5069.3237,0.96802944
5076.829,0.9450839,5074.775,0.9377338,5069.6597,0.9706599,5070.491,0.9737701
5077.9985,0.9381208,5075.9443,0.9318732,5070.8276,0.9743345,5071.659,0.95361966
5079.168,0.8859352,5077.114,0.9379514,5071.9956,0.9675997,5072.827,0.95596385
5080.338,0.84515715,5078.283,0.92815375,5073.164,0.9606246,5073.9956,0.9587691
5081.5083,0.89033324,5079.453,0.91164917,5074.3325,0.9642348,5075.164,0.9591535
5082.6787,0.8941158,5080.6235,0.9023679,5075.5015,0.9642824,5076.333,0.9660508
5083.8496,0.9266769,5081.794,0.9090211,5076.671,0.97315526,5077.5024,0.9743834
5085.0205,0.9513595,5082.965,0.90656084,5077.8403,0.97808176,5078.672,0.92172325
5086.192,0.9426379,5084.1357,0.93034905,5079.01,0.9425248,5079.8413,0.87922686
5087.3633,0.9482878,5085.307,0.9413392,5080.1797,0.90328854,5081.011,0.9094574
5088.535,0.9567336,5086.4785,0.95010453,5081.35,0.9188087,5082.1816,0.9372547
5089.707,0.952174,5087.6504,0.96309096,5082.5205,0.94918585,5083.352,0.93976504
5090.8794,0.9714074,5088.8223,0.96413743,5083.6914,0.94782233,5084.523,0.95032465
5092.0522,0.9733309,5089.9946,0.9616377,5084.8623,0.96308535,5085.694,0.9877371
5093.225,0.9637614,5091.1675,0.97001314,5086.0337,0.9865183,5086.865,0.97891635
5094.3984,0.9951126,5092.3403,0.97107124,5087.205,0.9873609,5088.0366,0.97876215
5095.572,0.97373873,5093.5137,0.9667129,5088.377,0.98804426,5089.2085,0.98570395
5096.7456,0.93232423,5094.687,0.9597381,5089.549,0.9838867,5090.3804,0.9777419
5097.9194,0.87716174,5095.861,0.9439796,5090.721,0.9811037,5091.5527,0.9881356
5099.0938,0.84438676,5097.0347,0.94740707,5091.894,0.9855634,5092.7256,0.9957772
5100.268,0.90139127,5098.209,0.9412867,5093.067,0.9937075,5093.8984,1.0049539
5101.443,0.9285082,5099.3833,0.923393,5094.24,1.0027938,5095.072,0.9891698
5102.618,0.9794711,5100.558,0.9193701,5095.4136,0.99920416,5096.245,0.96809864
5103.7935,0.96044594,5101.7334,0.9329154,5096.5874,0.9849751,5097.419,0.9271837
5104.969,0.95200306,5102.9087,0.9394388,5097.761,0.941853,5098.593,0.90195435
5106.145,0.9409548,5104.0845,0.94414043,5098.9355,0.9150251,5099.767,0.91136795
5107.3213,0.9063335,5105.2603,0.9451566,5100.11,0.93543273,5100.9414,0.96022403
5108.4976,0.9117381,5106.4365,0.9461434,5101.2847,0.9689948,5102.116,0.99527663
5109.6743,0.901509,5107.613,0.9371246,5102.46,0.9940807,5103.2915,0.98957354
5110.851,0.9301898,5108.7896,0.9122189,5103.6353,0.9923974,5104.467,0.98329395
5112.0283,0.9457585,5109.9663,0.9274658,5104.811,0.9888786,5105.6426,0.9659748
5113.206,0.97605884,5111.1436,0.9429222,5105.987,0.9779996,5106.8184,0.94498426
5114.384,0.9822638,5112.3213,0.9528069,5107.163,0.9563631,5107.9946,0.931553
5115.562,0.98250425,5113.499,0.9689726,5108.3394,0.94342464,5109.171,0.93291557
5116.74,0.9337283,5114.6772,0.9681874,5109.516,0.9457272,5110.3477,0.94404006
5117.919,0.9929408,5115.8555,0.97733444,5110.693,0.9481213,5111.5244,0.9668149
5119.0977,0.9647632,5117.034,0.9585081,5111.87,0.9694308,5112.7017,0.99239755
5120.277,0.95067614,5118.213,0.9645575,5113.048,0.9914994,5113.8794,0.98591095
5121.456,0.9419353,5119.392,0.9568215,5114.2256,0.9872132,5115.057,0.9787234
5122.6357,0.9191392,5120.5713,0.9580549,5115.404,0.97918946,5116.2354,0.9893043
5123.816,0.9101471,5121.751,0.9365644,5116.582,0.9852672,5117.4136,0.9966088
5124.996,0.8908973,5122.931,0.9336647,5117.7607,0.99684095,5118.5923,1.0019176
5126.177,0.8838828,5124.1113,0.9313346,5118.9395,0.99854046,5119.771,0.986951
5127.3574,0.91425896,5125.292,0.94111717,5120.1187,0.9849444,5120.95,0.96967953
5128.5386,0.91649437,5126.4727,0.92418396,5121.298,0.97344446,5122.1294,0.9683843
5129.7197,0.91055596,5127.654,0.91993695,5122.4775,0.97384214,5123.309,0.9451396
5130.9014,0.9312476,5128.835,0.9196688,5123.6577,0.9549315,5124.4893,0.9239902
5132.083,0.9277132,5130.0166,0.9136547,5124.838,0.93305933,5125.6694,0.9326059
5133.265,0.90827626,5131.198,0.9242875,5126.0186,0.93982273,5126.85,0.936576
5134.4478,0.9115152,5132.3804,0.9374132,5127.199,0.9535279,5128.031,0.94424516
5135.6304,0.93562096,5133.563,0.9301229,5128.3804,0.9543388,5129.212,0.94375753
5136.8135,0.9339019,5134.7456,0.9256492,5129.5615,0.9511398,5130.393,0.9463463
5137.9966,0.88283575,5135.9287,0.91928613,5130.743,0.9625694,5131.5747,0.9547032
5139.18,0.8532065,5137.112,0.9149295,5131.925,0.96617365,5132.7563,0.94515824
5140.364,0.8899157,5138.2954,0.91556674,5133.107,0.9490372,5133.9385,0.94956565
5141.548,0.90070754,5139.479,0.899379,5134.2896,0.9578243,5135.121,0.9570373
5142.732,0.8930288,5140.663,0.89909816,5135.472,0.96997565,5136.3037,0.95383453
5143.9165,0.8997363,5141.847,0.90134066,5136.6553,0.9697104,5137.487,0.92787087
5145.1016,0.92333657,5143.0317,0.9077711,5137.8384,0.9371093,5138.67,0.9031742
5146.2866,0.91761595,5144.217,0.91065687,5139.022,0.908577,5139.8535,0.91247886
5147.472,0.8853754,5145.402,0.9151365,5140.2056,0.9268993,5141.037,0.9269645
5148.6577,0.90977466,5146.5874,0.93358344,5141.3896,0.9257632,5142.221,0.91771734
5149.8438,0.93321043,5147.773,0.9261656,5142.5737,0.92810524,5143.4053,0.9107918
5151.03,0.9274499,5148.959,0.92583764,5143.7583,0.93508923,5144.59,0.9622308
5152.2163,0.9221081,5150.145,0.91062915,5144.9434,0.9654856,5145.775,0.95289737
5153.4033,0.91925424,5151.3315,0.9313771,5146.1284,0.95907897,5146.96,0.93270063
5154.5903,0.9095393,5152.5186,0.9202156,5147.314,0.94928294,5148.1455,0.93957543
5155.7773,0.9296586,5153.7056,0.9358469,5148.4995,0.9497967,5149.331,0.95635325
5156.9653,0.95279884,5154.8926,0.9263882,5149.6855,0.9537201,5150.517,0.9513343
5158.153,0.9381473,5156.0806,0.94021684,5150.8716,0.9642111,5151.703,0.9289325
5159.3413,0.9731166,5157.268,0.9401099,5152.058,0.9529707,5152.8896,0.9435178
5160.53,0.93526375,5158.4565,0.9439409,5153.245,0.95207113,5154.0767,0.9414117
5161.7183,0.9496879,5159.645,0.9422835,5154.432,0.9558422,5155.2637,0.9388232
5162.907,0.8972702,5160.8335,0.9303217,5155.619,0.9558308,5156.4507,0.96229917
5164.096,0.9242301,5162.0225,0.926912,5156.807,0.97306633,5157.6387,0.98183817
5165.286,0.8887556,5163.2114,0.90383846,5157.9946,0.97950923,5158.826,0.9816139
5166.4756,0.80914587,5164.4014,0.8801244,5159.183,0.9837428,5160.0146,0.9770835
5167.6655,0.7370923,5165.591,0.8773137,5160.3716,0.97736996,5161.203,0.96718925
5168.856,0.73834974,5166.781,0.8539354,5161.56,0.9708635,5162.3916,0.9508915
5170.047,0.8136491,5167.971,0.81281656,5162.749,0.9549548,5163.5806,0.9504419
5171.238,0.80228215,5169.162,0.79579204,5163.938,0.953519,5164.7695,0.94274247
5172.4287,0.7140611,5170.353,0.7927916,5165.128,0.94981295,5165.9595,0.8587942
5173.62,0.7594619,5171.544,0.83330405,5166.3174,0.874895,5167.149,0.77835876
5174.812,0.85973644,5172.7354,0.84860396,5167.5073,0.8078885,5168.339,0.76136845
5176.004,0.9600404,5173.9272,0.85384625,5168.6978,0.7941614,5169.5293,0.84726834
5177.1963,0.9662329,5175.119,0.87599593,5169.8887,0.8765821,5170.72,0.87270874
5178.3887,0.92739636,5176.3115,0.9134029,5171.0796,0.8785317,5171.911,0.7873007
5179.5815,0.94233346,5177.504,0.9413356,5172.2705,0.80976456,5173.102,0.771581
5180.7744,0.94170666,5178.697,0.9247439,5173.462,0.7948941,5174.2935,0.8810153
5181.968,0.8553741,5179.8896,0.90404534,5174.654,0.8975063,5175.4854,0.9591021
5183.1616,0.74485517,5181.083,0.894647,5175.8457,0.97063094,5176.6772,0.97494394
5184.3555,0.715972,5182.277,0.8794028,5177.038,0.9771563,5177.8696,0.97342604
5185.5493,0.801131,5183.4707,0.8642829,5178.2305,0.98623264,5179.062,0.96944904
5186.744,0.91448855,5184.6646,0.8421365,5179.4233,0.98659295,5180.255,0.96938
5187.9385,0.8972796,5185.8594,0.8521056,5180.616,0.9814447,5181.4478,0.9282098
5189.134,0.89580435,5187.0537,0.87386185,5181.8096,0.939325,5182.641,0.81426495
5190.329,0.899215,5188.249,0.897948,5183.0034,0.82763875,5183.835,0.73266834
5191.5244,0.8851802,5189.4443,0.9042892,5184.1973,0.7736729,5185.029,0.8179114
5192.72,0.85414344,5190.6396,0.90666044,5185.391,0.8487495,5186.2227,0.9185918
5193.9165,0.8882655,5191.8354,0.88889736,5186.586,0.9433359,5187.4175,0.93127227
5195.113,0.8819247,5193.0317,0.89804745,5187.7803,0.94699794,5188.612,0.92012846
5196.3096,0.8641368,5194.228,0.9046337,5188.9756,0.93265694,5189.807,0.9384064
5197.5063,0.8858347,5195.425,0.9049265,5190.171,0.9419458,5191.0024,0.91928554
5198.7036,0.90568787,5196.6216,0.91173774,5191.366,0.9285609,5192.1978,0.88413495
5199.901,0.9450974,5197.819,0.9203007,5192.562,0.90879935,5193.3936,0.9030737
5201.0986,0.96349627,5199.016,0.92903316,5193.7583,0.92481494,5194.59,0.9252153
5202.297,0.92677456,5200.214,0.9278445,5194.9546,0.9348712,5195.786,0.9162276
5203.495,0.90074885,5201.412,0.9317913,5196.1514,0.9315273,5196.983,0.92353094
5204.694,0.88191086,5202.6104,0.9193059,5197.348,0.93423057,5198.1797,0.9371292
5205.8926,0.8803981,5203.809,0.89895326,5198.5454,0.94670576,5199.377,0.95573545
5207.092,0.8625345,5205.008,0.8991567,5199.7427,0.9646227,5200.574,0.9715202
5208.291,0.88151723,5206.207,0.89696664,5200.9404,0.97463125,5201.772,0.95986634
5209.4907,0.8577406,5207.4062,0.89054406,5202.1387,0.9708502,5202.97,0.948938
5210.6904,0.91250396,5208.606,0.9126956,5203.337,0.9564783,5204.1685,0.92268777
5211.8906,0.96292466,5209.8057,0.9231858,5204.5356,0.9328028,5205.367,0.89981496
5213.0913,0.9935519,5211.006,0.9298577,5205.7344,0.9197564,5206.566,0.9075913
5214.292,0.93476444,5212.2065,0.94639945,5206.9336,0.9165222,5207.765,0.9088478
5215.493,0.8960915,5213.407,0.94625306,5208.133,0.9170852,5208.9644,0.9062324
5216.6943,0.8872366,5214.6084,0.9431212,5209.3325,0.928611,5210.164,0.9315151
5217.896,0.90572584,5215.8096,0.9499004,5210.532,0.9522093,5211.364,0.972936
5219.098,0.9533558,5217.011,0.93224597,5211.7324,0.99301165,5212.564,0.9934329
5220.3003,0.9815304,5218.2134,0.9407489,5212.933,0.9965781,5213.7646,0.991175
5221.503,0.996767,5219.4155,0.9456341,5214.134,0.9891929,5214.9653,0.94136155
5222.7056,0.9819865,5220.618,0.9490356,5215.335,0.9561356,5216.1665,0.9194878
5223.908,0.95601666,5221.821,0.94523025,5216.536,0.9359542,5217.3677,0.9265269
5225.112,0.89840543,5223.0234,0.92778397,5217.738,0.94444,5218.5693,0.965599
5226.3154,0.82354134,5224.227,0.9288825,5218.94,0.97574615,5219.7715,0.9885178
5227.519,0.8125896,5225.4307,0.9208937,5220.142,0.99890506,5220.9736,0.995243
5228.723,0.88376045,5226.6343,0.9071866,5221.3447,0.9997277,5222.1763,0.9953981
5229.9277,0.9476035,5227.8384,0.8988035,5222.5474,1.0005193,5223.379,0.99031144
5231.1323,0.9509928,5229.043,0.8946041,5223.75,0.99053913,5224.5815,0.9570587
5232.3374,0.91832125,5230.2476,0.9203147,5224.9536,0.97095466,5225.785,0.8937848
5233.5425,0.8848727,5231.4526,0.92632145,5226.157,0.91133505,5226.989,0.8452393
5234.748,0.8962739,5232.6577,0.93881893,5227.361,0.87650734,5228.1924,0.8930457
5235.9536,0.92222786,5233.8633,0.93749315,5228.565,0.9022353,5229.3965,0.94601464
5237.1597,0.95207196,5235.069,0.9305822,5229.7695,0.9604549,5230.601,0.97394866
5238.366,0.97556525,5236.275,0.92681086,5230.974,0.9780348,5231.8057,0.9129072
5239.5728,0.9775448,5237.4814,0.95876604,5232.179,0.9617774,5233.0107,0.9073626
5240.78,0.9693503,5238.688,0.96434295,5233.3843,0.93801534,5234.216,0.9211341
5241.987,0.95146215,5239.895,0.9580403,5234.59,0.9311262,5235.4214,0.9424603
5243.1943,0.96031165,5241.102,0.96566474,5235.7954,0.9629872,5236.627,0.9668511
5244.402,0.97770816,5242.3096,0.9672031,5237.0015,0.9771218,5237.833,0.9895283
5245.61,0.9668559,5243.517,0.96888345,5238.208,0.9962605,5239.0396,0.98640823
5246.8184,0.94301814,5244.725,0.961654,5239.4146,0.98962104,5240.246,0.99472344
5248.027,0.9632748,5245.9336,0.97366387,5240.6216,0.9948502,5241.453,0.98270327
5249.2354,0.9483424,5247.142,0.9603945,5241.8286,0.987845,5242.66,0.9782259
5250.445,0.9425362,5248.3506,0.95439833,5243.036,0.98585254,5243.8677,0.9810231
5251.654,0.9378604,5249.56,0.94213516,5244.2437,0.982285,5245.075,1.0051384
5252.864,0.96234083,5250.769,0.95252633,5245.4517,0.9966283,5246.283,0.9891541
5254.0737,0.93853074,5251.979,0.9338575,5246.66,0.9905613,5247.4917,0.9727901
5255.2837,0.94599414,5253.189,0.95740116,5247.8687,0.9841656,5248.7,0.9725349
5256.494,0.9646678,5254.399,0.95243007,5249.077,0.98679835,5249.9087,0.9663255
5257.705,0.99918425,5255.6094,0.9705446,5250.2866,0.97427577,5251.118,0.95398104
5258.916,0.9745483,5256.8203,0.9607667,5251.4956,0.9724969,5252.327,0.97910887
5260.1274,0.9971018,5258.0312,0.95727104,5252.7056,0.9977545,5253.537,0.97060364
5261.3394,0.94457227,5259.2427,0.94649714,5253.9155,0.9845533,5254.747,0.96706325
5262.5513,0.8816025,5260.4546,0.9434624,5255.1255,0.9736653,5255.957,0.96604097
5263.763,0.84791553,5261.6665,0.9259847,5256.336,0.98484737,5257.1675,1.0029876
5264.9756,0.8303654,5262.8784,0.8976445,5257.547,1.0076416,5258.3784,1.0028319
5266.1885,0.8256837,5264.091,0.8797024,5258.758,1.0108012,5259.5894,1.0070999
5267.4014,0.85553235,5265.3037,0.86960584,5259.969,1.0159208,5260.801,0.9679469
5268.6147,0.8623074,5266.5166,0.86380637,5261.181,0.9728294,5262.0127,0.92064047
5269.828,0.82495314,5267.73,0.87111276,5262.393,0.94185466,5263.2246,0.88408625
5271.042,0.84563816,5268.9434,0.8773528,5263.605,0.9082138,5264.4365,0.8749178
5272.2563,0.9039779,5270.157,0.88248914,5264.8174,0.89148915,5265.649,0.86638856
5273.4707,0.91232437,5271.3716,0.88912654,5266.0303,0.8877583,5266.862,0.8942139
5274.6855,0.88020414,5272.586,0.89325875,5267.243,0.92040396,5268.0747,0.91387117
5275.9004,0.88531816,5273.801,0.92470145,5268.4565,0.9276574,5269.288,0.86267275
5277.1157,0.9223455,5275.0156,0.9331186,5269.67,0.87886876,5270.5015,0.8515369
5278.331,0.95811015,5276.231,0.93099046,5270.884,0.88427377,5271.7153,0.9193693
5279.547,0.96963006,5277.4463,0.9328533,5272.098,0.93695396,5272.9297,0.94207585
5280.763,0.9345591,5278.662,0.93459326,5273.3125,0.9677224,5274.144,0.9311696
5281.9795,0.9417883,5279.8784,0.94861317,5274.5273,0.94370586,5275.359,0.92042464
5283.1963,0.89710504,5281.0947,0.9547406,5275.742,0.93509895,5276.5737,0.93975425
5284.413,0.92404485,5282.3115,0.95374453,5276.9575,0.9577852,5277.789,0.9919724
5285.6304,0.95593417,5283.5283,0.94167024,5278.173,0.99983984,5279.0044,1.0022137
5286.8477,0.9944418,5284.7456,0.9449874,5279.3887,1.0097058,5280.22,0.9796089
5288.0654,0.97057855,5285.963,0.9639703,5280.605,0.9872135,5281.4365,0.9567779
5289.2837,0.9902833,5287.1807,0.9802506,5281.8213,0.97072536,5282.653,0.929284
5290.502,1.0052323,5288.399,0.98327094,5283.038,0.9486604,5283.8696,0.93100876
5291.7207,0.9929707,5289.617,0.99012387,5284.255,0.94630134,5285.0864,0.9606417
5292.9395,0.9759507,5290.836,0.98362213,5285.472,0.9828631,5286.3037,0.9987569
5294.1587,0.992981,5292.0547,0.9844905,5286.6895,1.0115137,5287.521,1.0105437
5295.378,0.9865045,5293.274,0.97448015,5287.907,1.0130204,5288.739,1.0041573
5296.5977,0.94561416,5294.493,0.9672406,5289.1255,1.0086452,5289.957,1.0072969
5297.818,0.90089846,5295.713,0.9524363,5290.3438,1.0151155,5291.1753,1.0133148
5299.038,0.89212203,5296.933,0.95570725,5291.5625,1.0166768,5292.394,1.0065857
5300.259,0.93570673,5298.1533,0.9463403,5292.7812,1.0076565,5293.613,0.99417645
5301.4795,0.94574654,5299.374,0.9337912,5294.0005,1.0113045,5294.832,0.9983185
5302.7007,0.9475368,5300.5947,0.94873285,5295.2197,1.0097234,5296.0513,0.98038566
5303.922,0.97572756,5301.816,0.96130633,5296.4395,0.9887555,5297.271,0.9333295
5305.1436,1.0020695,5303.037,0.9696003,5297.6597,0.9617813,5298.491,0.93020177
5306.3657,0.96554697,5304.259,0.9662258,5298.88,0.95493656,5299.7114,0.96885544
5307.588,0.9676545,5305.481,0.9743103,5300.1006,0.98386425,5300.932,0.98187846
5308.8105,0.99720484,5306.703,0.9808042,5301.3213,0.98954785,5302.153,0.96750164
5310.033,1.0031799,5307.926,0.9839335,5302.5425,0.977201,5303.374,0.97986054
5311.2563,1.0116328,5309.1484,0.97729516,5303.7637,0.9936088,5304.595,1.0020642
5312.48,1.0018121,5310.3716,0.9680037,5304.9854,1.0121231,5305.817,0.9999311
5313.7036,0.9802605,5311.595,0.9738257,5306.2075,1.0093656,5307.039,0.9854075
5314.9277,0.95211256,5312.819,0.97476035,5307.4297,1.0016295,5308.261,0.9833859
5316.152,0.9539084,5314.043,0.9765588,5308.6523,0.9994703,5309.484,1.0056777
5317.3765,0.90469295,5315.267,0.97420543,5309.875,1.0112666,5310.7065,1.0086342
5318.601,0.949074,5316.4917,0.96082515,5311.098,1.0128899,5311.9297,1.001609
5319.826,0.99265134,5317.7163,0.954489,5312.322,1.01228,5313.1533,0.99982053
5321.0513,0.9644126,5318.9414,0.93877983,5313.5454,1.0090209,5314.377,0.9946511
5322.2773,0.99041647,5320.1665,0.9534114,5314.7695,0.9980486,5315.601,0.97071254
5323.503,0.923148,5321.3926,0.95135236,5315.9937,0.96807325,5316.825,0.95016736
5324.7295,0.92028964,5322.618,0.9515944,5317.2183,0.9539079,5318.05,0.96903354
5325.9556,0.9059195,5323.8447,0.93046665,5318.443,0.96717376,5319.2744,1.003632
5327.1826,0.914612,5325.071,0.9203579,5319.668,1.0046391,5320.4995,0.9924038
5328.4097,0.8248975,5326.298,0.8978142,5320.893,0.99726075,5321.7246,0.9858122
5329.637,0.8797115,5327.525,0.9240579,5322.119,0.99743044,5322.9507,0.9662057
5330.8647,0.9379168,5328.7524,0.9156919,5323.3447,0.9720773,5324.1763,0.93649393
5332.0923,0.9709031,5329.98,0.90539134,5324.5713,0.95614874,5325.403,0.93075776
5333.321,0.9651797,5331.2075,0.9314233,5325.7974,0.958587,5326.629,0.9462305
5334.5493,0.9612499,5332.436,0.9475825,5327.0244,0.9568069,5327.856,0.87095344
5335.778,0.9467603,5333.6646,0.9629864,5328.2515,0.8928541,5329.083,0.85843927
5337.007,0.9537337,5334.893,0.9524713,5329.479,0.8939634,5330.3105,0.9469267
5338.2363,0.9444524,5336.122,0.95390093,5330.7065,0.96589744,5331.538,0.97688633
5339.466,0.91939545,5337.3516,0.9484925,5331.934,1.0023516,5332.7656,0.9763536
5340.696,0.9118403,5338.581,0.9612066,5333.1626,0.98354304,5333.994,0.9702869
5341.926,0.91847426,5339.811,0.94108856,5334.391,0.99163365,5335.2227,0.9792826
5343.1562,0.9578275,5341.041,0.9492154,5335.6196,1.0013744,5336.451,0.97090346
5344.387,0.9797834,5342.2715,0.9383422,5336.8486,0.9807034,5337.68,0.9675998
5345.618,0.9404856,5343.5024,0.9482916,5338.078,0.9857359,5338.9097,0.96533257
5346.8496,0.9407185,5344.7334,0.9575866,5339.3076,0.96814674,5340.139,0.924712
5348.081,0.9543725,5345.965,0.9558356,5340.5376,0.9387937,5341.369,0.9331928
5349.313,0.92798394,5347.1963,0.95985043,5341.7676,0.95159435,5342.599,0.96997833
5350.545,0.9460112,5348.428,0.94150853,5342.998,0.98356324,5343.8296,0.9886966
5351.7773,0.9972984,5349.66,0.94972706,5344.229,1.0007826,5345.0605,0.9715018
5353.0103,0.97350454,5350.8926,0.9633883,5345.46,0.98613447,5346.2915,0.96025425
5354.243,0.9874897,5352.1255,0.97669274,5346.6914,0.9807783,5347.523,0.9726025
5355.4766,0.98442006,5353.3584,0.9829949,5347.923,0.9793661,5348.7544,0.95099837
5356.71,0.9898318,5354.592,0.9884632,5349.155,0.96772456,5349.9863,0.9584938
5357.944,1.0046113,5355.825,0.99588865,5350.3867,0.9770609,5351.2183,0.98130155
5359.178,0.99922633,5357.059,0.98688346,5351.619,0.99997854,5352.4507,0.98596203
5360.4126,1.0049236,5358.2935,0.9771377,5352.852,0.99590725,5353.6836,0.9737469
5361.6475,0.9800997,5359.528,0.9818848,5354.085,0.994503,5354.9165,1.0040377
5362.8823,0.9561028,5360.7627,0.9812298,5355.3184,1.0052328,5356.15,1.0032057
5364.1177,0.94664365,5361.9976,0.9733309,5356.552,1.0124104,5357.3833,1.0071676
5365.353,0.9175875,5363.233,0.96815383,5357.7856,1.00978,5358.617,1.0096742
5366.589,0.93610364,5364.4683,0.9510743,5359.02,1.0103475,5359.8516,1.0108418
5367.825,0.9430559,5365.704,0.92991656,5360.2544,1.0119431,5361.086,0.9959004
5369.0615,0.9296724,5366.9404,0.92314935,5361.4893,0.99628794,5362.321,0.97887594
5370.2983,0.9056683,5368.177,0.9223595,5362.724,0.98371136,5363.5557,0.9598027
5371.535,0.9010353,5369.4136,0.9153392,5363.9595,0.9636882,5364.791,0.94842094
5372.7725,0.91439915,5370.6504,0.929914,5365.195,0.9685336,5366.0264,0.9477891
5374.0103,0.95630246,5371.8877,0.93374366,5366.4307,0.96516305,5367.262,0.95823914
5375.248,0.990501,5373.1255,0.950951,5367.667,0.96937287,5368.4985,0.95150733
5376.486,1.0002275,5374.3633,0.9473677,5368.9033,0.9702004,5369.735,0.93216145
5377.7246,1.0052165,5375.601,0.97117853,5370.14,0.939937,5370.9717,0.9101479
5378.9634,0.98702,5376.84,0.97647893,5371.377,0.9268084,5372.2085,0.92922634
5380.202,0.9667901,5378.0786,0.9706562,5372.6143,0.94973016,5373.446,0.97206235
5381.4414,0.9493218,5379.3174,0.9577207,5373.852,0.99052364,5374.6836,0.9971269
5382.681,0.94316804,5380.5566,0.96278423,5375.09,1.0143461,5375.9214,1.008941
5383.921,0.9441917,5381.7964,0.959711,5376.3276,1.013053,5377.159,1.0069693
5385.161,0.98782045,5383.036,0.965617,5377.5664,1.0099326,5378.398,0.99972326
5386.4014,0.98581165,5384.2764,0.96608543,5378.805,1.004124,5379.6367,0.98827124
5387.642,0.9712225,5385.5166,0.9453866,5380.044,0.99195087,5380.8755,0.97593457
5388.883,0.98009384,5386.7573,0.9579766,5381.283,0.98168874,5382.1147,0.9656934
5390.1245,0.9510695,5387.998,0.9604043,5382.523,0.9722996,5383.3545,0.9621832
5391.3657,0.9445001,5389.2397,0.95587605,5383.7627,0.96820295,5384.594,0.9828333
5392.608,0.92677265,5390.481,0.9528871,5385.003,0.9862302,5385.8345,0.99762374
5393.8496,0.9323179,5391.723,0.95628023,5386.243,1.003404,5387.0747,0.99812776
5395.0923,0.9658898,5392.965,0.93493474,5387.484,1.0053252,5388.3154,0.9970143
5396.335,0.9546651,5394.2075,0.9369095,5388.7246,1.0016785,5389.556,0.98480475
5397.578,0.9018643,5395.45,0.94890565,5389.9663,0.983941,5390.798,0.969725
5398.8213,0.9188037,5396.6934,0.94754255,5391.2075,0.9843205,5392.039,0.95518595
5400.065,0.9324122,5397.9365,0.9549277,5392.4497,0.9728364,5393.2812,0.9591225
5401.3086,0.94673353,5399.18,0.9386741,5393.6914,0.9650723,5394.523,0.9717463
5402.5527,0.96492803,5400.424,0.9271073,5394.934,0.98448503,5395.7656,0.9669887
5403.797,0.90713054,5401.668,0.9333783,5396.177,0.98060787,5397.0083,0.94932514
5405.042,0.86718243,5402.912,0.9264958,5397.42,0.95528024,5398.2515,0.94371694
5406.2866,0.88255864,5404.157,0.92425394,5398.663,0.9545529,5399.4946,0.9650133
5407.532,0.9274474,5405.402,0.9233345,5399.9067,0.9832451,5400.7383,0.966485
5408.778,0.95101225,5406.6475,0.9181475,5401.1504,0.9831466,5401.982,0.9764188
5410.0234,0.9084025,5407.893,0.9229547,5402.3945,0.9860026,5403.226,0.9589825
5411.2695,0.91515976,5409.1387,0.9317415,5403.6387,0.96779454,5404.47,0.90991133
5412.516,0.9418909,5410.385,0.94639635,5404.884,0.9267716,5405.7153,0.9126156
5413.7627,0.93391496,5411.6313,0.93657255,5406.1284,0.92947406,5406.96,0.9508933
5415.01,0.93882936,5412.878,0.9405661,5407.374,0.96705353,5408.2056,0.96342534
5416.257,0.9627953,5414.125,0.96406126,5408.6196,0.9806614,5409.451,0.94282013
5417.5044,0.97261167,5415.372,0.9641921,5409.865,0.9561799,5410.697,0.92586976
5418.7524,0.9844576,5416.6196,0.9501357,5411.1113,0.9488871,5411.943,0.9662558
5420.0005,0.9719958,5417.8677,0.9628419,5412.358,0.96825665,5413.1895,0.9868847
5421.249,0.95780826,5419.1157,0.9529193,5413.6045,0.99891025,5414.436,0.9597621
5422.4976,0.9577848,5420.3643,0.96367484,5414.8516,0.96816546,5415.683,0.95794845
5423.7466,0.94891495,5421.613,0.9524167,5416.0986,0.9688723,5416.93,0.98781365
5424.996,0.9315019,5422.862,0.9596513,5417.346,0.9921389,5418.1777,0.9895505
5426.2456,0.95371026,5424.1113,0.9581653,5418.594,1.0011816,5419.426,0.98194873
5427.4956,0.98297554,5425.361,0.9448117,5419.8423,0.9933389,5420.674,0.97669506
5428.7456,0.9451888,5426.611,0.95085984,5421.091,0.9908575,5421.9224,0.9835433
5429.996,0.90826446,5427.861,0.95184654,5422.3394,0.98891,5423.171,0.95780265
5431.247,0.9290444,5429.1113,0.9548199,5423.5884,0.967603,5424.42,0.9457766
5432.498,0.9499781,5430.3623,0.9473771,5424.838,0.9536756,5425.6694,0.95892525
5433.749,0.94230753,5431.6133,0.9275344,5426.0874,0.9648648,5426.919,1.0000579
5435.001,0.9286664,5432.8643,0.9545652,5427.3374,1.0098623,5428.169,0.9726462
5436.253,0.933607,5434.116,0.9548124,5428.5874,0.9797194,5429.419,0.9448871
5437.505,0.9695964,5435.368,0.96172935,5429.838,0.9390374,5430.6694,0.9420727
5438.7573,0.9967133,5436.62,0.96378326,5431.089,0.9542951,5431.9204,0.9799161
5440.0103,1.0084916,5437.8726,0.9734409,5432.34,0.990911,5433.1714,0.9695756
5441.263,1.0015048,5439.1255,0.97935563,5433.591,0.9680898,5434.4224,0.93214214
5442.5166,1.0006496,5440.3784,0.9733524,5434.843,0.952077,5435.6743,0.9473374
5443.77,0.98530686,5441.632,0.9721829,5436.0947,0.9648799,5436.9263,0.977665
5445.024,0.9470409,5442.8853,0.95553863,5437.3467,0.99791735,5438.178,1.0059105
5446.2783,0.92812544,5444.139,0.9567366,5438.599,1.004447,5439.4307,1.0089446
5447.5327,0.9113514,5445.3936,0.95923764,5439.852,1.0175053,5440.6836,1.0076253
5448.7876,0.9565628,5446.648,0.95182896,5441.105,1.0051026,5441.9365,1.0068307
5450.0425,0.9935015,5447.903,0.94875693,5442.3584,1.006195,5443.19,1.0054445
5451.298,0.9916248,5449.1577,0.9500282,5443.612,1.0027416,5444.4434,0.98652095
5452.5537,0.9974286,5450.413,0.9629706,5444.8657,0.98427486,5445.6973,0.9403647
5453.8096,0.9742418,5451.669,0.97365695,5446.12,0.93859005,5446.9517,0.9218671
5455.066,0.94249076,5452.925,0.9648887,5447.3745,0.93434745,5448.206,0.9702367
5456.3223,0.9323878,5454.181,0.9658482,5448.6294,0.9715407,5449.461,1.0031854
5457.579,0.956643,5455.4375,0.9660972,5449.8843,1.0072281,5450.716,1.0092117
5458.836,1.0028589,5456.6943,0.9410941,5451.1396,1.0109571,5451.971,1.0023282
5460.0933,1.0161334,5457.951,0.962396,5452.3955,1.0122912,5453.227,1.0038302
5461.351,0.97390246,5459.2085,0.9589651,5453.6514,1.0025012,5454.483,0.95597154
5462.609,0.9387937,5460.4663,0.95725745,5454.9077,0.96826357,5455.7393,0.9181247
5463.867,0.95306885,5461.724,0.97257733,5456.164,0.9405004,5456.9956,0.970742
5465.126,0.95747674,5462.9824,0.9550409,5457.421,0.9775763,5458.2524,1.0023597
5466.385,0.9726451,5464.241,0.969441,5458.6777,1.0133829,5459.5093,1.0064524
5467.644,0.9663654,5465.5,0.9703465,5459.935,1.0115255,5460.7666,1.0063342
5468.9033,1.0069045,5466.7593,0.98310536,5461.193,1.005223,5462.0244,0.9688745
5470.163,0.99834543,5468.0186,0.98236436,5462.4507,0.9782148,5463.282,0.94628406
5471.423,0.9789258,5469.2783,0.96936655,5463.709,0.9588781,5464.5405,0.96279305
5472.683,0.96776485,5470.538,0.987694,5464.968,0.9758227,5465.7993,0.98232865
5473.944,0.95717925,5471.7983,0.96928906,5466.2266,0.9918192,5467.058,0.98759097
5475.2046,0.92972904,5473.059,0.95955426,5467.486,0.99207246,5468.3174,0.99812645
5476.466,0.90167516,5474.32,0.9547202,5468.745,1.0031583,5469.5767,1.011685
5477.727,0.9093466,5475.581,0.94254315,5470.005,1.0100132,5470.8364,1.0050877
5478.989,0.95226955,5476.8423,0.9538175,5471.2646,1.0028204,5472.096,0.9938654
5480.251,0.9697759,5478.104,0.9264932,5472.525,1.0033892,5473.3564,0.98355716
5481.513,0.9428894,5479.366,0.94903463,5473.7856,0.99719363,5474.617,0.9742175
5482.776,0.97055775,5480.6284,0.9552916,5475.0464,0.97985303,5475.878,0.9408965
5484.0386,0.9858009,5481.891,0.9619261,5476.3076,0.95346224,5477.139,0.91117615
5485.302,1.0154698,5483.154,0.9823991,5477.569,0.9363953,5478.4004,0.95434046
5486.5654,0.9986202,5484.417,0.97509354,5478.8306,0.9712038,5479.662,0.98803633
5487.829,0.972523,5485.6807,0.9751248,5480.093,0.9987029,5480.9243,0.97369504
5489.0933,0.9712389,5486.9443,0.977933,5481.355,0.97991604,5482.1865,0.973001
5490.3574,0.9648525,5488.2085,0.98098576,5482.6177,0.98914057,5483.449,0.9882179
5491.622,0.96496314,5489.4727,0.9745537,5483.8804,1.0032737,5484.712,1.0072267
5492.887,0.9944024,5490.7373,0.97063285,5485.1436,1.0085691,5485.975,1.0067273
5494.1523,0.97533816,5492.0024,0.9719932,5486.407,1.0040263,5487.239,0.981454
5495.418,0.9729644,5493.2676,0.9725534,5487.671,0.9850744,5488.5024,0.97153395
5496.6836,0.9612743,5494.533,0.98140526,5488.935,0.9901663,5489.7666,0.9935552
5497.9497,0.95464075,5495.799,0.9738175,5490.199,0.99350363,5491.031,0.9981443
5499.2163,0.99650687,5497.065,0.9662073,5491.464,1.001964,5492.2954,0.9960191
5500.483,0.9831793,5498.3315,0.9718091,5492.729,1.00065,5493.5605,0.9894893
5501.75,0.9786066,5499.598,0.9622997,5493.994,1.0006794,5494.8257,0.99205214
5503.017,0.9713032,5500.865,0.96512836,5495.26,0.99669427,5496.0913,0.9935064
5504.2847,0.9886852,5502.1323,0.96779233,5496.5254,0.9945919,5497.357,0.9717121
5505.5522,0.97453946,5503.4,0.96210206,5497.7915,0.98292583,5498.623,0.9907257
5506.821,0.9560795,5504.6675,0.96656096,5499.058,0.98203826,5499.8896,1.0054898
5508.089,0.97649455,5505.936,0.9826173,5500.3247,1.0057081,5501.1562,0.9801517
5509.358,0.9648883,5507.204,0.97279066,5501.592,0.9902633,5502.4233,0.97063094
5510.627,0.9917883,5508.473,0.9634711,5502.859,0.9813276,5503.6904,0.98234856
5511.896,0.96823514,5509.742,0.96558845,5504.1265,0.99713695,5504.958,0.99626493
5513.1655,0.9600506,5511.011,0.96403337,5505.394,0.99517053,5506.2256,0.97335535
5514.4355,0.96903473,5512.281,0.9805748,5506.6626,0.975046,5507.494,0.98498386
5515.7056,0.97380894,5513.551,0.9780685,5507.9307,0.9826179,5508.762,0.9887068
5516.976,0.9990108,5514.821,0.97035545,5509.1997,0.9976906,5510.0312,1.0060893
5518.247,0.98997766,5516.0913,0.97022945,5510.4688,1.0030212,5511.3003,0.98199266
5519.518,1.0056251,5517.3623,0.98637176,5511.738,0.9963691,5512.5693,0.97688365
5520.7896,1.006804,5518.6333,0.99204975,5513.0073,0.9826257,5513.839,0.9749411
5522.061,1.000627,5519.905,1.00155,5514.2773,0.9820499,5515.109,0.99280465
5523.333,0.9992612,5521.1763,0.9792492,5515.5474,1.0051575,5516.379,1.0022892
5524.605,0.96831816,5522.448,0.97871387,5516.818,1.0010306,5517.6494,1.0000815
5525.8774,0.96287405,5523.72,0.96292937,5518.089,1.0161664,5518.9204,1.0042006
5527.1504,0.9507573,5524.9927,0.9556411,5519.36,1.0143054,5520.1914,1.0075552
5528.424,0.9147319,5526.2656,0.95833087,5520.6313,1.0145258,5521.463,1.0067053
5529.697,0.9446531,5527.539,0.961301,5521.903,1.0054002,5522.7344,1.0097545
5530.9707,0.9793451,5528.812,0.9441374,5523.175,1.0088526,5524.0063,1.0060222
5532.2446,0.98947746,5530.086,0.9426935,5524.447,1.0038561,5525.2783,0.9841856
5533.519,0.98087096,5531.36,0.96749866,5525.719,0.99587667,5526.551,0.9643359
5534.7935,0.9670422,5532.6343,0.98548925,5526.992,0.9730193,5527.8237,0.9200403
5536.0684,0.9676347,5533.9087,0.97728956,5528.2656,0.94066536,5529.097,0.9367362
5537.3438,0.98864,5535.1836,0.97798455,5529.5386,0.95287687,5530.37,0.9809828
5538.619,0.99590486,5536.459,0.97735906,5530.8125,0.9897902,5531.644,0.9991244
5539.895,0.9857698,5537.7344,0.9850747,5532.0864,1.0082053,5532.918,0.9899894
5541.171,1.0113026,5539.0103,0.9858286,5533.361,1.0018295,5534.1924,0.9802899
5542.4473,0.9861855,5540.286,0.9849653,5534.6353,0.98327214,5535.467,0.9690555
5543.7236,0.9766323,5541.5625,0.99091846,5535.91,0.97983766,5536.7417,0.9900963
5545.001,0.9840146,5542.839,0.9797257,5537.1855,0.9910622,5538.017,1.0026699
5546.278,0.97381616,5544.116,0.97487384,5538.461,1.0065627,5539.2925,0.9952953
5547.5557,0.9991055,5545.393,0.9816935,5539.737,1.0012093,5540.5684,1.0019469
5548.8335,1.0023417,5546.671,0.9745757,5541.0127,1.0135168,5541.844,0.9997896
5550.1113,1.000688,5547.9487,0.9847355,5542.289,0.9991641,5543.1206,0.9813179
5551.3896,1.0057622,5549.2266,0.9934579,5543.5654,0.99297845,5544.397,0.9805704
5552.6685,0.9952813,5550.505,0.971614,5544.843,0.9953744,5545.6743,0.99131286
5553.9473,0.9818832,5551.7837,0.98335344,5546.1196,1.002175,5546.951,0.99256957
5555.2266,0.97133464,5553.0625,0.98695314,5547.3975,1.0033555,5548.229,1.0058666
5556.5063,0.99187684,5554.342,0.9760776,5548.6753,1.0111182,5549.507,1.0105641
5557.786,0.98961514,5555.6216,0.9826682,5549.953,1.0061598,5550.7847,1.0136555
5559.0664,1.0015255,5556.9014,0.9787168,5551.2314,1.0139432,5552.063,1.0083275
5560.3467,0.9913287,5558.1816,0.9747214,5552.5103,1.0046849,5553.342,0.9925146
5561.6274,0.9683808,5559.462,0.98533845,5553.789,0.997781,5554.6206,0.9946822
5562.9087,0.9490751,5560.7427,0.9887463,5555.0684,0.9898281,5555.9,0.9937359
5564.19,0.95962447,5562.024,0.9706003,5556.348,0.9923636,5557.1797,0.99802923
5565.4717,0.97060525,5563.305,0.96484745,5557.628,1.0109872,5558.4595,0.996299
5566.7534,0.9426196,5564.587,0.9701493,5558.908,1.0050799,5559.7397,1.000561
5568.0356,0.96833485,5565.8687,0.97023433,5560.1885,0.9964174,5561.02,0.99166095
5569.3184,0.94431406,5567.151,0.96558213,5561.469,1.0012048,5562.301,0.98174083
5570.601,0.9663927,5568.4336,0.9558344,5562.7505,0.99198556,5563.582,0.9750818
5571.8843,0.95361036,5569.7163,0.95769787,5564.0317,0.9847956,5564.8633,0.9784049
5573.1675,0.9338118,5570.9995,0.96460986,5565.3135,0.9868017,5566.145,0.9752567
5574.451,0.9634452,5572.2827,0.97279036,5566.595,0.9832258,5567.427,0.98085237
5575.7354,0.95289075,5573.5664,0.97652435,5567.8774,0.9890951,5568.709,0.97245497
5577.0195,0.93835175,5574.8506,0.9643812,5569.16,0.9837009,5569.9917,0.9681422
5578.304,0.9705951,5576.135,0.96682495,5570.443,0.97404224,5571.2744,0.96906006
5579.5894,0.95408416,5577.4194,0.9730078,5571.726,0.97895837,5572.5576,0.9526011
5580.8745,0.98637223,5578.7046,0.9710987,5573.0093,0.96946347,5573.841,0.95688236
5582.1597,0.9678791,5579.9897,0.9683108,5574.293,0.97008437,5575.1245,0.97493297
5583.446,0.98677295,5581.275,0.9798558,5575.577,0.98141015,5576.4087,0.97339463
5584.7314,0.97310823,5582.561,0.972219,5576.8613,0.9800573,5577.693,0.9772294
5586.018,0.9799703,5583.8467,0.9530256,5578.146,0.9844846,5578.9775,0.9818451
5587.3047,0.904765,5585.1333,0.94398856,5579.431,0.99530303,5580.2627,0.9804777
5588.592,0.89420635,5586.42,0.94388205,5580.7163,1.0054027,5581.548,0.9833065
5589.879,0.9105587,5587.707,0.9331698,5582.0015,0.989421,5582.833,0.987139
5591.1665,0.95000947,5588.994,0.932627,5583.2876,0.98644197,5584.119,0.99944353
5592.454,0.9676011,5590.2817,0.94031477,5584.573,0.99968624,5585.405,0.9762617
5593.7427,0.93089736,5591.5693,0.9388591,5585.86,0.9844054,5586.6914,0.936243
5595.031,0.9510281,5592.858,0.95227176,5587.1465,0.94510597,5587.978,0.9101037
5596.32,0.9590645,5594.146,0.96199495,5588.4336,0.9267196,5589.265,0.9226204
5597.609,0.961632,5595.435,0.9469036,5589.7207,0.94083846,5590.5522,0.9548668
5598.898,0.941069,5596.724,0.93551415,5591.0083,0.96442527,5591.84,0.9764059
5600.1875,0.9269934,5598.013,0.94512695,5592.296,0.9872662,5593.1274,0.959356
5601.4775,0.9301976,5599.3027,0.9398017,5593.5845,0.9801969,5594.416,0.9387638
5602.7676,0.9132279,5600.593,0.9544329,5594.8726,0.96164006,5595.704,0.96891207
5604.058,0.92892563,5601.883,0.9596561,5596.1616,0.97279876,5596.993,0.98342514
5605.349,0.96206844,5603.1733,0.95292753,5597.4507,0.9869136,5598.282,0.95460826
5606.64,0.99061143,5604.4644,0.9625672,5598.7397,0.96164495,5599.5713,0.9493935
5607.9316,0.9919391,5605.7554,0.96592504,5600.0293,0.96112776,5600.861,0.9503886
5609.223,0.987426,5607.047,0.9898582,5601.3193,0.968864,5602.151,0.928218
5610.5156,0.991017,5608.3384,0.99410856,5602.6094,0.93897724,5603.441,0.9440346
5611.8076,1.0061604,5609.631,0.9916167,5603.9,0.9508718,5604.7314,0.9885952
5613.1,0.99939007,5610.923,0.97568923,5605.191,0.99440974,5606.0225,1.0093837
5614.393,0.9450671,5612.2153,0.9700624,5606.482,1.0017198,5607.3135,1.00195
5615.6865,0.9043528,5613.5083,0.96336824,5607.7734,1.0146006,5608.605,1.0113426
5616.98,0.9190912,5614.802,0.9720613,5609.065,1.0103471,5609.8965,0.99940133
5618.274,0.9674076,5616.095,0.9608393,5610.3574,1.0103582,5611.189,1.0107713
5619.568,0.9837986,5617.389,0.9572017,5611.6494,1.0124338,5612.481,1.0121793
5620.8623,0.9708557,5618.683,0.95128417,5612.942,1.0097809,5613.7734,0.9886101
5622.1567,0.9907998,5619.9775,0.95511156,5614.235,0.9878945,5615.0664,0.9351406
5623.4517,0.99238795,5621.272,0.9650091,5615.5283,0.9510921,5616.36,0.9265521
5624.747,0.9640562,5622.567,0.9813425,5616.822,0.9377727,5617.6533,0.9716575
5626.043,0.9573991,5623.8623,0.97278434,5618.1157,0.9794548,5618.9473,0.98687506
5627.339,0.9721033,5625.158,0.9803643,5619.4097,0.99920493,5620.241,0.9842862
5628.635,1.0016178,5626.454,0.9791559,5620.704,0.99694234,5621.5356,0.9960961
5629.931,0.99599355,5627.75,0.99314165,5621.9985,0.9975412,5622.83,0.99124676
5631.228,0.9955616,5629.0464,0.98691535,5623.2935,0.9921551,5624.125,0.9633384
5632.525,1.0105424,5630.3433,0.99381596,5624.589,0.9692673,5625.4204,0.95277387
5633.8228,0.9997126,5631.64,0.9874583,5625.885,0.9642797,5626.7163,0.9901789
5635.12,0.9713978,5632.938,0.98921335,5627.1807,0.9908715,5628.012,0.9971273
5636.418,0.9807959,5634.2354,0.9851155,5628.4766,1.004656,5629.308,1.0061854
5637.7163,0.9692177,5635.533,0.97864264,5629.773,1.0042855,5630.6045,1.0014122
5639.015,0.96271205,5636.8315,0.972275,5631.07,1.0116262,5631.9014,1.0080318
5640.314,0.96605235,5638.1304,0.97403395,5632.3667,1.0030192,5633.198,1.0000094
5641.6133,0.9718537,5639.429,0.9749789,5633.6646,0.998481,5634.496,0.98719275
5642.9126,0.98217404,5640.7285,0.96033263,5634.962,0.9932966,5635.7935,0.99176925
5644.2124,0.97213095,5642.028,0.97540426,5636.26,0.9906401,5637.0913,0.98104817
5645.512,0.99418956,5643.3276,0.9780562,5637.558,0.9814009,5638.3896,0.9700256
5646.8125,0.9789107,5644.6274,0.98206925,5638.857,0.9851662,5639.6885,0.97988456
5648.1133,0.9987258,5645.9277,0.97577965,5640.156,0.9855553,5640.9873,0.9765821
5649.4146,0.98336357,5647.2285,0.9902671,5641.455,0.9857895,5642.2866,0.9826361
5650.716,0.9812716,5648.53,0.98745114,5642.7544,0.98579526,5643.586,0.99168384
5652.017,0.96371245,5649.831,0.9792308,5644.054,0.9916038,5644.8857,0.9892898
5653.319,0.98747003,5651.1323,0.96959627,5645.354,0.9942168,5646.1855,0.999907
5654.621,0.95917547,5652.434,0.97596574,5646.6543,1.0022866,5647.486,0.9986997
5655.924,0.9519088,5653.7363,0.9675784,5647.955,1.0060216,5648.7866,0.99319166
5657.2266,0.97501844,5655.039,0.9561668,5649.2563,0.9954678,5650.088,0.9871445
5658.5293,0.9175888,5656.342,0.94818205,5650.5576,0.99433124,5651.389,0.99413145
5659.833,0.93871367,5657.6445,0.9597781,5651.859,1.0006636,5652.6904,0.999493
5661.1367,0.9706559,5658.948,0.945523,5653.1606,0.99987084,5653.992,0.9810323
5662.4404,0.9557238,5660.252,0.95302755,5654.463,0.9876661,5655.2944,0.9694582
5663.7446,0.95728403,5661.5557,0.9616872,5655.7656,0.9783896,5656.597,0.9637896
5665.0493,0.9762487,5662.86,0.9661707,5657.0684,0.9728972,5657.9,0.93630177
5666.354,0.986677,5664.1646,0.9709875,5658.371,0.9548563,5659.2026,0.9348757
5667.659,0.9851915,5665.469,0.97366065,5659.675,0.95430505,5660.5063,0.9683599
5668.965,0.99494886,5666.7744,0.97434646,5660.9785,0.97538745,5661.81,0.9721455
5670.2705,0.9894484,5668.08,0.97465307,5662.282,0.97820354,5663.114,0.96295863
5671.5767,0.98446673,5669.3857,0.9818,5663.5864,0.97644407,5664.418,0.974283
5672.883,1.0226575,5670.692,0.9809209,5664.891,0.9872659,5665.7227,0.9887092
5674.1895,0.9957735,5671.998,0.97568405,5666.196,0.98876756,5667.0273,0.97901785
5675.4966,0.992485,5673.3047,0.9843244,5667.501,0.98334223,5668.3325,0.9725059
5676.8037,0.9883822,5674.612,0.99010587,5668.8066,0.98751134,5669.638,0.9848693
5678.1113,0.99942434,5675.919,0.9828087,5670.1123,0.99087447,5670.944,0.9917974
5679.4194,1.0034114,5677.2266,0.98364115,5671.4185,0.9994337,5672.25,1.0050864
5680.7275,0.9853533,5678.5347,0.98015296,5672.7246,1.0090274,5673.556,1.0068325
5682.036,0.97939306,5679.843,0.97844756,5674.0312,1.0052825,5674.863,0.9898573
5683.3447,0.9613097,5681.1514,0.9774642,5675.3384,0.9914506,5676.17,0.9908233
5684.654,0.94160473,5682.46,0.9779656,5676.6455,0.99088126,5677.477,0.9936521
5685.9634,0.95035446,5683.769,0.9713907,5677.953,0.99755275,5678.7847,0.99236774
5687.273,0.9326946,5685.0786,0.96127445,5679.261,0.9989019,5680.093,0.99508834
5688.583,0.94438833,5686.388,0.96817505,5680.5693,0.99475354,5681.401,0.98596245
5689.893,0.96172047,5687.698,0.9690165,5681.878,0.98861814,5682.7095,0.9635117
5691.2036,0.97401255,5689.0083,0.96428096,5683.1865,0.9728852,5684.018,0.9564444
5692.5146,0.9863898,5690.319,0.97184014,5684.4956,0.9719462,5685.327,0.97549534
5693.8257,0.97881305,5691.63,0.9720147,5685.805,0.9814948,5686.6367,0.9684338
5695.137,0.9862305,5692.941,0.97943807,5687.1147,0.9722373,5687.9463,0.9597305
5696.449,1.000039,5694.2524,0.9825027,5688.425,0.96566683,5689.2563,0.9702314
5697.761,0.99338543,5695.5645,0.9908814,5689.735,0.97422045,5690.5664,0.9805145
5699.0737,0.988696,5696.8765,0.98435324,5691.0454,0.99360836,5691.877,0.98610157
5700.386,0.9640199,5698.189,0.98616475,5692.3564,0.9901588,5693.188,0.9958207
5701.699,0.948336,5699.5015,0.98238236,5693.6675,1.0003684,5694.499,0.9896235
5703.0127,0.99039876,5700.8145,0.976101,5694.979,0.99801046,5695.8105,0.99506253
5704.326,0.9947975,5702.128,0.9784352,5696.291,0.99716794,5697.1226,0.9995364
5705.64,0.9540036,5703.4414,0.97785914,5697.603,1.0004,5698.4346,0.99141717
5706.9546,0.95322734,5704.7554,0.95037985,5698.9155,0.99169844,5699.747,0.98865277
5708.269,0.94531304,5706.07,0.96562946,5700.228,0.9947946,5701.0596,0.97634274
5709.584,0.911172,5707.3843,0.95393634,5701.541,0.98550946,5702.3726,0.97531724
5710.899,0.9111615,5708.699,0.92854947,5702.8545,0.9807246,5703.686,0.9930007
5712.2144,0.9360612,5710.014,0.9606566,5704.168,0.9964014,5704.9995,0.9796987
5713.53,0.9733289,5711.3296,0.9501538,5705.482,0.98472905,5706.3135,0.9675527
5714.846,0.969387,5712.645,0.96434504,5706.7964,0.9818741,5707.628,0.9605092
5716.1626,0.9521825,5713.9614,0.9630086,5708.111,0.96883607,5708.9424,0.9353514
5717.479,0.9865366,5715.278,0.9803612,5709.426,0.9544978,5710.2573,0.9306322
5718.796,0.97986287,5716.594,0.97654444,5710.7407,0.9489026,5711.5723,0.94270086
5720.1133,0.9912134,5717.911,0.994906,5712.056,0.9618376,5712.8877,0.9710501
5721.4307,1.0016593,5719.2285,0.98165745,5713.3716,0.98065954,5714.203,0.982239
5722.7485,1.0041363,5720.546,0.9836129,5714.688,0.9912585,5715.5195,0.996591
5724.067,1.0073279,5721.864,0.99865246,5716.0044,1.0004172,5716.836,0.99476945
5725.3853,1.0183408,5723.182,0.98926485,5717.321,0.9975283,5718.1523,0.9974248
5726.704,1.0144985,5724.5005,1.003585,5718.6377,0.9926932,5719.469,0.99346626
5728.023,1.0010878,5725.8193,0.98603153,5719.955,1.0004117,5720.7866,1.0024129
5729.3423,1.0045714,5727.138,0.9945511,5721.2725,1.0019058,5722.104,0.99831426
5730.662,1.0062417,5728.4575,1.0009531,5722.5903,1.0037723,5723.422,1.004887
5731.982,0.97466016,5729.7773,0.98591673,5723.9087,1.0064484,5724.74,1.0034465
5733.3022,0.9878956,5731.097,0.9901144,5725.227,1.0069306,5726.0586,1.0060263
5734.623,1.0002643,5732.4175,0.99370056,5726.546,1.0130045,5727.3774,0.99992883
5735.944,1.000554,5733.7383,0.9841519,5727.8647,1.0053556,5728.6963,0.9977756
5737.265,0.983171,5735.059,0.9892297,5729.184,1.0013655,5730.0156,1.0053607
5738.5864,0.98075306,5736.3804,0.99399835,5730.504,1.0013094,5731.3354,0.9971669
5739.908,1.011263,5737.7017,0.9791607,5731.8237,0.9960422,5732.6553,0.9965156
5741.2305,1.0043496,5739.0234,0.99273384,5733.144,1.0011632,5733.9756,1.0069551
5742.5527,1.0076838,5740.3457,1.0020458,5734.465,1.0061688,5735.2964,1.0079498
5743.8755,0.99587595,5741.668,0.9758971,5735.7856,1.0049411,5736.617,0.9985002
5745.1987,1.0009046,5742.9907,1.0007517,5737.107,1.0080459,5737.9385,1.0053588
5746.522,1.008374,5744.314,1.004364,5738.428,1.0053306,5739.26,1.0030856
5747.8457,0.9939687,5745.637,0.9968226,5739.75,1.009434,5740.5815,1.0084685
5749.1694,0.99776816,5746.961,0.98987955,5741.0723,1.011488,5741.904,0.9977875
5750.4937,0.9819886,5748.2847,0.98677075,5742.3945,1.0109614,5743.226,0.9936916
5751.8184,0.9962929,5749.609,0.9976902,5743.7173,1.0072138,5744.549,1.0115948
5753.143,0.9639838,5750.9336,0.96153575,5745.0405,1.0060034,5745.872,1.0048894
5754.4683,0.93246907,5752.2583,0.9889808,5746.364,1.0087466,5747.1953,0.9965467
5755.7935,0.9743623,5753.5835,0.97525775,5747.6875,0.998392,5748.519,0.99556386
5757.1196,0.9873447,5754.9087,0.9785603,5749.011,1.003973,5749.843,1.0052286
5758.4453,0.99804395,5756.235,0.97396785,5750.3354,1.0101148,5751.167,1.0024583
5759.772,1.0295244,5757.5605,0.9716123,5751.66,0.9993515,5752.4917,0.9731255
5761.0986,0.99574953,5758.887,0.97364587,5752.985,0.9824273,5753.8164,0.9675499
5762.4253,0.9886268,5760.214,0.9811429,5754.31,0.9741402,5755.1416,0.9809581
5763.753,0.9621182,5761.5405,0.9862716,5755.6353,0.9934654,5756.467,1.0014299
5765.0806,0.9821863,5762.868,0.9878258,5756.9614,0.9995081,5757.793,1.0081468
5766.408,0.9997505,5764.196,0.96607,5758.287,1.0049589,5759.1187,1.0023601
5767.7363,1.0068077,5765.5234,0.9841057,5759.614,1.0091518,5760.4453,0.99843305
5769.065,1.0049587,5766.8516,0.97631586,5760.9404,1.0006717,5761.772,0.98601663
5770.394,1.0029444,5768.18,0.9763931,5762.267,0.9943467,5763.0986,0.97498935
5771.723,1.0120693,5769.5093,0.9920032,5763.5947,0.98293495,5764.4263,0.9950926
5773.0522,1.0117623,5770.8384,0.9820017,5764.9224,0.9996272,5765.754,1.005841
5774.3823,0.9914897,5772.1675,0.98630744,5766.25,1.0064536,5767.0815,1.0022056
5775.7124,0.9905058,5773.4976,0.9783035,5767.578,1.0135875,5768.4097,1.0147978
5777.0425,0.98679507,5774.8276,0.97120833,5768.9067,1.0079542,5769.7383,1.0096477
5778.373,1.007133,5776.1577,0.9878902,5770.236,1.0099288,5771.0674,1.0011071
5779.704,0.99676365,5777.4883,0.9866674,5771.565,1.0089828,5772.3965,0.9995529
5781.0356,0.96371573,5778.8193,0.97643554,5772.894,1.0023811,5773.7256,0.9978271
5782.367,0.9775523,5780.151,0.9708408,5774.224,0.9974176,5775.0557,1.0010022
5783.6987,0.9655106,5781.4824,0.9607025,5775.554,0.9945368,5776.3857,1.0043906
5785.0312,0.955304,5782.814,0.96927816,5776.8843,1.0000314,5777.716,1.0133123
5786.364,0.983787,5784.1465,0.9715079,5778.215,1.0095721,5779.0464,1.0021842
5787.6963,0.9864159,5785.479,0.9585807,5779.546,0.9972626,5780.3774,0.99254984
5789.0293,0.98166686,5786.8115,0.9663987,5780.8774,0.99050677,5781.709,0.98371714
5790.363,0.9787639,5788.1445,0.96395564,5782.209,0.98629147,5783.0405,0.98251516
5791.697,0.97327656,5789.478,0.96854246,5783.5405,0.9904975,5784.372,0.9883
5793.031,0.98614746,5790.812,0.981019,5784.873,0.98692495,5785.7046,0.97999114
5794.3647,1.0027287,5792.146,0.9735324,5786.2056,0.99881154,5787.037,0.994827
5795.6997,1.024739,5793.48,0.9759606,5787.538,0.9978238,5788.3696,1.0001614
5797.0347,1.0017452,5794.815,0.98409766,5788.871,1.0002528,5789.7026,1.0030566
5798.3696,1.0019121,5796.15,0.98031443,5790.2046,1.004109,5791.036,0.98140085
5799.7056,0.98614734,5797.485,0.98928946,5791.5386,0.9914227,5792.37,0.98891526
5801.0415,0.9968177,5798.821,0.97969687,5792.8726,1.002672,5793.704,0.99651015
5802.3774,1.0014527,5800.1567,0.999122,5794.2065,1.0004926,5795.038,1.0037783
5803.714,0.9973982,5801.4927,0.9825726,5795.5415,1.0037634,5796.373,1.0095291
5805.051,0.99746627,5802.829,1.0061964,5796.8765,0.9967644,5797.708,0.9944239
5806.3877,0.97938836,5804.166,0.983093,5798.2114,1.0004438,5799.043,1.0040032
5807.725,0.97540694,5805.503,0.9942051,5799.5474,1.0069835,5800.379,1.0045111
5809.063,1.0118257,5806.8403,0.9889868,5800.8833,1.0063634,5801.715,1.0130562
5810.401,0.9784173,5808.178,0.98390144,5802.219,1.010702,5803.051,1.0119903
5811.7393,1.0136703,5809.516,0.9838517,5803.5557,1.0127143,5804.387,0.993168
5813.078,1.003162,5810.8545,0.9742363,5804.8926,1.0050632,5805.724,1.0027949
5814.417,0.97819424,5812.1934,0.97951734,5806.2295,0.9943199,5807.061,0.9934195
5815.7563,0.9642476,5813.532,1.003025,5807.567,1.0023413,5808.3984,1.0035329
5817.0957,1.0016642,5814.8716,0.99764144,5808.905,1.001896,5809.7363,1.0046668
5818.4355,1.0130174,5816.211,1.002182,5810.2427,1.002107,5811.074,1.0066785
5819.776,1.0156641,5817.551,1.0123072,5811.581,1.0106214,5812.4126,1.0127423
5821.116,1.0027496,5818.891,0.99114275,5812.92,1.0109717,5813.7515,1.0070207
5822.457,1.0314198,5820.2314,1.014963,5814.259,1.0127217,5815.0903,1.0033991
5823.7983,1.0189977,5821.5723,1.0106857,5815.598,1.0037109,5816.4297,0.9909464
5825.1396,1.0186116,5822.9136,1.003566,5816.9375,1.0012852,5817.769,1.0004667
5826.4814,1.0014647,5824.255,1.0127802,5818.2773,1.0032301,5819.109,1.0126438
5827.823,0.99969673,5825.5967,1.0058124,5819.6177,1.0148262,5820.449,1.013222
5829.166,1.0033555,5826.9385,1.0143542,5820.958,1.0154041,5821.7896,1.0102838
5830.5083,0.9999859,5828.2812,1.0052559,5822.299,1.0179853,5823.1304,1.0063634
5831.8516,0.99948436,5829.6235,1.0057496,5823.64,1.0161093,5824.4717,1.00759
5833.195,0.99885035,5830.967,1.0125159,5824.9814,1.0136247,5825.813,1.00778
5834.538,1.0072126,5832.31,1.00328,5826.323,1.0118634,5827.155,1.0012352
5835.8823,1.0034722,5833.6533,1.0146383,5827.665,1.0176587,5828.4966,1.0054221
5837.2266,1.0004531,5834.9976,1.0159773,5829.008,1.013974,5829.8394,1.0131098
5838.571,0.99696845,5836.342,1.0090795,5830.35,1.0214809,5831.1816,1.0002743
5839.9155,0.9979769,5837.686,1.0086278,5831.6934,1.0147061,5832.525,1.0081184
5841.2607,0.9984181,5839.031,1.0077033,5833.0366,1.0131792,5833.868,1.0066042
5842.6064,1.0351996,5840.376,1.0069174,5834.38,1.0152287,5835.2114,1.0147458
5843.952,1.0103569,5841.7217,0.9926916,5835.724,1.0199329,5836.5557,1.0034236
5845.2983,1.0070817,5843.0674,1.0069629,5837.0684,1.017087,5837.9,1.0051471
5846.6445,0.99450403,5844.4136,1.0095397,5838.4126,1.0132205,5839.244,1.0073152
5847.991,1.0130988,5845.76,1.0050644,5839.7573,1.0165038,5840.589,1.0062412
5849.3384,1.0146093,5847.1064,1.0144259,5841.1025,1.0230839,5841.934,1.0074589
5850.6855,1.0111398,5848.4536,1.0028359,5842.448,1.0197661,5843.28,1.0151184
5852.033,0.9989805,5849.801,1.0041151,5843.794,1.0217975,5844.6255,1.0070592
5853.381,0.97501445,5851.1484,0.983323,5845.14,1.0161786,5845.9717,1.0060525
5854.7295,0.98423296,5852.496,0.9937269,5846.4863,1.0150944,5847.318,1.000121
5856.0776,0.95859885,5853.8447,0.99424297,5847.833,1.0213777,5848.6646,1.0059093
5857.427,0.94235075,5855.193,0.9683534,5849.18,1.0143987,5850.0117,1.0006173
5858.776,0.940955,5856.542,0.9785895,5850.5273,1.0155258,5851.359,1.0039631
5860.1255,0.957418,5857.891,0.96611893,5851.875,1.0153619,5852.7065,0.995286
5861.475,0.9722979,5859.2407,0.9765495,5853.2227,1.0018318,5854.054,0.986467
5862.825,0.96873343,5860.5903,0.97733086,5854.5713,0.9901798,5855.403,0.9897001
5864.176,1.0080211,5861.9404,0.96538085,5855.9194,0.99607277,5856.751,0.9730942
5865.5264,0.99965763,5863.291,1.0041622,5857.2686,0.9886776,5858.1,0.96008855
5866.8774,0.98921365,5864.6416,0.99484867,5858.6177,0.97255254,5859.449,0.9800677
5868.2285,0.99975544,5865.9927,0.989799,5859.9673,0.98441666,5860.799,0.989611
5869.5806,0.9895904,5867.3438,0.9924619,5861.317,0.9999768,5862.1484,0.9870261
5870.932,1.0091655,5868.696,1.0076264,5862.667,0.99568766,5863.4985,0.99355304
5872.2847,1.0110619,5870.0474,1.0004921,5864.0176,0.99687064,5864.849,1.0028161
5873.637,1.0058124,5871.4,0.9975944,5865.368,1.008908,5866.1997,1.0046409
5874.99,0.9945317,5872.7524,1.0018653,5866.719,1.00788,5867.551,0.9978017
5876.3433,0.986838,5874.1055,0.9777694,5868.0703,1.0033207,5868.902,0.9979565
5877.697,0.97808,5875.4585,0.978677,5869.4224,1.0091119,5870.254,1.0061811
5879.051,0.9972902,5876.812,0.97538537,5870.774,1.0102878,5871.6055,1.0087718
5880.405,1.0179688,5878.166,0.9751423,5872.1265,1.0155737,5872.958,1.0043014
5881.7593,1.0164875,5879.52,0.99283606,5873.479,1.0048411,5874.3105,1.0067886
5883.1143,0.98615646,5880.8745,0.99590427,5874.832,1.008613,5875.6636,1.0099074
5884.469,0.9688929,5882.2295,0.98586345,5876.185,0.99490917,5877.0166,1.0009675
5885.8247,0.98048675,5883.5845,0.97448456,5877.5386,1.0063852,5878.37,1.001801
5887.18,0.94764626,5884.94,0.96535695,5878.8926,1.0033023,5879.724,0.9997429
5888.536,0.90062046,5886.2954,0.94650435,5880.2466,1.0010419,5881.078,0.9912678
5889.8926,0.8423341,5887.6514,0.9333373,5881.601,1.0071937,5882.4326,0.9948379
5891.249,0.8590471,5889.008,0.93296653,5882.956,1.001093,5883.7876,0.9846457
5892.6064,0.91718465,5890.3643,0.9145744,5884.311,0.9947105,5885.1426,0.98026526
5893.9634,0.92538327,5891.7217,0.9086633,5885.6665,0.9944598,5886.498,0.9854533
5895.3213,0.897758,5893.0786,0.91685253,5887.022,0.9508391,5887.8535,0.96540624
5896.6787,0.87788177,5894.4365,0.91820645,5888.378,0.85827804,5889.2095,0.8891798
5898.037,0.89081186,5895.794,0.9268075,5889.7344,0.82636034,5890.566,0.84358954
5899.3955,0.92789465,5897.1523,0.93917656,5891.091,0.81872743,5891.9224,0.8951829
5900.7544,0.9559818,5898.5107,0.95923984,5892.448,0.84749436,5893.28,0.9490909
5902.114,0.9902225,5899.8696,0.94106996,5893.805,0.90318286,5894.6367,0.92308575
5903.473,0.9953378,5901.229,0.97518235,5895.163,0.8764003,5895.9946,0.888796
5904.833,1.0267549,5902.5884,0.99249446,5896.5205,0.8230759,5897.352,0.89590317
5906.193,1.0058401,5903.948,0.98167574,5897.879,0.90687263,5898.7104,0.9460913
5907.553,1.0278585,5905.308,0.99481726,5899.2373,0.9762521,5900.069,0.97592807
5908.914,0.9998327,5906.6685,0.99094933,5900.596,0.99115366,5901.4277,0.98078704
5910.275,0.9982917,5908.0293,0.9994849,5901.9556,0.992853,5902.787,0.9870827
5911.636,1.028131,5909.39,0.9839353,5903.315,1.004897,5904.1465,0.99069625
5912.998,1.0068905,5910.7515,0.9925668,5904.675,1.000672,5905.5063,0.98644555
5914.36,0.98740476,5912.1133,0.9787211,5906.0347,0.99393684,5906.866,0.98538357
5915.722,0.9933116,5913.475,0.9901595,5907.395,0.9976479,5908.2266,0.98088455
5917.085,1.0313022,5914.8374,0.9780466,5908.756,0.998623,5909.5874,0.99667394
5918.4478,0.982687,5916.2,0.99239844,5910.1167,1.0053895,5910.948,0.99060696
5919.811,1.0035609,5917.563,0.99517274,5911.478,1.0086259,5912.3096,0.98971575
5921.175,1.0066838,5918.9263,0.98718953,5912.84,1.0019412,5913.6714,0.97177255
5922.5386,1.0069675,5920.29,1.0005238,5914.2017,0.9913673,5915.033,0.9644466
5923.9023,0.9795679,5921.654,0.9969299,5915.564,0.9931348,5916.3955,0.9837726
5925.267,1.0436972,5923.0176,0.99930835,5916.927,1.0013841,5917.7583,0.98436475
5926.632,1.0093881,5924.3823,1.0003875,5918.2896,1.000604,5919.121,0.9890779
5927.997,1.0356818,5925.747,0.9913283,5919.653,1.0067686,5920.4844,0.9872732
5929.3623,0.99457544,5927.1123,0.9788573,5921.0166,1.0038816,5921.848,0.994318
5930.728,1.0001441,5928.4775,0.9860238,5922.3804,1.0039519,5923.212,1.0049793
5932.094,0.99482,5929.8433,0.9806667,5923.744,1.0106833,5924.5757,1.0010513
5933.4604,0.99170053,5931.2095,0.97375935,5925.109,0.99975073,5925.9404,1.0035897
5934.827,1.0016967,5932.5757,0.9895945,5926.4736,1.0027459,5927.305,1.0004936
5936.1943,1.006609,5933.9424,0.9915942,5927.839,0.9964207,5928.6704,0.99331564
5937.5615,1.0232589,5935.3096,0.9893133,5929.204,0.9939526,5930.0356,0.9857655
5938.929,1.0703094,5936.677,0.9949146,5930.57,0.98919344,5931.4014,0.9884344
5940.297,1.0286103,5938.0444,0.9925094,5931.936,0.98626137,5932.7676,0.9933271
5941.6655,0.9771041,5939.412,0.97813296,5933.3022,0.9997083,5934.134,0.99993557
5943.0337,0.9844176,5940.781,0.9977834,5934.669,0.99919003,5935.5005,1.0005327
5944.403,0.95918053,5942.149,0.9956231,5936.036,0.99927855,5936.8677,1.010199
5945.772,0.96220315,5943.518,0.987696,5937.4033,1.006577,5938.235,1.0135517
5947.1416,0.9607979,5944.887,0.9855941,5938.771,1.0055139,5939.6025,1.0297983
5948.511,0.94121194,5946.257,1.0023658,5940.1387,1.0079238,5940.97,1.0084023
5949.8813,0.97630125,5947.6265,0.9792474,5941.5073,1.0078229,5942.339,1.0034716
5951.252,0.9780563,5948.9966,0.9884424,5942.8755,1.0065991,5943.707,1.0001084
5952.6226,0.9776401,5950.367,0.99681604,5944.2446,1.006697,5945.076,1.0090482
5953.9937,1.0086333,5951.738,0.97900724,5945.614,1.005397,5946.4453,1.0102671
5955.365,1.0123684,5953.109,1.002,5946.9834,1.0048559,5947.815,0.9924016
5956.737,1.0113577,5954.4805,0.9876039,5948.353,0.9937144,5949.1846,1.0016963
5958.109,0.9814882,5955.852,0.98734313,5949.723,0.98983854,5950.5547,1.0108525
5959.4814,0.9692948,5957.224,0.98724395,5951.0938,0.9936756,5951.9253,1.0047963
5960.854,0.9961104,5958.5967,0.9990031,5952.4644,0.99377024,5953.296,1.0126321
5962.227,1.0105011,5959.969,1.0026164,5953.8354,1.0010076,5954.667,1.0164912
5963.6,1.0134336,5961.3423,1.0050658,5955.207,1.0040847,5956.0386,1.0152409
5964.9736,0.9902253,5962.7153,0.9940863,5956.5786,1.0058416,5957.41,1.0175908
5966.3477,0.9995652,5964.089,1.009788,5957.9507,0.9985041,5958.782,1.0161458
5967.722,0.9855085,5965.463,1.0056607,5959.323,1.0047125,5960.155,1.0167633
5969.0967,1.0038317,5966.8374,0.9968983,5960.696,1.0070797,5961.5273,1.0351536
5970.4717,0.9875687,5968.212,1.0020807,5962.069,1.0049001,5962.9004,1.0299181
5971.8467,1.0025266,5969.587,0.9929691,5963.442,1.016327,5964.2734,1.0256582
5973.222,1.0044743,5970.962,1.0023252,5964.8154,1.014153,5965.647,1.0280485
5974.598,1.0162827,5972.3374,0.99851525,5966.1895,1.0054282,5967.021,1.0182524
5975.974,1.0008647,5973.7134,0.99058545,5967.564,1.0176761,5968.3955,1.0159433
5977.3506,0.9537781,5975.0894,0.9931576,5968.9385,1.0151197,5969.77,1.0182487
5978.7275,1.0245479,5976.466,0.9904208,5970.3135,1.0168992,5971.145,1.0221263
5980.1045,0.99395806,5977.843,0.9772286,5971.6885,1.0100791,5972.52,1.0295604
5981.482,0.9971567,5979.2197,0.9859923,5973.064,1.0166731,5973.8955,1.0315207
5982.86,0.9824097,5980.597,0.9911402,5974.44,1.0119321,5975.2715,1.0182155
5984.238,0.9901893,5981.975,0.977197,5975.816,1.0037901,5976.6475,1.0027246
5985.616,0.94892246,5983.353,0.9800441,5977.1924,0.99919444,5978.024,1.0034468
5986.9946,0.9779967,5984.7314,0.986868,5978.5693,1.0008167,5979.401,1.0134887
5988.374,0.98899555,5986.11,0.98434407,5979.9463,1.0130314,5980.778,1.0212419
5989.753,0.9599646,5987.4893,0.98039204,5981.3237,1.0129857,5982.1553,1.0225288
5991.133,0.99182093,5988.868,0.9837324,5982.7017,1.0175086,5983.533,1.0079118
5992.5127,0.9862641,5990.248,0.99739337,5984.0796,1.0109107,5984.911,0.9871845
5993.893,1.0090517,5991.628,1.0019568,5985.458,0.99058,5986.2896,0.99784017
5995.2734,1.0182662,5993.0083,1.0052775,5986.8364,0.9949635,5987.668,1.0012214
5996.6543,0.96062636,5994.3887,0.99067855,5988.216,1.0046667,5989.0474,1.0036236
5998.0356,1.0053692,5995.7695,0.9939374,5989.5947,1.0129527,5990.4263,1.0105039
5999.4175,1.0023398,5997.151,1.0086433,5990.9746,1.0021032,5991.806,1.01138
6000.7993,0.99457216,5998.5327,0.98675746,5992.3545,1.0113691,5993.186,1.0067399
6002.181,1.0155714,5999.9146,0.9881052,5993.735,1.0078304,5994.5664,1.0134851
6003.564,0.9802636,6001.2964,0.99653876,5995.115,1.0165579,5995.947,1.0144968
6004.947,0.9890233,6002.679,0.98172647,5996.496,1.0050672,5997.3276,1.0107447
6006.3296,0.9636356,6004.062,0.9859515,5997.8774,0.9975648,5998.709,0.9993487
6007.7134,0.99180627,6005.445,0.98117733,5999.2593,1.0048554,6000.091,1.0101074
6009.097,0.9834719,6006.8286,0.98637664,6000.641,0.9996059,6001.4727,1.004187
6010.481,0.9898225,6008.2124,0.9615599,6002.023,1.0092031,6002.8545,1.001259
6011.8657,0.9736553,6009.596,0.9852809,6003.406,0.99582475,6004.2373,0.99299735
6013.2505,0.9718821,6010.981,0.9822737,6004.7886,1.0031519,6005.62,0.9950141
6014.6353,0.9927416,6012.3657,0.9887188,6006.1714,0.9969844,6007.003,0.98816556
6016.0205,0.9794843,6013.7505,0.99719614,6007.555,0.9869692,6008.3867,0.98783135
6017.4062,1.0063138,6015.1357,0.9764094,6008.939,0.9986205,6009.7705,0.98168224
6018.7925,0.9735188,6016.5215,0.98879516,6010.3228,0.98748255,6011.1543,0.98155653
6020.1787,0.9720621,6017.9077,0.97018796,6011.7075,0.9910456,6012.539,0.9950206
6021.5654,0.9711877,6019.294,0.96762395,6013.0923,0.9898769,6013.924,0.9951596
6022.952,0.9627177,6020.6807,0.9689904,6014.477,0.98425204,6015.3086,0.9741745
6024.3394,0.9707329,6022.0674,0.9622548,6015.8623,1.00143,6016.694,0.987769
6025.727,0.9840317,6023.4546,0.9745412,6017.248,0.98861533,6018.0796,0.97868216
6027.115,0.9747163,6024.8423,0.9714028,6018.6343,0.98448616,6019.466,0.97238225
6028.5034,0.982914,6026.2305,0.98372597,6020.0205,0.9771699,6020.852,0.962657
6029.892,1.0179038,6027.6187,0.99988216,6021.407,0.9735442,6022.239,0.9659296
6031.281,0.9968134,6029.0073,0.9918017,6022.794,0.97368145,6023.6255,0.96735996
6032.67,0.9974158,6030.396,0.9919354,6024.181,0.9721716,6025.0127,0.9629403
6034.0596,0.99758905,6031.785,0.9981253,6025.569,0.97247887,6026.4004,0.9741143
6035.449,1.0111697,6033.175,1.0051547,6026.957,0.97966135,6027.7886,0.9840882
6036.8394,1.010597,6034.5645,1.0085064,6028.345,0.98911285,6029.177,0.97923553
6038.23,1.0110666,6035.9546,1.006684,6029.734,0.9884371,6030.5654,0.98426384
6039.6206,1.0063112,6037.345,1.0097325,6031.1226,0.99149597,6031.954,0.99076253
6041.0117,1.0088347,6038.736,0.9981218,6032.5117,0.9933991,6033.3433,0.98008907
6042.4033,0.9919017,6040.127,0.9986663,6033.9014,1.0026793,6034.733,0.9838198
6043.7954,0.96497875,6041.5186,0.99230844,6035.291,0.9879122,6036.1226,0.986
6045.187,0.98378843,6042.9106,0.9877803,6036.681,0.986851,6037.5127,0.9812159
6046.5796,0.9927984,6044.3022,0.9969733,6038.072,0.99426067,6038.9033,0.9806493
6047.972,1.0072416,6045.695,0.98607254,6039.4624,0.9899686,6040.294,0.9821197
6049.365,1.0025516,6047.0874,0.99584556,6040.8535,0.9854586,6041.685,0.9799864
6050.759,1.0255092,6048.4805,0.9950594,6042.245,0.98125577,6043.0767,0.9709244
6052.1523,0.9915036,6049.874,0.99695444,6043.637,0.9816369,6044.4688,0.9819477
6053.5464,0.9635633,6051.2676,1.0099717,6045.029,0.9838128,6045.8604,0.97833115
6054.941,1.0063269,6052.6616,0.97976875,6046.4214,0.9840918,6047.253,0.9820354
6056.3354,0.99534744,6054.056,0.9926674,6047.814,0.983996,6048.6455,0.9779673
6057.7305,0.9999134,6055.4507,0.9860639,6049.207,0.99141574,6050.0386,0.9782036
6059.126,0.98069847,6056.8457,0.98917276,6050.6006,0.9893758,6051.432,0.97668016
6060.5215,0.98736393,6058.241,1.0023845,6051.994,0.97799087,6052.8257,0.97440255
6061.9175,0.99349415,6059.6367,0.9827791,6053.388,0.98059815,6054.2197,0.9691126
6063.3135,0.97971344,6061.0327,0.9917333,6054.7827,0.97565216,6055.6143,0.96250266
6064.71,0.97216964,6062.4287,0.97723025,6056.1772,0.9714841,6057.009,0.96604437
6066.107,0.977259,6063.825,0.9809267,6057.5723,0.9769518,6058.404,0.97420573
6067.5044,0.9914133,6065.222,0.98292696,6058.968,0.981141,6059.7993,0.9797691
6068.902,0.98875934,6066.6196,0.9807362,6060.3633,0.98856,6061.195,0.9806512
6070.3,1.0082253,6068.017,0.99967635,6061.7593,0.9908001,6062.591,0.9807108
6071.6978,1.0051208,6069.415,0.9920802,6063.1553,0.9850234,6063.987,0.96336776
6073.096,0.99883324,6070.813,0.9911105,6064.552,0.97355723,6065.3833,0.9548059
6074.495,1.0079554,6072.2114,1.0020231,6065.9487,0.97126645,6066.7803,0.95965344
6075.8945,1.0053174,6073.6104,0.9906874,6067.346,0.9722895,6068.1777,0.97553086
6077.294,1.0092309,6075.01,0.9890125,6068.7437,0.974874,6069.575,0.9751474
6078.694,1.0021687,6076.409,0.98303926,6070.1416,0.9879321,6070.973,0.97378135
6080.0938,0.97255784,6077.809,0.9812578,6071.5396,0.99372816,6072.371,0.9855331
6081.494,0.976418,6079.209,0.9886705,6072.938,0.9859538,6073.7695,0.981519
6082.895,0.9818679,6080.6094,0.9780253,6074.337,0.99006605,6075.1685,0.98662984
6084.296,0.9873302,6082.0103,0.9765761,6075.7363,0.9904827,6076.568,0.97939694
6085.6973,0.9915632,6083.411,0.97637326,6077.1357,0.9835456,6077.9673,0.96220344
6087.099,0.9857227,6084.8125,0.9714153,6078.5356,0.97947824,6079.367,0.96775657
6088.5015,0.9791256,6086.2144,0.97735023,6079.9355,0.9819576,6080.767,0.9733823
6089.904,1.0093871,6087.6167,0.97965544,6081.336,0.9786708,6082.1675,0.9764572
6091.306,1.0163294,6089.019,0.9817773,6082.737,0.9859161,6083.5684,0.9758547
6092.7095,0.9829657,6090.4214,0.9824731,6084.1377,0.98073727,6084.969,0.9741063
6094.113,0.9812691,6091.8247,0.990746,6085.539,0.9973557,6086.3706,0.9711773
6095.5166,1.0081246,6093.228,0.9778358,6086.941,0.98241,6087.7725,0.97607297
6096.9204,0.98837644,6094.632,0.9907991,6088.3433,0.9873885,6089.175,0.98151535
6098.3247,0.9873998,6096.0356,0.9895726,6089.7456,0.98945874,6090.577,0.98180294
6099.7295,0.9973042,6097.44,0.9672014,6091.148,0.9818415,6091.9795,0.9794827
6101.1343,0.94961065,6098.8447,0.97673917,6092.5513,0.9830682,6093.383,0.9825539
6102.5396,0.9486966,6100.2495,0.9814363,6093.9546,0.99159354,6094.786,0.9894516
6103.9453,0.9404127,6101.655,0.9651481,6095.3584,0.99259037,6096.19,0.99015903
6105.351,0.9754795,6103.0605,0.97098655,6096.762,0.9886065,6097.5938,0.98689216
6106.7573,0.9688523,6104.4663,0.9592885,6098.1665,0.9957769,6098.998,0.9934432
6108.164,0.9944934,6105.8726,0.96840227,6099.5713,0.9937234,6100.403,0.9852005
6109.571,0.976855,6107.2793,0.9696186,6100.976,0.98582625,6101.8076,0.9584097
6110.978,1.006292,6108.686,0.98540807,6102.3813,0.96666276,6103.213,0.94933337
6112.3857,0.99634624,6110.0933,0.99220216,6103.787,0.95951915,6104.6187,0.96241605
6113.7935,0.9808014,6111.501,0.99168134,6105.193,0.9813881,6106.0244,0.97810966
6115.2017,0.9953592,6112.9087,0.9924994,6106.599,0.9880834,6107.4307,1.0007809
6116.6104,0.9817977,6114.317,0.9807744,6108.006,0.99867976,6108.8374,0.9884371
6118.019,0.9906906,6115.7256,0.9863889,6109.4126,0.9915556,6110.244,0.9941839
6119.428,0.9874952,6117.1343,0.97363025,6110.82,1.004132,6111.6514,1.0002143
6120.838,0.96205425,6118.5435,0.9900476,6112.2275,0.9990341,6113.059,0.9996026
6122.2476,0.96402794,6119.953,0.9655477,6113.6353,1.0038093,6114.467,1.0010666
6123.6577,0.9678605,6121.363,0.9698699,6115.0435,1.0013952,6115.875,0.99914217
6125.0684,0.97916913,6122.773,0.97764647,6116.452,1.0097573,6117.2837,0.9996593
6126.479,0.98529935,6124.1836,0.97926766,6117.861,1.0032902,6118.6924,1.0024718
6127.89,0.9887776,6125.594,0.97430986,6119.27,1.007391,6120.1016,0.9946498
6129.302,0.9724444,6127.0054,0.9745236,6120.6797,0.99673474,6121.511,0.9714803
6130.7134,0.9713757,6128.417,0.9908671,6122.0894,0.9721701,6122.921,0.9674777
6132.1255,0.99188,6129.8286,0.98472416,6123.4995,0.980485,6124.331,0.9828258
6133.538,0.9994185,6131.2407,0.9781941,6124.91,0.98963785,6125.7417,0.9913045
6134.9507,0.9843544,6132.6533,0.98093814,6126.321,0.99641734,6127.1523,1.012136
6136.364,0.9285535,6134.066,0.9669843,6127.732,1.0031273,6128.5635,0.9973253
6137.7773,0.9273859,6135.479,0.96042925,6129.1436,1.0038562,6129.975,0.99169666
6139.191,0.94937134,6136.8926,0.9655429,6130.555,1.0061766,6131.3867,1.0207638
6140.605,0.9490683,6138.306,0.95505023,6131.9673,1.0023643,6132.799,1.0102565
6142.0195,0.9477377,6139.72,0.9480809,6133.38,0.998619,6134.2114,1.0031569
6143.434,0.95899224,6141.135,0.95511764,6134.7925,1.0070622,6135.624,0.9807328
6144.849,0.9789166,6142.5493,0.96179837,6136.2056,0.98790073,6137.037,0.96058977
6146.2646,1.0050042,6143.9644,0.9757541,6137.619,0.96739006,6138.4507,0.95715374
6147.68,0.97502625,6145.38,0.9857119,6139.0327,0.96792895,6139.8643,0.9728021
6149.096,0.97465277,6146.7954,0.9852655,6140.447,0.9791507,6141.2783,0.98560745
6150.5127,0.97266465,6148.2114,0.969548,6141.8613,0.9798642,6142.693,0.98642826
6151.929,0.97340333,6149.628,0.9824,6143.276,0.9806774,6144.1074,0.990361
6153.346,0.97506666,6151.0444,0.98328274,6144.691,0.9941605,6145.5225,1.0138412
6154.7637,0.9773842,6152.4614,0.9688081,6146.1064,0.9996005,6146.938,0.9966027
6156.181,0.97278905,6153.879,0.980298,6147.522,0.99696887,6148.3535,0.9966226
6157.599,0.9645843,6155.2964,0.9768982,6148.938,0.996539,6149.7695,1.0001869
6159.0176,0.97837234,6156.7144,0.96486497,6150.3545,0.9998964,6151.186,1.0086997
6160.436,0.9423318,6158.133,0.95446336,6151.771,1.0028168,6152.6025,1.0031879
6161.855,0.9249774,6159.5513,0.9585362,6153.188,1.0006013,6154.0195,0.99834436
6163.2744,0.91622496,6160.97,0.94390184,6154.6055,0.9985059,6155.437,0.99622583
6164.694,0.90787494,6162.3896,0.9411876,6156.023,0.9924975,6156.8545,0.99719954
6166.114,0.9390867,6163.809,0.96447617,6157.441,0.9913121,6158.2725,0.99980116
6167.534,0.96617174,6165.229,0.9328009,6158.8594,0.99893856,6159.691,0.99542767
6168.9546,0.9384891,6166.6494,0.9585286,6160.278,0.9814667,6161.1094,0.96581846
6170.3755,0.95009464,6168.07,0.96022135,6161.697,0.96388984,6162.5283,0.947828
6171.797,0.94616824,6169.4907,0.9691703,6163.116,0.95696044,6163.9478,0.941582
6173.2183,0.9593742,6170.912,0.9676395,6164.5356,0.9580383,6165.367,0.97921705
6174.64,0.97360325,6172.3335,0.9775136,6165.9556,0.98545206,6166.787,0.9914604
6176.0625,0.96430063,6173.7554,0.97355574,6167.376,0.98393923,6168.2075,0.97742397
6177.485,0.95682484,6175.1777,0.9709526,6168.7964,0.971301,6169.628,0.97249997
6178.9077,0.97375643,6176.6,0.9728108,6170.2173,0.9737544,6171.049,0.97032017
6180.331,0.9891701,6178.023,0.9758785,6171.6387,0.9745754,6172.47,0.98609304
6181.7544,0.98583776,6179.4463,0.9849872,6173.06,0.9871076,6173.8916,1.0034566
6183.178,0.9941314,6180.8696,0.988585,6174.482,0.9926927,6175.3135,0.99868
6184.6025,0.9869089,6182.2935,0.98559797,6175.9043,0.9930722,6176.736,0.9987741
6186.027,0.97884935,6183.718,0.9903091,6177.3267,0.9899699,6178.158,0.99886125
6187.4517,0.988596,6185.142,1.000237,6178.7495,0.9987731,6179.581,1.0041645
6188.877,0.9782656,6186.567,0.98600465,6180.173,0.9995827,6181.0044,1.0093534
6190.3027,0.9723707,6187.992,0.9820126,6181.596,0.9952211,6182.4277,1.0103574
6191.7285,0.95327526,6189.418,0.98544484,6183.02,1.0023142,6183.8516,1.0099661
6193.1543,0.9582839,6190.8438,0.9826993,6184.4443,0.99964994,6185.276,1.0084759
6194.581,0.9542557,6192.2695,0.9870707,6185.8687,0.9966338,6186.7,1.0037061
6196.008,0.98597723,6193.6963,0.97543365,6187.2935,0.9962126,6188.125,0.999707
6197.435,0.9978973,6195.123,0.9861151,6188.7188,0.99029547,6189.5503,0.99433315
6198.8623,0.99278474,6196.5503,0.9818016,6190.1445,0.9885574,6190.976,0.9781483
6200.29,0.99167067,6197.9775,1.0037293,6191.5703,0.9778,6192.402,0.98021716
6201.7183,0.990477,6199.4053,0.9905292,6192.996,0.9864671,6193.8276,0.9850879
6203.147,0.99627805,6200.8335,0.9990357,6194.423,0.9832118,6195.2544,1.0022919
6204.5757,0.9896109,6202.262,1.0006409,6195.8496,0.99512076,6196.681,1.003697
6206.005,0.9767659,6203.691,0.982547,6197.277,0.9945404,6198.1084,1.0023873
6207.434,1.0080986,6205.12,1.0088412,6198.704,1.0015473,6199.5356,0.995107
6208.864,1.0066803,6206.5493,0.99320954,6200.132,0.98897964,6200.9634,0.99624217
6210.294,0.99201316,6207.979,1.0029019,6201.56,0.9903972,6202.3916,0.99773
6211.7246,0.9941556,6209.409,0.98310673,6202.989,0.99732983,6203.8203,1.0089787
6213.1553,0.9918031,6210.84,0.99365205,6204.4175,0.99347645,6205.249,1.0122534
6214.5864,0.97350067,6212.2705,0.9771237,6205.8467,0.99239516,6206.678,1.0028073
6216.0176,0.9698992,6213.7017,0.997827,6207.276,0.9973234,6208.1074,1.0104773
6217.449,0.97576785,6215.133,0.98820764,6208.7056,1.0021048,6209.537,1.0061858
6218.8813,0.97570294,6216.5645,0.987309,6210.1357,1.0019095,6210.9673,0.9945182
6220.314,0.97953236,6217.9966,0.9804406,6211.5664,0.98732316,6212.398,0.9926335
6221.7466,0.99083155,6219.429,0.9919128,6212.997,0.9937624,6213.8286,0.9850105
6223.1797,0.9988557,6220.862,0.9879472,6214.428,0.98300755,6215.26,0.9776569
6224.6133,0.99301654,6222.295,0.99187446,6215.8594,0.98411274,6216.691,0.9821369
6226.047,0.9905435,6223.7285,0.98336476,6217.291,0.9874394,6218.1226,0.9874971
6227.481,0.9930122,6225.162,0.99807066,6218.723,0.98677725,6219.5547,0.9817794
6228.915,0.97926116,6226.596,0.9900778,6220.156,0.99366164,6220.9873,0.98291343
6230.35,0.94457847,6228.0303,0.98344666,6221.5884,0.98839027,6222.42,0.9891382
6231.785,0.95436764,6229.4653,0.98696417,6223.0215,1.0013784,6223.853,1.0014999
6233.22,0.98093456,6230.9004,0.98256016,6224.455,1.0010269,6225.2866,0.99442935
6234.6562,0.9674642,6232.3354,0.979416,6225.8887,0.9919468,6226.72,0.99775445
6236.0923,0.99017787,6233.7715,0.9813249,6227.3228,1.001719,6228.1543,0.98852414
6237.5283,0.98808515,6235.2075,0.9802583,6228.757,0.9887991,6229.5884,0.97540504
6238.9653,0.96171874,6236.6436,0.98302853,6230.192,0.9780134,6231.0234,0.9625869
6240.4023,0.961806,6238.0806,0.9881176,6231.627,0.96771914,6232.4585,0.9611429
6241.84,0.97667795,6239.5176,0.99124265,6233.062,0.97426635,6233.8936,0.984647
6243.2773,0.97165227,6240.955,0.97549325,6234.498,0.99096805,6235.3296,0.9868284
6244.7153,0.97994304,6242.3926,0.9710012,6235.934,0.9915609,6236.7656,0.9922097
6246.154,0.95972526,6243.8306,0.98132765,6237.37,0.9855261,6238.2017,0.9694971
6247.5923,0.9616384,6245.269,0.97936773,6238.807,0.98743373,6239.6387,0.9856098
6249.0312,0.9764612,6246.7075,0.9853806,6240.244,0.9883757,6241.0757,0.98273295
6250.4707,0.9774169,6248.1465,0.96708274,6241.6816,0.9880858,6242.513,0.9887912
6251.91,0.962234,6249.586,0.97525644,6243.119,0.9880512,6243.9507,0.97812384
6253.3506,0.959837,6251.0254,0.9671188,6244.557,0.9733428,6245.3887,0.96438336
6254.7905,0.95365024,6252.466,0.9730594,6245.9956,0.9699055,6246.827,0.9581676
6256.2314,0.9653096,6253.906,0.9810174,6247.434,0.97210175,6248.2656,0.9664016
6257.6724,0.96628463,6255.3467,0.9690978,6248.873,0.9774695,6249.7046,0.9902958
6259.114,0.9749559,6256.7876,0.9811368,6250.3125,0.98563486,6251.144,0.98569685
6260.5557,0.9722692,6258.229,0.9793738,6251.752,0.98324543,6252.5835,0.96853286
6261.9976,1.0044031,6259.671,0.99402964,6253.1924,0.9781864,6254.024,0.9556027
6263.44,0.9903078,6261.113,0.98790276,6254.6323,0.9709403,6255.464,0.9658642
6264.8823,0.98225254,6262.555,0.98849875,6256.073,0.97905004,6256.905,0.9672582
6266.3257,0.9790127,6263.9976,0.9985449,6257.514,0.9843392,6258.3457,0.974252
6267.7686,0.9798792,6265.441,0.9966298,6258.9556,0.98358,6259.787,0.9796469
6269.2124,1.0081152,6266.884,0.98725533,6260.3975,0.99860936,6261.229,0.99114716
6270.6562,0.9972913,6268.3276,1.0028752,6261.8394,0.99665946,6262.671,1.0020819
6272.1006,1.0096643,6269.7715,1.0009652,6263.2817,0.99745345,6264.1133,0.99202293
6273.5454,0.9968752,6271.216,1.0001338,6264.724,0.9984045,6265.5557,0.99069154
6274.99,1.0067315,6272.6606,0.98967916,6266.1675,0.9898211,6266.999,0.9941188
6276.4355,0.97015554,6274.1055,0.98378265,6267.6104,0.9975554,6268.442,1.0018586
6277.8813,0.9539478,6275.551,0.94976866,6269.054,0.9973899,6269.8857,0.9960747
6279.327,0.9418939,6276.9966,0.92199993,6270.498,1.00153,6271.3296,0.99782914
6280.774,0.92959595,6278.4424,0.9242435,6271.9424,0.99471885,6272.774,0.99768543
6282.22,0.94423187,6279.889,0.94716966,6273.387,0.9986644,6274.2188,1.0033187
6283.6675,0.971814,6281.3354,0.96396214,6274.832,0.98658055,6275.6636,0.9983421
6285.1147,0.96660775,6282.7827,0.9769747,6276.2773,0.96482944,6277.109,0.9693875
6286.5625,0.971857,6284.23,0.9797188,6277.723,0.9468043,6278.5547,0.9435925
6288.0103,0.9990995,6285.6777,0.9942808,6279.169,0.9415708,6280.0005,0.9348246
6289.4585,1.0086683,6287.1255,0.98266464,6280.6157,0.95382786,6281.4473,0.949201
6290.907,0.9861551,6288.5737,0.97632396,6282.062,0.9662584,6282.8936,0.97713554
6292.3564,0.9817263,6290.0225,0.98239994,6283.5093,0.9709089,6284.341,0.9899432
6293.8057,0.9941917,6291.4717,0.97638386,6284.9565,0.9883251,6285.788,0.99266183
6295.2554,0.9711595,6292.921,0.9743349,6286.4043,0.98798305,6287.236,0.9980227
6296.705,0.99085665,6294.3706,0.974707,6287.852,0.9992093,6288.6836,1.0018328
6298.156,0.9703156,6295.8203,0.96441686,6289.3003,0.97990274,6290.132,0.99406314
6299.6064,0.9574951,6297.271,0.96263117,6290.749,0.99315226,6291.5806,0.9819035
6301.057,0.9320259,6298.7217,0.9683392,6292.198,0.97666293,6293.03,0.978845
6302.509,0.9574686,6300.1724,0.95975935,6293.6475,0.9872054,6294.479,0.9855415
6303.9604,0.9908036,6301.624,0.9673376,6295.097,0.99069613,6295.9287,0.98938435
6305.412,0.98189306,6303.0757,0.9731303,6296.547,1.0019907,6297.3784,0.97747815
6306.8647,0.9968283,6304.5273,0.97667253,6297.9976,0.99858254,6298.829,0.97462475
6308.3174,0.99646676,6305.98,0.97317535,6299.448,0.9719726,6300.28,0.9673445
6309.77,0.9982851,6307.4326,0.97996217,6300.899,0.96956456,6301.7305,0.9560023
6311.2236,1.0020941,6308.8853,0.99102044,6302.3506,0.9656199,6303.182,0.9674183
6312.6772,0.9849307,6310.339,0.98422706,6303.8022,0.9858006,6304.634,0.9860319
6314.1313,0.9820274,6311.7925,0.97908086,6305.254,0.99064815,6306.0854,1.0037085
6315.5854,0.979356,6313.2466,0.9735284,6306.7065,1.0051016,6307.538,1.0030266
6317.04,0.9602933,6314.7007,0.9755974,6308.159,0.9990138,6308.9907,0.9953932
6318.495,0.9474451,6316.1553,0.9756931,6309.612,1.001761,6310.4434,1.0006597
6319.9507,0.9565937,6317.6104,0.97873324,6311.0654,0.9976259,6311.897,0.9930708
6321.4062,0.9714591,6319.066,0.98105294,6312.519,0.99453735,6313.3506,0.9976861
6322.8623,0.98489374,6320.5215,0.97302926,6313.973,0.99459714,6314.8047,0.98748577
6324.319,0.9831817,6321.9775,0.9766217,6315.4272,0.9863886,6316.259,0.97665507
6325.7754,1.0188375,6323.434,0.97607416,6316.882,0.98008037,6317.7134,0.9688051
6327.2324,0.98751575,6324.8906,0.9940116,6318.337,0.98475283,6319.1685,0.9774412
6328.69,0.9769023,6326.3477,0.9852242,6319.7925,0.9818419,6320.624,0.9814837
6330.1475,1.0073935,6327.805,0.993842,6321.248,0.99268854,6322.0796,0.9909972
6331.6055,0.9788741,6329.2627,0.9893094,6322.704,1.0003545,6323.5356,0.9964327
6333.064,0.98285365,6330.7207,0.9863031,6324.1606,0.99974763,6324.992,1.0014895
6334.5225,0.9708259,6332.179,0.9805948,6325.617,1.0053692,6326.4487,1.0075996
6335.9814,0.9588196,6333.6377,0.9890856,6327.074,1.0104815,6327.906,1.0070348
6337.441,0.96249235,6335.0967,0.9728464,6328.5317,1.0035278,6329.3633,1.000567
6338.9004,0.96236664,6336.556,0.9698329,6329.9893,1.0074114,6330.821,0.9998867
6340.361,0.9788131,6338.0156,0.9718647,6331.4473,1.0093176,6332.279,1.0042781
6341.8213,0.9702134,6339.476,0.987076,6332.906,1.0066217,6333.7373,0.9959133
6343.2817,0.9834351,6340.9365,0.9692904,6334.3643,0.9986697,6335.196,0.9819738
6344.7427,0.97837764,6342.397,0.9851692,6335.823,0.98604995,6336.655,0.97287816
6346.204,0.97314525,6343.858,0.9853515,6337.2827,0.98040473,6338.1143,0.97911996
6347.666,0.9726693,6345.3193,0.98336023,6338.742,0.98283046,6339.5737,0.9876152
6349.128,0.99432164,6346.7812,0.9977445,6340.2026,0.9980856,6341.034,0.9985389
6350.5903,0.9960186,6348.243,0.9784805,6341.663,1.0004052,6342.4946,0.99211115
6352.053,0.9899638,6349.7056,0.98738605,6343.1235,0.99248856,6343.955,0.9943777
6353.516,0.994685,6351.1685,0.99627435,6344.5845,0.99391013,6345.416,0.98170304
6354.9795,0.98971283,6352.6313,0.981753,6346.046,0.9859821,6346.8774,0.98722935
6356.4434,0.9814223,6354.0947,0.99562,6347.508,0.98844564,6348.3394,0.99057907
6357.907,0.969006,6355.5586,0.99227035,6348.9697,0.9957906,6349.8013,1.0043107
6359.372,0.98797053,6357.0225,0.98656553,6350.432,0.997776,6351.2637,0.99795353
6360.8364,0.9674785,6358.4873,0.99372333,6351.895,1.0015754,6352.7266,1.0037727
6362.302,0.97476435,6359.9517,0.9921667,6353.358,1.0012348,6354.1895,0.99273765
6363.767,0.94716704,6361.417,0.97946656,6354.8213,0.9965703,6355.653,0.99360466
6365.233,0.9941591,6362.8823,0.98489636,6356.285,0.9923187,6357.1167,0.99137044
6366.699,0.9673061,6364.348,0.98534375,6357.749,0.9939241,6358.5806,0.98630685
6368.1655,0.99184203,6365.8145,0.97786844,6359.214,0.9907817,6360.0454,0.9844134
6369.6323,0.9845182,6367.281,0.99245805,6360.678,0.99193203,6361.51,0.9791145
6371.0996,0.98542506,6368.7476,0.99526626,6362.1436,0.990299,6362.975,0.9757599
6372.567,0.97597045,6370.215,1.0023532,6363.609,0.98335826,6364.4404,0.9848638
6374.0347,0.9825918,6371.682,0.9921491,6365.0747,0.99257636,6365.9062,0.98571116
6375.503,0.98833555,6373.15,0.98395145,6366.541,0.9955731,6367.3726,0.9929293
6376.971,0.9733564,6374.618,0.9845244,6368.0073,0.9973061,6368.839,0.996559
6378.44,0.98581034,6376.0864,0.9908743,6369.474,0.9907344,6370.3057,0.9861705
6379.909,0.9619589,6377.555,1.0025656,6370.9414,0.9972233,6371.773,0.9837706
6381.379,0.97887933,6379.0244,0.99530077,6372.4087,0.9878033,6373.24,0.99620456
6382.8486,0.9761943,6380.494,0.9956699,6373.8765,0.99697065,6374.708,0.99765575
6384.319,0.9767825,6381.964,0.98571,6375.3447,0.99616104,6376.1763,1.0007973
6385.789,0.993823,6383.434,0.98312205,6376.813,0.99751425,6377.6445,0.99354047
6387.2603,0.9919243,6384.9043,0.98961365,6378.2817,0.99538136,6379.1133,0.9917528
6388.731,0.9803656,6386.3755,0.9923567,6379.751,0.99149626,6380.5825,0.99193174
6390.2026,0.9730209,6387.846,0.9922819,6381.2207,0.9985536,6382.0522,0.99553853
6391.675,0.9678409,6389.318,0.99074304,6382.6904,0.99801636,6383.522,0.99544555
6393.147,0.9694345,6390.79,0.9913565,6384.1606,0.9937938,6384.992,0.99013954
6394.619,0.9689322,6392.262,0.98548925,6385.631,1.0035958,6386.4624,0.99325484
6396.0923,0.9623881,6393.7344,0.97415197,6387.102,0.9931287,6387.9336,0.99911517
6397.5654,0.9645901,6395.2075,0.9695967,6388.5728,1.0004616,6389.4043,1.0023409
6399.039,0.94569075,6396.6807,0.9714442,6390.0444,0.99819344,6390.876,0.9962924
6400.5127,0.9456372,6398.1543,0.97223437,6391.5166,0.9891188,6392.348,0.9775217
6401.9873,0.9626803,6399.628,0.9760488,6392.989,0.97435564,6393.8203,0.97309625
6403.4614,0.96752024,6401.1025,0.98208207,6394.461,0.9754787,6395.2925,0.9799368
6404.9365,0.9886867,6402.5767,0.97784466,6395.934,0.98110396,6396.7656,0.98701704
6406.4116,0.97124046,6404.052,0.9714755,6397.407,0.9914732,6398.239,0.9872606
6407.887,0.9601484,6405.527,0.9689536,6398.881,0.9821714,6399.7124,0.96951497
6409.3633,0.9841265,6407.0024,0.9752512,6400.3545,0.970785,6401.186,0.96185344
6410.8394,0.96414787,6408.4785,0.98444843,6401.829,0.97507393,6402.6606,0.9783692
6412.3164,0.9605223,6409.9546,0.966638,6403.303,0.9787593,6404.135,0.9959453
6413.793,0.9681715,6411.4316,0.9747849,6404.7783,0.9950269,6405.61,0.9928422
6415.2705,0.9726325,6412.908,0.9738073,6406.2534,0.9856536,6407.085,0.976713
6416.748,0.97547174,6414.3857,0.9637297,6407.729,0.98512167,6408.5605,0.9716993
6418.226,0.9640757,6415.8633,0.9689175,6409.205,0.97609353,6410.0366,0.9716028
6419.7046,0.9682406,6417.3413,0.9718963,6410.681,0.97596943,6411.5127,0.9745924
6421.183,0.9691561,6418.82,0.9724563,6412.158,0.9688307,6412.9897,0.97627175
6422.662,0.9629008,6420.2983,0.9769096,6413.635,0.98250204,6414.4663,0.9780397
6424.141,0.97587866,6421.7773,0.9770887,6415.1123,0.98248744,6415.944,0.98449445
6425.621,1.0011352,6423.2563,0.9781981,6416.59,0.9883509,6417.4214,0.9792936
6427.101,1.0229903,6424.7363,0.97575915,6418.068,0.98900074,6418.8994,0.9752908
6428.5815,0.9925113,6426.2163,0.9718092,6419.5464,0.97624534,6420.378,0.9646557
6430.062,0.98431146,6427.697,0.9963286,6421.025,0.98144984,6421.8564,0.9716738
6431.543,0.98024154,6429.1772,0.9752651,6422.504,0.97469366,6423.3354,0.9783909
6433.0244,0.9657408,6430.658,0.9994647,6423.983,0.9898655,6424.8145,0.99235207
6434.5063,0.9590452,6432.1396,0.9760786,6425.463,0.9987014,6426.2944,0.99956304
6435.9883,1.0047158,6433.6216,0.96968734,6426.943,0.9924009,6427.7744,0.99823344
6437.4707,0.97168386,6435.1035,0.9723312,6428.4233,0.99304676,6429.255,0.98964494
6438.9536,0.95909035,6436.586,0.97717,6429.904,0.98325044,6430.7354,0.97760844
6440.4365,0.9672105,6438.069,0.9694741,6431.385,0.98645955,6432.2163,0.97187555
6441.92,0.9845175,6439.552,0.9710617,6432.866,0.98029935,6433.6978,0.9855618
6443.404,0.9979497,6441.035,0.9698773,6434.348,0.9868834,6435.1797,0.9908025
6444.8877,1.0088857,6442.519,0.9825152,6435.83,0.99146426,6436.6616,0.99573684
6446.372,1.0119789,6444.003,0.9730844,6437.3125,0.993756,6438.144,0.96760494
6447.857,1.0083059,6445.4873,0.9843125,6438.7954,0.9853154,6439.627,0.9702062
6449.3423,0.9701844,6446.972,0.9864706,6440.2783,0.96761113,6441.11,0.9687235
6450.8276,0.9800899,6448.4575,0.9801769,6441.7617,0.98223275,6442.5933,1.0009018
6452.3135,0.96782523,6449.943,0.9787409,6443.2456,1.000069,6444.077,0.9976324
6453.8,0.982748,6451.4287,0.97642344,6444.7295,0.9977864,6445.561,0.9961511
6455.286,0.97427696,6452.915,0.97482944,6446.214,0.99700826,6447.0454,1.0003345
6456.773,0.9581292,6454.4014,0.9735233,6447.6987,0.995712,6448.5303,0.9874931
6458.2603,0.98147064,6455.888,0.9818992,6449.184,0.9827521,6450.0156,0.97845465
6459.7476,0.97621,6457.3755,0.9738251,6450.6694,0.98331493,6451.501,0.9770834
6461.2354,0.98060787,6458.863,0.9647664,6452.1553,0.98121095,6452.987,0.98764306
6462.7236,0.95827997,6460.3506,0.97475785,6453.6416,0.98830396,6454.473,0.9928654
6464.2124,0.95711833,6461.839,0.96971774,6455.128,0.98677224,6455.9595,0.9791023
6465.701,0.96942735,6463.3276,0.9796667,6456.6147,0.9728448,6457.4463,0.9750274
6467.1904,0.9965712,6464.8164,0.9651838,6458.102,0.97694683,6458.9336,0.988398
6468.68,0.99952495,6466.3057,0.9715569,6459.5894,0.9906973,6460.421,0.98506075
6470.17,0.97253215,6467.7954,0.97714996,6461.077,0.9840436,6461.9087,0.96580625
6471.66,0.98677015,6469.285,0.98423266,6462.5654,0.9650801,6463.397,0.96455145
6473.151,0.964042,6470.7754,0.97512037,6464.054,0.9683348,6464.8857,0.9713512
6474.642,0.97701824,6472.266,0.9843621,6465.543,0.98475975,6466.3745,0.9956021
6476.1333,0.9545148,6473.7573,0.9787043,6467.032,0.9916635,6467.864,0.99341595
6477.625,0.9654633,6475.2485,0.98025864,6468.522,0.99181855,6469.3535,0.98717403
6479.1167,0.970705,6476.74,0.9797108,6470.0117,0.9924766,6470.8433,0.9817452
6480.609,0.9787925,6478.232,0.98642457,6471.502,0.983468,6472.3335,0.97740185
6482.1016,0.97227126,6479.724,0.98347193,6472.9927,0.97489744,6473.824,0.9792146
6483.5947,0.960872,6481.217,0.9835009,6474.484,0.9851457,6475.3154,0.9877958
6485.0884,0.9586994,6482.71,0.9883565,6475.975,0.9895194,6476.8066,0.9834564
6486.582,0.98681486,6484.2036,0.9809933,6477.467,0.99999684,6478.2983,0.99577844
6488.076,1.0046127,6485.6973,0.98952264,6478.9585,1.0006219,6479.79,0.9936058
6489.5703,0.9926222,6487.1914,0.9967934,6480.4507,0.9933001,6481.282,0.9868725
6491.065,0.9795175,6488.6855,0.9758457,6481.9434,0.9876591,6482.775,0.9887539
6492.56,0.9530766,6490.18,0.97206414,6483.4365,0.9824783,6484.268,0.9858131
6494.0557,0.9076072,6491.6753,0.96231055,6484.93,0.990463,6485.7617,0.9934596
6495.5513,0.8942502,6493.171,0.952175,6486.424,0.9933167,6487.2554,0.99603814
6497.0474,0.89483804,6494.6665,0.94166744,6487.918,0.9954638,6488.7495,1.0000185
6498.544,0.91626525,6496.1626,0.92822516,6489.412,0.98778254,6490.2437,0.99401337
6500.0405,0.9518249,6497.659,0.93312997,6490.9067,0.99667585,6491.7383,0.97412014
6501.538,0.9871473,6499.156,0.9573538,6492.402,0.97448206,6493.2334,0.94954854
6503.0356,1.0120783,6500.6533,0.9812386,6493.8975,0.951617,6494.729,0.9191559
6504.533,1.0012313,6502.151,0.9761338,6495.393,0.92991424,6496.2246,0.91889834
6506.0312,1.0031482,6503.6484,0.99513733,6496.889,0.92939305,6497.7207,0.92991436
6507.53,1.0033067,6505.1465,0.9952239,6498.3857,0.95052284,6499.2173,0.9628304
6509.029,1.0174087,6506.645,0.99681306,6499.8823,0.96454626,6500.714,0.9851298
6510.528,1.0111082,6508.144,0.99200064,6501.38,0.9875166,6502.2114,0.9929848
6512.028,0.9957715,6509.643,0.99737173,6502.8774,0.9970323,6503.709,1.0023898
6513.5273,1.0025964,6511.143,1.0051738,6504.375,0.99498165,6505.2065,0.99573535
6515.028,0.9847207,6512.6426,0.98952603,6505.873,1.0019251,6506.7046,1.0001476
6516.5283,0.923321,6514.143,0.98874825,6507.3716,0.9946431,6508.203,1.0034072
6518.0293,0.9185852,6515.6436,0.9800235,6508.8706,1.0038981,6509.702,1.0020373
6519.531,0.95506513,6517.1445,0.9826699,6510.3696,0.99722743,6511.201,1.0023967
6521.032,0.97744006,6518.646,0.9792609,6511.8696,1.0013165,6512.701,1.0022812
6522.534,1.0009409,6520.1475,0.98372334,6513.369,0.9928885,6514.2007,0.997735
6524.0366,1.0115399,6521.6494,0.9925376,6514.8696,0.9850837,6515.701,0.9801582
6525.539,1.0012197,6523.152,0.9909901,6516.37,0.979798,6517.2017,0.96751684
6527.0425,0.9816466,6524.6543,0.9886402,6517.871,0.98048687,6518.7026,0.9707741
6528.546,1.0123295,6526.1577,0.9843893,6519.3726,0.9845311,6520.204,0.98463446
6530.0493,0.989848,6527.661,0.9905004,6520.874,0.995615,6521.7056,0.98775625
6531.553,0.9927666,6529.1646,0.9822081,6522.376,0.98490053,6523.2075,0.99672574
6533.0576,0.9717122,6530.6685,0.99037606,6523.8784,0.9923862,6524.71,0.9948812
6534.5625,0.9858259,6532.173,0.974081,6525.381,0.9888607,6526.2124,0.99261063
6536.068,0.9683229,6533.6777,0.9923043,6526.8843,0.98902214,6527.716,0.98728514
6537.573,0.9885652,6535.183,0.9836645,6528.3877,0.9848118,6529.219,0.9945663
6539.079,1.0124984,6536.6885,0.9949284,6529.891,0.9841009,6530.7227,0.99070233
6540.585,1.0086757,6538.1943,0.98728573,6531.395,0.9900402,6532.2266,0.9880679
6542.092,0.9887166,6539.7,0.983591,6532.8994,0.9893329,6533.731,0.98096234
6543.5986,0.96211636,6541.207,0.981977,6534.4043,0.98081094,6535.236,0.9833373
6545.1055,0.96491987,6542.714,0.96577656,6535.9097,0.9827549,6536.741,0.98724085
6546.6133,0.9379285,6544.2207,0.97899693,6537.415,0.98026866,6538.2466,0.98725384
6548.121,0.944578,6545.7285,0.9840898,6538.921,0.9861714,6539.7524,0.9843403
6549.6294,0.96207374,6547.2363,0.9641187,6540.427,0.98214126,6541.2583,0.98491615
6551.1377,0.9524817,6548.7446,0.9634242,6541.9336,0.9762631,6542.765,0.9766069
6552.6465,0.94631743,6550.253,0.9673038,6543.4404,0.9716427,6544.272,0.9646993
6554.156,0.9428925,6551.7617,0.97222674,6544.9473,0.9685643,6545.779,0.95505923
6555.6655,0.8882827,6553.271,0.96368194,6546.455,0.95667213,6547.2866,0.9530833
6557.176,0.88085383,6554.781,0.95889133,6547.963,0.9499374,6548.7944,0.9554305
6558.686,0.8772355,6556.291,0.9461572,6549.471,0.95196474,6550.3027,0.9604511
6560.197,0.8065557,6557.8013,0.9010002,6550.9795,0.9537336,6551.811,0.9492902
6561.7075,0.7256856,6559.312,0.8625294,6552.4883,0.9456253,6553.32,0.9404017
6563.2188,0.6585754,6560.8228,0.8282001,6553.9976,0.92349523,6554.829,0.91320527
6564.7305,0.6733058,6562.334,0.7868626,6555.5073,0.914301,6556.339,0.9042486
6566.2427,0.7712271,6563.8457,0.75630254,6557.0176,0.89480096,6557.849,0.8714008
6567.755,0.8402833,6565.358,0.7504157,6558.528,0.8664721,6559.3594,0.8367671
6569.2676,0.8850775,6566.87,0.7845634,6560.0386,0.810579,6560.87,0.72653824
6570.781,0.8931864,6568.383,0.85572994,6561.5493,0.70964414,6562.381,0.6045114
6572.2944,0.89864063,6569.896,0.9117391,6563.0605,0.6250843,6563.892,0.5987307
6573.808,0.939557,6571.4097,0.9261796,6564.5723,0.62131464,6565.404,0.7056274
6575.3223,0.94931906,6572.9233,0.9391305,6566.0845,0.7192588,6566.916,0.83886474
6576.837,0.9543762,6574.4375,0.9532694,6567.5967,0.8230567,6568.428,0.8716255
6578.3516,0.9745557,6575.952,0.95907325,6569.1094,0.87034374,6569.941,0.9073541
6579.8667,0.97075963,6577.467,0.96085304,6570.6226,0.8970162,6571.454,0.9166398
6581.3823,0.9747845,6578.982,0.96965444,6572.136,0.9149207,6572.968,0.93291056
6582.898,0.9783261,6580.4976,0.9779537,6573.65,0.9278838,6574.4814,0.94126046
6584.4146,0.97686976,6582.013,0.9722534,6575.164,0.94258714,6575.9956,0.9444044
6585.931,0.9753964,6583.53,0.97248495,6576.6787,0.949509,6577.5103,0.9629049
6587.4478,0.97163516,6585.0464,0.9820965,6578.1934,0.95925176,6579.025,0.96902484
6588.9653,0.97527325,6586.563,0.98654205,6579.7085,0.9702266,6580.54,0.9702339
6590.483,0.9945004,6588.0806,0.9751056,6581.224,0.9688966,6582.0557,0.9787298
6592.001,0.98393637,6589.598,0.97576696,6582.7397,0.9778982,6583.5713,0.980754
6593.519,0.95432717,6591.116,0.977143,6584.2563,0.97679824,6585.088,0.9767864
6595.0376,0.96819884,6592.6343,0.96799845,6585.773,0.9721319,6586.6045,0.97436386
6596.5566,0.97658265,6594.153,0.9781325,6587.2896,0.97570425,6588.121,0.98680073
6598.076,0.9796889,6595.672,0.96760654,6588.807,0.97469264,6589.6387,0.98486406
6599.596,0.9973191,6597.1914,0.97954357,6590.3247,0.98070747,6591.1562,0.9773225
6601.116,0.993515,6598.7114,0.98252267,6591.843,0.97630006,6592.6743,0.9597126
6602.636,0.9977224,6600.2314,0.9932745,6593.361,0.9673493,6594.1924,0.959598
6604.157,0.99570125,6601.7515,0.9932155,6594.8794,0.96308404,6595.711,0.9724112
6605.678,1.0003515,6603.2725,0.99292904,6596.3984,0.96865183,6597.23,0.9813349
6607.1997,0.99174505,6604.7935,0.985896,6597.918,0.9844074,6598.7495,0.98693395
6608.7217,0.971373,6606.315,0.9838609,6599.438,0.9840692,6600.2695,0.98853374
6610.2437,0.98210067,6607.837,0.9996,6600.958,0.98818797,6601.7896,0.98967886
6611.7666,0.9930062,6609.359,0.98491114,6602.478,0.99347687,6603.3096,0.9906262
6613.289,0.98971933,6610.882,0.98424643,6603.999,0.99567026,6604.8306,1.0001136
6614.8125,0.99654156,6612.4043,0.9951962,6605.52,0.98996025,6606.3516,0.97207165
6616.336,1.0028507,6613.9277,0.9842005,6607.0415,0.9884453,6607.873,0.9154002
6617.86,1.0012991,6615.451,0.9810495,6608.5635,0.9885724,6609.395,0.9753966
6619.3843,1.008385,6616.975,0.9898562,6610.0854,0.98962927,6610.917,0.99517894
6620.9087,0.99878585,6618.4995,1.0018514,6611.6084,0.9914242,6612.44,0.98907137
6622.434,0.9916202,6620.024,1.0029887,6613.131,0.99569476,6613.9624,1.0007339
6623.9595,1.0127567,6621.5493,0.9999095,6614.6543,0.99317026,6615.486,0.9994063
6625.485,1.0143596,6623.0747,0.99663347,6616.1777,0.99071753,6617.0093,0.9941699
6627.0107,1.0053027,6624.6,0.9897942,6617.7017,1.000269,6618.533,0.9937182
6628.5376,0.98713845,6626.126,0.9940654,6619.226,0.9938231,6620.0576,0.9975302
6630.064,0.9811835,6627.653,0.99915934,6620.7505,0.9988346,6621.582,0.99766916
6631.5913,0.99300534,6629.179,0.99719876,6622.276,0.9969837,6623.1074,0.9966915
6633.1187,0.9725114,6630.7065,0.98482114,6623.8013,0.9957955,6624.633,0.99714863
6634.6465,0.95803565,6632.234,0.9813306,6625.3267,0.99653,6626.158,0.98939204
6636.175,0.98162085,6633.7617,0.97573495,6626.8525,0.99794984,6627.684,0.99108005
6637.703,0.9910268,6635.29,0.98648775,6628.3794,0.9969809,6629.211,0.9989024
6639.232,0.99948597,6636.8184,0.98170054,6629.906,1.0022229,6630.7373,0.9935109
6640.761,1.0105687,6638.347,0.9895491,6631.433,0.9966061,6632.2646,0.98904383
6642.2905,0.99269015,6639.8765,0.97814125,6632.9604,0.9834307,6633.792,0.9752101
6643.821,0.98720044,6641.406,0.99415004,6634.4883,0.9888332,6635.32,0.9758979
6645.351,1.0000099,6642.936,0.9913372,6636.0166,0.9887737,6636.848,0.9889291
6646.8813,0.9974445,6644.4663,0.999381,6637.545,0.996735,6638.3765,0.9934885
6648.4126,1.0076451,6645.9966,0.97298145,6639.0737,0.99311686,6639.9053,0.9931771
6649.944,0.98979205,6647.528,0.9881683,6640.603,1.0017589,6641.4346,0.9903051
6651.4756,1.0011464,6649.059,1.0004916,6642.1323,0.9901996,6642.964,0.9909572
6653.0073,0.99115264,6650.591,0.99662226,6643.6626,0.9923183,6644.494,0.98035586
6654.54,0.99727,6652.1226,0.9958107,6645.193,0.9915691,6646.0244,0.9918362
6656.0728,0.9954085,6653.6553,0.99484885,6646.723,0.9957634,6647.5547,0.9966747
6657.6055,1.0012187,6655.188,0.99575186,6648.2544,0.9997185,6649.086,0.99961424
6659.139,1.0013144,6656.7207,0.9942201,6649.7856,1.0000157,6650.617,1.0010892
6660.673,1.0179482,6658.2544,0.99060446,6651.3174,1.0039449,6652.149,0.9992141
6662.207,0.9868016,6659.788,0.9844409,6652.849,1.0055118,6653.6807,0.9992305
6663.7417,0.9918811,6661.3223,0.98396325,6654.382,0.9951103,6655.2134,0.9986355
6665.2764,0.974281,6662.857,0.99163514,6655.9146,0.9961953,6656.746,0.99992377
6666.8115,0.99150145,6664.3916,0.99277806,6657.4473,0.9966,6658.279,1.0052825
6668.347,1.0101519,6665.927,0.980413,6658.981,0.99724823,6659.8125,0.99755204
6669.883,0.9981927,6667.4624,0.98894495,6660.5146,0.9985229,6661.346,0.9970138
6671.4194,0.99667764,6668.998,0.99663293,6662.049,0.991953,6662.8804,0.98120564
6672.956,1.0050752,6670.5347,0.9930034,6663.5835,0.9902531,6664.415,0.98234427
6674.4927,1.0008467,6672.0713,0.99187547,6665.118,0.98533297,6665.9497,0.9880806
6676.0303,0.998099,6673.608,0.9896538,6666.6533,0.9918924,6667.485,0.99992716
6677.568,0.9819761,6675.1455,0.99124575,6668.189,0.9971617,6669.0205,0.9996277
6679.106,0.9879689,6676.683,0.9866945,6669.7246,0.99831635,6670.556,0.9959016
6680.6445,0.9885172,6678.221,0.9762565,6671.261,0.9987334,6672.093,1.0040901
6682.183,0.9909663,6679.76,0.97740966,6672.798,0.995252,6673.6294,0.99662364
6683.722,0.9942555,6681.2983,0.98332685,6674.3345,0.99680334,6675.166,0.99932826
6685.2617,1.0049071,6682.8374,0.9895172,6675.872,0.99342525,6676.7036,0.986111
6686.8013,0.9866271,6684.377,0.9954742,6677.4097,0.98481286,6678.241,0.97171533
6688.342,0.9773535,6685.9165,0.9989306,6678.9478,0.97744364,6679.7793,0.98480403
6689.8823,0.9917697,6687.457,1.0026004,6680.4863,0.97746223,6681.318,0.9931572
6691.423,0.9932157,6688.9976,0.9993318,6682.025,0.9916968,6682.8564,0.99618226
6692.9644,0.989963,6690.538,0.99556786,6683.564,0.9988086,6684.3955,0.99585956
6694.506,0.98337203,6692.0796,0.9972253,6685.1035,1.0008687,6685.935,1.0082597
6696.048,0.9966558,6693.621,0.99821824,6686.643,1.000593,6687.4746,1.0010495
6697.59,0.9981974,6695.163,0.98540527,6688.1836,0.9972205,6689.015,1.0002236
6699.133,0.97860646,6696.705,0.9954614,6689.724,1.0024439,6690.5557,0.9971727
6700.676,0.9758925,6698.248,0.98609346,6691.2646,0.9995163,6692.096,1.0127136
6714.5786,0.9757003,6699.791,0.9901443,6692.806,1.0030338,6693.6377,0.99438334
6716.125,0.9702401,6701.3345,0.9996504,6694.3477,0.9997103,6695.179,1.0009538
6717.672,0.96290374,6702.878,0.9804858,6695.8896,0.98845404,6696.721,0.996196
6719.219,0.9674225,6704.422,0.997147,6697.4316,0.995283,6698.263,0.9958854
6720.767,0.98394716,6705.9663,0.9934263,6698.9746,0.99139297,6699.806,0.9956242
6722.315,0.9783837,6707.511,0.99254453,6700.5176,0.9959675,6701.349,1.0012612
6723.8633,0.9743326,6709.056,0.99109274,6702.061,1.0027659,6702.8926,1.0015517
6725.412,0.9910821,6710.602,0.9928487,6703.6045,1.0008003,6704.436,0.98989457
6726.961,0.98772305,6712.1475,0.9857024,6705.1484,0.9923718,6705.98,0.98882353
6728.5103,0.9788596,6713.694,0.9784605,6706.693,0.989666,6707.5244,0.99053484
6730.06,0.9831967,6715.24,0.9834088,6708.238,0.9983931,6709.0693,0.98647326
6731.6104,0.99255216,6716.787,0.98571783,6709.7827,0.9984656,6710.6143,0.99440175
6733.1606,0.9917103,6718.3345,0.98452723,6711.3286,0.99909925,6712.16,0.9973046
6734.712,0.9811466,6719.8823,0.9820298,6712.874,0.996185,6713.7056,1.0046314
6736.2627,0.98387605,6721.43,0.9859539,6714.4204,0.9894269,6715.252,0.98753357
6737.8145,0.9880121,6722.9785,0.9851321,6715.967,0.9893714,6716.7983,0.978275
6739.366,0.9864979,6724.5273,0.99304074,6717.5137,0.98744905,6718.345,0.97724336
6740.9185,0.9837391,6726.076,0.99120045,6719.061,0.9763236,6719.8926,0.98358035
6742.471,0.98771334,6727.6255,0.9992343,6720.609,0.9873362,6721.4404,0.9952634
6744.0244,0.9900909,6729.1753,0.997951,6722.1567,0.9935025,6722.9883,0.99221706
6745.5776,0.9828158,6730.7256,0.9924868,6723.705,0.9871407,6724.5366,0.99654084
6747.1313,0.9923344,6732.276,0.98842865,6725.254,0.9957212,6726.0854,0.99302864
6748.685,0.9805538,6733.827,0.98866796,6726.8027,0.99614125,6727.6343,0.99719274
6750.2397,0.9657692,6735.378,0.9935939,6728.352,0.99215084,6729.1836,0.9976534
6751.7944,0.9848057,6736.9297,0.99629295,6729.902,0.99954426,6730.7334,1.003106
6753.3496,0.9874437,6738.4814,0.99674946,6731.452,0.99120176,6732.2837,1.0020651
6754.9053,0.9994603,6740.0337,0.99332017,6733.0024,0.9999406,6733.834,0.99254674
6756.461,0.9997616,6741.5864,0.9982963,6734.5537,0.9957985,6735.3853,0.9942344
6758.017,0.9932954,6743.1396,0.9900059,6736.1045,0.9929563,6736.936,0.9973346
6759.5737,0.99437946,6744.693,0.98454833,6737.6562,0.99457216,6738.488,0.994318
6761.1304,1.0047854,6746.2466,0.9862179,6739.208,0.99578476,6740.0396,0.9924167
6762.688,0.99085367,6747.8003,0.97883266,6740.7603,0.9974908,6741.592,0.99288297
6764.2456,0.99585825,6749.355,0.99605376,6742.313,0.9953156,6743.1445,0.9964158
6765.8037,1.0019951,6750.9097,0.9829613,6743.866,0.9933999,6744.6978,0.9986268
6767.362,0.99969864,6752.465,0.9887531,6745.4194,0.9945877,6746.251,0.9963628
6768.9204,0.9642347,6754.0205,0.9810461,6746.973,0.99588746,6747.8047,0.9960805
6770.4795,0.9963145,6755.576,0.986054,6748.527,0.99126405,6749.3584,0.9906433
6772.039,0.97090924,6757.1323,0.9989575,6750.0815,0.9936276,6750.913,0.9841791
6773.5986,1.0072064,6758.689,0.997145,6751.636,0.98901176,6752.468,0.98861223
6775.159,0.9879311,6760.2456,0.98109555,6753.1914,0.98623484,6754.023,1.0019457
6776.7197,1.0179985,6761.803,1.0053328,6754.747,1.0036614,6755.5786,0.99551123
6778.2803,1.0066835,6763.361,0.99256027,6756.3027,0.99202454,6757.1343,0.9967622
6779.842,1.0005822,6764.919,0.99697363,6757.859,0.99917674,6758.6904,0.9958592
6781.4033,1.0066686,6766.477,0.98397505,6759.4155,0.9970299,6760.247,1.0012131
6782.9653,1.0016688,6768.0356,1.0056008,6760.972,0.9976838,6761.8037,1.0051748
6784.5273,1.0148861,6769.5947,0.98024726,6762.53,1.0029454,6763.3613,1.0045205
6786.0903,1.001383,6771.1543,0.98619014,6764.0874,1.0008411,6764.919,0.9980197
6787.6533,0.98155916,6772.714,0.9898087,6765.6455,1.0040736,6766.477,0.99192184
6789.2163,1.0100741,6774.2744,0.99231374,6767.2036,0.9905371,6768.035,0.98843205
6790.7803,0.9953894,6775.835,0.9927962,6768.762,0.9880251,6769.5938,0.99100864
6792.344,0.99785453,6777.3955,1.0051285,6770.3213,0.99342227,6771.153,0.9939742
6793.9087,1.0218728,6778.957,0.99449074,6771.881,0.9954342,6772.7124,0.98923254
6795.4736,0.98263156,6780.5186,1.0008436,6773.4404,0.9913968,6774.272,0.9998314
6797.039,0.98455244,6782.0806,0.9890759,6775.001,0.9951294,6775.8325,1.0073187
6798.6045,0.99766684,6783.6426,0.99205667,6776.5615,0.99602854,6777.393,0.9994011
6800.1704,0.979234,6785.2056,0.9846673,6778.122,0.9985016,6778.9536,1.001354
6801.7363,0.99235815,6786.7686,0.99588877,6779.6836,0.99901694,6780.515,0.9995656
6803.303,1.0142181,6788.3315,1.0019662,6781.245,1.0023772,6782.0767,0.9894172
6804.87,0.9896868,6789.8955,0.991979,6782.807,0.9995027,6783.6387,1.0010455
6806.4375,0.99375707,6791.4595,1.0003182,6784.369,0.99961525,6785.2007,0.9889226
6808.0054,0.9887132,6793.024,1.0003794,6785.932,0.99648327,6786.7637,0.99570876
6809.573,0.9837131,6794.589,0.9954488,6787.495,0.9944117,6788.3267,0.99570966
6811.1416,0.98355705,6796.1543,0.9970306,6789.058,0.99577945,6789.8896,1.0010045
6812.7104,0.98049253,6797.7197,0.9931152,6790.622,0.9988453,6791.4536,0.9993121
6814.28,0.99185544,6799.2856,0.99096394,6792.186,1.002395,6793.0176,0.99942225
6815.849,0.9955541,6800.8516,0.98983926,6793.7505,0.99858475,6794.582,0.9888061
6817.419,0.9845436,6802.4185,0.9995535,6795.3154,0.99696,6796.147,0.99627304
6818.9893,0.9853966,6803.9854,0.9949292,6796.881,0.9985505,6797.7124,0.99554247
6820.56,0.99554163,6805.5527,0.997534,6798.4463,0.9992851,6799.278,0.9972399
6822.131,1.0113642,6807.1206,0.99268985,6800.012,0.99880934,6800.8438,0.99876654
6823.702,1.0230289,6808.6885,1.0011361,6801.578,0.99762607,6802.4097,0.99400276
6825.274,1.013042,6810.257,0.9924198,6803.145,1.0008909,6803.9766,0.99926996
6826.8457,0.98630214,6811.8257,0.99717325,6804.712,0.99681824,6805.5435,0.9926454
6828.4185,0.98645824,6813.395,0.98709226,6806.2793,0.99302536,6807.111,0.996289
6829.991,1.0007659,6814.9644,1.011606,6807.847,0.9977453,6808.6787,0.9963854
6831.5645,0.9830033,6816.534,0.9890371,6809.415,0.9960225,6810.2466,1.0000178
6833.1377,0.98937833,6818.1045,1.00142,6810.9834,0.9982601,6811.815,0.98755974
6834.7114,1.0056156,6819.6753,0.9857872,6812.5522,0.9993924,6813.384,0.99850017
6836.2856,1.0095268,6821.246,0.9860028,6814.1216,0.9966921,6814.953,0.99919844
6837.8604,0.9900901,6822.8174,0.9824623,6815.691,0.9975413,6816.5225,0.9974387
6839.4355,0.98118913,6824.389,1.0031106,6817.2607,1.0009029,6818.0923,1.0015978
6841.0107,0.9828282,6825.961,0.99310064,6818.831,0.9958161,6819.6626,0.99936104
6842.5864,0.97521263,6827.5337,0.98494387,6820.402,0.9974234,6821.2334,0.99712485
6844.1626,0.9636752,6829.1064,0.99342555,6821.9727,0.99778837,6822.804,1.0001215
6845.739,0.9654508,6830.6797,0.9706285,6823.544,1.0030409,6824.3755,0.996057
6847.3154,0.99252546,6832.253,0.9939098,6825.1157,1.0052695,6825.9473,1.0037657
6848.8926,1.0002632,6833.8267,0.98717314,6826.6875,0.99880266,6827.519,0.9866759
6850.47,1.0129514,6835.401,0.98660356,6828.2603,0.99660784,6829.092,0.98701984
6852.048,0.9944667,6836.9756,0.98319036,6829.833,0.9932879,6830.6646,0.99082977
6853.626,0.9823933,6838.551,0.98273754,6831.4062,0.9968484,6832.238,0.9926582
6855.2046,0.98444533,6840.126,0.9828608,6832.9795,1.002837,6833.811,0.99395984
6856.7837,0.9852454,6841.7017,0.9793014,6834.553,1.0003507,6835.385,0.99275076
6858.363,0.9831019,6843.278,0.9764358,6836.1274,0.9965852,6836.959,0.993762
6859.943,0.9818148,6844.854,0.9760703,6837.702,0.99368536,6838.5337,0.98719984
6861.523,0.9981964,6846.4307,0.98066974,6839.2773,0.9864487,6840.109,0.97826606
6863.103,0.9941171,6848.008,0.9944444,6840.8525,0.98547965,6841.684,0.9683986
6864.684,0.99830806,6849.5854,0.9939366,6842.428,0.9772804,6843.26,0.97224176
6866.265,0.9929089,6851.163,0.9876224,6844.0044,0.9809852,6844.836,0.9817195
6867.8467,0.9682366,6852.741,0.99638534,6845.5806,0.9795032,6846.412,0.9895009
6869.428,0.98542166,6854.32,0.9995051,6847.157,1.0004921,6847.989,0.99240273
6871.0107,0.9891851,6855.899,1.0007819,6848.7344,1.0019729,6849.566,0.99667406
6872.5933,0.9562602,6857.478,1.0000838,6850.312,0.997053,6851.1436,0.9985772
6874.1763,0.9871359,6859.058,0.9925323,6851.8896,1.0065061,6852.721,0.99735427
6875.7593,0.9900187,6860.638,0.99036306,6853.468,1.0031892,6854.2993,0.9967945
6877.3433,0.9824866,6862.2183,0.99943686,6855.0464,1.0080312,6855.878,1.0001614
6878.9272,0.97629505,6863.7993,1.0053314,6856.6255,1.0045848,6857.457,1.0072163
6880.5117,0.990395,6865.3804,0.98215824,6858.2046,1.0064447,6859.036,1.0084338
6882.096,0.9704894,6866.962,0.97147405,6859.7847,1.000639,6860.616,1.0023483
6883.6816,0.98938924,6868.5435,0.979669,6861.3647,1.009861,6862.1963,1.0034138
6885.267,0.9861942,6870.126,0.9860546,6862.945,1.0060388,6863.7764,1.006378
6886.8525,0.99958956,6871.7085,0.9887038,6864.526,0.99864405,6865.3574,0.99602604
6888.439,0.98269975,6873.2915,0.9915077,6866.107,0.9853585,6866.9385,0.9890172
6890.0254,0.99140775,6874.8745,1.0006906,6867.6885,1.0111485,6868.52,0.98500127
6891.613,0.9761941,6876.4585,0.9821204,6869.27,0.99199045,6870.1016,0.9879564
6893.1997,0.98059624,6878.0425,0.99467206,6870.8525,1.0030937,6871.684,1.0002801
6894.7876,0.96380734,6879.627,0.99110365,6872.435,0.99749184,6873.2666,1.0034689
6896.3755,0.9782326,6881.2114,0.99429536,6874.018,1.004949,6874.8496,0.99283415
6897.964,0.9878714,6882.797,0.99434215,6875.601,1.0021336,6876.4326,1.0003291
6899.5527,0.97028875,6884.3823,0.9882293,6877.185,0.99657845,6878.0166,0.9984144
6901.142,0.98121893,6885.968,1.0055255,6878.769,1.0033578,6879.6006,0.9988734
6902.7314,0.97216654,6887.554,0.97903395,6880.3535,1.0074396,6881.185,1.0061034
6904.3213,0.98695755,6889.1406,0.9814157,6881.938,1.0058763,6882.7695,1.0033644
6905.9116,0.98914677,6890.728,0.9800562,6883.5234,1.0043951,6884.355,1.0090704
6907.5024,0.9802263,6892.315,0.9779986,6885.109,0.99707586,6885.9404,0.99306417
6909.0933,0.96435434,6893.903,0.99060535,6886.6943,0.9920511,6887.526,0.99923533
6910.6846,0.99410605,6895.4907,0.9912871,6888.281,0.9898807,6889.1123,0.9789861
6912.2764,0.9874802,6897.079,0.9807226,6889.867,0.99037653,6890.6987,1.0021409
6913.868,0.99436617,6898.668,0.9865626,6891.4546,0.9918854,6892.286,0.9867048
6915.461,0.9946359,6900.2573,0.99340427,6893.0415,0.9913395,6893.873,0.99668705
6917.0537,0.97667134,6901.8467,0.9869533,6894.6294,0.99031776,6895.461,0.99605006
6918.647,0.99208856,6903.4365,0.9850121,6896.2173,1.0092137,6897.049,0.99496514
6920.24,1.0010282,6905.027,0.99162704,6897.8057,0.98595464,6898.637,0.9875649
6921.8345,0.9920748,6906.6177,0.99610156,6899.3945,0.9927977,6900.226,0.9877011
6923.4287,0.99163026,6908.2085,0.9957157,6900.984,0.9917053,6901.8154,0.9921715
6925.0234,0.98564017,6909.8,0.98469776,6902.573,0.99001193,6903.405,0.98809445
6926.618,0.99082756,6911.3916,0.9834419,6904.163,1.0009587,6904.9946,0.9915219
6928.214,1.0032524,6912.9834,0.99579823,6905.7534,0.9923638,6906.585,0.986615
6929.8096,0.9982764,6914.576,1.001109,6907.344,0.9939953,6908.176,1.0014051
6931.406,0.994235,6916.169,1.0086704,6908.935,0.99650645,6909.7666,0.99404204
6933.002,0.9879448,6917.762,0.99667686,6910.5264,0.9943337,6911.358,0.992661
6934.599,0.99906003,6919.3555,0.99698704,6912.118,1.0010601,6912.9497,1.0011133
6936.1963,0.99076617,6920.9497,0.99146444,6913.71,1.0070983,6914.5415,0.99335545
6937.7935,1.0001551,6922.544,0.9862225,6915.3027,1.005235,6916.1343,1.0071824
6939.3916,1.0044616,6924.1387,1.00328,6916.8955,1.0038375,6917.727,1.0016365
6940.9897,1.016028,6925.7334,1.0088418,6918.489,0.99835044,6919.3203,0.9920195
6942.589,0.99913794,6927.329,0.9957354,6920.082,0.99501824,6920.9136,0.99152476
6944.188,0.998675,6928.925,0.9858314,6921.6763,0.99755824,6922.508,0.9950784
6945.787,1.0124029,6930.521,0.9828062,6923.2705,1.0026925,6924.102,0.99770755
6947.387,0.99880207,6932.117,0.99940616,6924.865,1.0103614,6925.697,0.99903536
6948.9873,1.0034528,6933.7144,0.9996643,6926.46,1.0023721,6927.2915,1.0062199
6950.588,1.0069203,6935.3115,0.9912222,6928.0557,0.9946227,6928.887,0.99978775
6952.1885,1.0014888,6936.9087,0.9879152,6929.6514,0.99999976,6930.483,0.9911507
6953.79,1.00016,6938.507,0.9958563,6931.2476,0.9942601,6932.079,0.9990046
6955.3916,1.0039965,6940.105,1.0061179,6932.8438,0.9986303,6933.6753,0.99258685
6956.9937,1.0466437,6941.704,0.99039346,6934.441,0.9980118,6935.2725,0.9988831
6958.5957,0.9809138,6943.303,0.9908156,6936.038,0.99026996,6936.8696,1.0013515
6960.1987,0.9220512,6944.9023,1.0034775,6937.6353,0.9955417,6938.467,0.996357
6961.802,0.9558352,6946.5024,1.0007697,6939.2334,0.9923033,6940.065,0.99473286
6963.4053,0.96266735,6948.1025,0.99719495,6940.8315,0.99814385,6941.663,0.9926085
6965.0093,0.979424,6949.703,1.0021646,6942.4307,0.99928164,6943.262,0.9906853
6966.6133,1.0000585,6951.3037,0.99388134,6944.03,1.00928,6944.8613,1.0033176
6968.218,1.015464,6952.9053,1.0017385,6945.629,1.0044534,6946.4604,1.0011029
6969.8228,1.0245948,6954.507,1.0002486,6947.229,0.9979691,6948.0605,1.0020366
6971.428,1.0309459,6956.109,0.99534273,6948.829,0.9963183,6949.6606,0.9950106
6973.034,1.0202681,6957.711,0.9970279,6950.4297,1.0060191,6951.261,1.0034496
6974.64,1.0217938,6959.314,0.9884734,6952.0303,1.0012405,6952.862,0.9996962
6976.2466,1.0216093,6960.917,0.98621625,6953.632,1.00542,6954.4634,1.014302
6977.8535,0.9763609,6962.5205,0.9947644,6955.2334,0.9995632,6956.065,1.0083812
6979.4604,0.96768695,6964.1245,0.98723656,6956.8354,0.9958141,6957.667,1.0063432
6981.068,0.9930769,6965.7285,0.9970486,6958.4375,0.9928282,6959.269,0.98761666
6982.676,1.0225875,6967.333,1.0111945,6960.0405,0.9894462,6960.872,0.975534
6984.284,1.0197312,6968.938,0.99569285,6961.6436,0.9851224,6962.475,0.9775584
6985.893,0.9945477,6970.5435,0.9966327,6963.247,0.99577606,6964.0786,0.9826337
6987.502,0.9710488,6972.1494,0.99569,6964.851,0.99403304,6965.6826,0.9920319
6989.1113,0.94259274,6973.7554,0.98324937,6966.455,0.99622774,6967.2866,1.0016278
6990.721,0.9662698,6975.362,0.99186325,6968.0596,1.0010668,6968.891,1.0018113
6992.331,0.9770974,6976.9688,0.97950983,6969.6646,0.9928976,6970.496,1.0030864
6993.942,0.9991575,6978.5757,0.98848444,6971.27,0.99935883,6972.1016,1.0007657
6995.5527,0.9771101,6980.183,0.99369216,6972.876,0.99925363,6973.7075,1.0003233
6997.164,1.0038508,6981.791,0.9917165,6974.482,0.9999323,6975.3135,0.99830705
6998.7754,0.9955178,6983.3994,0.99759287,6976.0884,0.9999375,6976.92,0.98082346
7000.3877,0.97091717,6985.0083,0.9956533,6977.6953,0.9792275,6978.527,0.97444034
7002.0,0.9873823,6986.617,0.976998,6979.3022,0.9862593,6980.134,0.98280776
7003.613,0.9807642,6988.2266,0.99470824,6980.9097,0.98366195,6981.741,0.9957479
7005.2256,0.93468297,6989.8364,0.98529774,6982.5176,0.99674624,6983.349,1.0040025
7006.8394,0.9377247,6991.4463,1.0051465,6984.126,0.9991708,6984.9575,1.001603
7008.453,0.97775555,6993.057,0.9877196,6985.735,1.0082515,6986.5664,1.0026295
7010.0674,0.9909475,6994.668,0.9900657,6987.3438,0.9879171,6988.1753,0.99156165
7011.682,0.98458564,6996.2793,0.99935365,6988.953,0.99520934,6989.7847,0.98430014
7013.297,0.9895246,6997.8906,0.98040587,6990.563,0.9941771,6991.3945,0.9968863
7014.912,0.9994367,6999.503,0.99804205,6992.173,1.0054315,6993.0044,0.99158764
7016.528,0.9585001,7001.115,0.97889227,6993.7837,0.99969184,6994.615,0.99152654
7018.144,0.94377095,7002.728,0.9805999,6995.3945,0.99998885,6996.226,1.0010922
7019.7607,0.9778955,7004.341,0.985479,6997.006,0.9963429,6997.8374,0.9970669
7021.3774,0.9996372,7005.9546,0.9779808,6998.617,0.9901303,6999.4487,0.9926937
7022.9946,0.9775522,7007.5684,0.99822176,7000.2295,0.9975099,7001.061,0.98930055
7024.6123,0.9638454,7009.1826,0.97905976,7001.842,0.9881238,7002.6733,0.9928088
7026.23,0.95613813,7010.7974,0.97978616,7003.4546,0.98695296,7004.286,0.9818409
7027.8486,0.9429287,7012.412,0.986984,7005.0674,0.9814378,7005.899,0.9629233
7029.4673,0.95985895,7014.0273,0.97038734,7006.681,0.98107624,7007.5127,0.98705024
7031.0864,0.9891941,7015.643,0.9819255,7008.295,0.98740566,7009.1265,0.99715036
7032.7056,1.0272014,7017.2593,0.9840535,7009.909,0.99720144,7010.7407,0.9974569
7034.3257,1.0281277,7018.876,0.9876271,7011.524,0.99663115,7012.3555,0.9960316
7035.946,1.0184786,7020.4927,0.983704,7013.1387,0.9967802,7013.97,0.9949961
7037.5664,0.9976624,7022.11,0.9784999,7014.754,0.99241924,7015.5854,0.9780674
7039.187,0.9738639,7023.7275,0.98911047,7016.3696,0.98074317,7017.201,0.9685228
7040.8086,0.9684496,7025.345,0.98616165,7017.986,0.9825509,7018.8174,0.98051435
7042.43,0.98797715,7026.964,0.9808798,7019.6025,0.9936198,7020.434,1.0021623
7044.0522,1.0249401,7028.5825,0.988097,7021.219,1.0009439,7022.051,0.99799734
7045.675,1.0361891,7030.2017,0.99314094,7022.8364,1.0025115,7023.668,0.98721135
7047.2974,1.0258613,7031.821,0.99522674,7024.454,0.9895825,7025.2856,0.98978955
7048.921,1.0204206,7033.441,0.9941919,7026.072,0.9843697,7026.9033,0.98900753
7050.5444,1.0187898,7035.061,0.9989426,7027.6904,0.9939798,7028.522,0.98954654
7052.168,0.9756992,7036.6816,0.98875,7029.309,0.9992532,7030.1406,0.9974509
7053.7925,0.96384346,7038.3022,0.9853154,7030.928,1.000945,7031.76,1.0137234
7055.417,0.9889046,7039.924,0.995645,7032.5474,1.0018553,7033.379,1.0046219
7057.042,0.99122405,7041.5454,0.99121624,7034.1675,1.0019524,7034.999,1.0068525
7058.6675,0.9946698,7043.1675,0.9996878,7035.7876,0.99486834,7036.619,1.0015708
7060.2935,0.9931274,7044.79,1.0100617,7037.408,0.989143,7038.2397,0.9834435
7061.9194,1.0099353,7046.4126,1.0020248,7039.029,0.9853964,7039.8604,0.9880949
7063.546,0.9919115,7048.036,0.999684,7040.6504,0.9973344,7041.482,0.9950348
7065.173,0.98300886,7049.6597,0.9927013,7042.272,1.00733,7043.1035,1.0085288
7066.8003,0.97915107,7051.283,1.0002103,7043.894,1.0050645,7044.7256,1.011624
7068.4277,0.9788812,7052.9077,0.98690456,7045.5166,1.0061166,7046.348,1.0093818
7070.056,0.99349725,7054.532,1.0050269,7047.139,1.0054976,7047.9707,1.012565
7071.6846,1.0079784,7056.157,1.0008186,7048.7627,1.0080856,7049.594,1.0090182
7073.313,0.9976182,7057.7827,0.9902031,7050.386,1.0040916,7051.218,1.0038024
7074.9424,0.9929786,7059.4087,0.99527586,7052.01,1.0013967,7052.8413,0.99611634
7076.572,1.0039473,7061.0347,0.9932056,7053.6343,1.0006611,7054.466,0.9958006
7078.2017,0.9916754,7062.661,0.99863786,7055.259,0.9976646,7056.0903,1.0003376
7079.832,0.97192883,7064.288,0.9907146,7056.884,1.0013423,7057.7153,1.0025773
7081.463,1.0041636,7065.9155,0.98633695,7058.5093,0.99630713,7059.341,0.99310404
7083.0938,0.989271,7067.543,0.997614,7060.1353,0.997589,7060.967,0.999377
7084.725,0.99969184,7069.1714,0.98752785,7061.761,0.9960967,7062.593,1.001477
7086.357,0.9800916,7070.8,0.99823564,7063.3877,0.9938316,7064.219,1.0018932
7087.9893,0.97422373,7072.428,0.9902513,7065.0146,0.9947082,7065.846,0.9990155
7089.6216,0.9735059,7074.0576,0.998476,7066.642,0.9976078,7067.4736,0.99407053
7091.255,0.9805089,7075.687,1.0012792,7068.2695,1.0004117,7069.101,0.99228007
7092.888,0.978965,7077.317,0.9863009,7069.898,0.98687786,7070.7295,1.0010085
7094.5215,0.99203795,7078.9473,0.99884385,7071.5264,0.99824226,7072.358,1.0015782
7096.156,0.9906653,7080.578,0.99115473,7073.155,1.000115,7073.9863,1.0002968
7097.79,0.98967576,7082.209,0.98672456,7074.784,1.0031971,7075.6157,1.004733
7099.425,0.97913337,7083.8403,0.9910578,7076.4136,1.0006309,7077.245,1.0052084
7101.06,0.9881432,7085.472,0.98831606,7078.0435,1.0008332,7078.875,1.0008085
7102.696,0.98444825,7087.1045,0.99381495,7079.674,0.9989023,7080.5054,1.0014094
7104.3315,0.98797494,7088.737,0.9848428,7081.3047,1.0011796,7082.136,1.0000198
7105.968,1.0068148,7090.37,0.9803854,7082.9355,0.9958517,7083.767,0.9964458
7107.6045,0.9854313,7092.0034,0.9896249,7084.567,0.99455,7085.3984,0.9946476
7109.2417,0.98309755,7093.6367,0.9922121,7086.1987,0.9960496,7087.0303,0.9910498
7110.879,0.99486053,7095.271,0.99615836,7087.831,0.9948198,7088.6626,0.9890246
7112.517,0.9697765,7096.9053,0.98537356,7089.4634,0.9943916,7090.295,0.98586327
7114.1553,0.9851591,7098.54,0.99184036,7091.0967,0.9914149,7091.928,0.9880546
7115.794,0.97829235,7100.1753,0.99127054,7092.73,0.993575,7093.5615,0.9936606
7117.4326,0.98625445,7101.811,1.0018547,7094.3633,0.9941097,7095.195,0.99444723
7119.072,0.97568387,7103.447,1.0018903,7095.9976,0.99614316,7096.829,0.9939008
7120.712,0.965213,7105.083,1.0062445,7097.632,0.9900377,7098.4634,0.9955078
7122.3516,0.9601037,7106.7197,0.9838517,7099.2666,0.99543744,7100.098,0.99547154
7123.992,0.96470237,7108.357,0.98944575,7100.902,0.99166644,7101.7334,0.9930689
7125.6333,0.9946678,7109.994,0.98639506,7102.5376,0.9975124,7103.369,0.99480486
7127.2744,0.987528,7111.6323,0.9809653,7104.1733,1.0041564,7105.005,0.9994559
7128.916,0.9715954,7113.2705,0.99533117,7105.8096,0.9967217,7106.641,1.0006571
7130.558,0.963559,7114.909,0.98353916,7107.4463,0.99854887,7108.278,0.99072254
7132.2,0.962769,7116.548,0.9887522,7109.0835,0.9984174,7109.915,0.9895532
7133.843,0.97537416,7118.187,0.9809202,7110.7207,0.99514335,7111.5522,0.99621886
7135.486,0.984558,7119.827,0.9793341,7112.359,0.991244,7113.1904,0.9823225
7137.1294,1.0076848,7121.467,0.9902221,7113.997,0.9920835,7114.8286,0.98193693
7138.7734,0.99300945,7123.1074,0.9817629,7115.6357,0.989542,7116.4673,0.98511094
7140.4175,0.9706866,7124.7485,0.9825994,7117.2744,0.99235415,7118.106,0.9799535
7142.0625,0.9805544,7126.3896,0.9972739,7118.9136,0.98690945,7119.745,0.9905354
7143.7075,0.98200345,7128.0312,0.9783712,7120.5537,0.9940971,7121.3853,0.9792168
7145.3525,0.9626127,7129.6733,0.98814636,7122.1934,0.98284864,7123.025,0.97863203
7146.9985,0.9637868,7131.3154,0.9876281,7123.834,0.9864662,7124.6655,0.99111515
7148.6445,0.9616108,7132.958,0.9903693,7125.475,0.9931916,7126.3066,0.9977989
7150.291,0.97483855,7134.601,0.98866045,7127.116,0.9942253,7127.9478,0.9913501
7151.938,0.9675011,7136.2446,0.9794298,7128.758,0.9890227,7129.5894,0.98902065
7153.5854,0.98520404,7137.8887,0.98128575,7130.4,0.9855744,7131.2314,0.97765225
7155.233,0.9865792,7139.5327,0.99514043,7132.042,0.9840143,7132.8735,0.981365
7156.881,0.98890847,7141.1777,0.9938706,7133.6846,0.9862092,7134.516,0.9942654
7158.5293,0.96977425,7142.8228,0.9854984,7135.3276,0.99324596,7136.159,0.99636394
7160.178,0.9780694,7144.468,0.9845507,7136.971,0.9936291,7137.8027,0.9957363
7161.827,0.9796025,7146.114,0.9725196,7138.615,0.9969455,7139.447,0.9988185
7163.477,0.98483646,7147.76,0.9858209,7140.2593,0.99577814,7141.091,0.9932482
7165.127,0.972304,7149.4062,1.0073034,7141.9043,0.9986923,7142.736,0.98853767
7166.777,0.96750164,7151.053,0.98817104,7143.5493,0.9968115,7144.381,0.9893736
7168.4277,0.9836136,7152.7007,0.9831085,7145.1943,0.9958314,7146.026,0.97914356
7170.0786,0.9537274,7154.348,0.98413587,7146.8403,0.9914819,7147.672,0.9670415
7171.7305,0.98276997,7155.996,0.98789227,7148.4863,0.9821898,7149.318,0.97358257
7173.3823,0.95812076,7157.6445,0.99287075,7150.133,0.99299276,7150.9644,1.0034813
7175.034,0.9878416,7159.2935,0.98636997,7151.78,0.99496806,7152.6113,0.9870001
7176.687,0.9536348,7160.9424,0.9808422,7153.4272,0.9987437,7154.259,0.99762243
7178.34,0.9899935,7162.5923,0.9961798,7155.0747,0.9945031,7155.9062,0.9866036
7179.993,0.96246743,7164.242,1.0026779,7156.7227,0.9931751,7157.554,0.9907491
7181.647,0.980515,7165.892,0.99613076,7158.371,0.99850196,7159.2026,0.98829514
7183.3013,0.96757704,7167.543,0.9791193,7160.02,0.9979486,7160.8516,0.9911559
7184.9556,0.9669089,7169.194,0.9712502,7161.669,1.0075358,7162.5005,0.98254305
7186.6104,0.958875,7170.8457,0.98118556,7163.319,1.007076,7164.1504,0.9892693
7188.2656,0.99020875,7172.4976,0.9770519,7164.9688,1.0098348,7165.8003,0.99361587
7189.9214,0.9671434,7174.1494,0.97983855,7166.6187,0.98736197,7167.45,0.994939
7191.5776,0.99158204,7175.8022,0.978853,7168.2695,0.9790941,7169.101,0.9867104
7193.234,1.003805,7177.455,0.98796046,7169.9204,0.9821937,7170.752,0.9795315
7194.8906,0.96364844,7179.1084,0.9809481,7171.5723,0.9947483,7172.404,0.9798722
7196.548,0.97781557,7180.762,0.9916962,7173.224,0.9822359,7174.0557,0.97909504
7198.205,0.97996145,7182.4165,0.9921958,7174.876,0.99107283,7175.7075,0.980493
7199.8633,0.9839392,7184.071,0.9747567,7176.529,0.9938882,7177.3604,0.9890545
7201.5215,0.98037386,7185.7256,0.99356776,7178.1816,0.99107337,7179.013,0.98610383
7203.18,0.96529186,7187.381,1.0029031,7179.835,0.99276453,7180.6665,0.99371403
7204.8394,0.9683637,7189.0366,1.0046878,7181.489,1.004408,7182.3203,0.996596
7206.4985,0.9592158,7190.693,0.9916763,7183.143,0.9925021,7183.9746,0.9895027
7208.1587,0.9962104,7192.349,0.98496157,7184.7974,0.9974312,7185.629,0.98472637
7209.819,0.96860254,7194.006,0.98807275,7186.452,1.0063238,7187.2837,0.9856516
7211.4795,0.9743356,7195.663,0.9999325,7188.1074,1.0051132,7188.939,1.0039558
7213.1406,0.9688154,7197.3203,0.97466356,7189.763,0.9940102,7190.5947,1.0130888
7214.802,0.9822492,7198.9785,0.9686952,7191.4194,1.0062265,7192.251,0.99599534
7216.4634,0.98475975,7200.6367,0.9732961,7193.0757,1.0076514,7193.907,0.99384296
7218.1255,0.9791953,7202.2954,0.9793634,7194.7324,0.9957805,7195.564,0.99396116
7219.788,0.98731893,7203.9546,0.9654757,7196.3896,0.99740595,7197.221,0.99582225
7221.451,1.0028447,7205.614,0.98024046,7198.047,0.998931,7198.8784,0.9874876
7223.1143,0.9817459,7207.274,1.009016,7199.705,0.9980643,7200.5366,0.98841435
7224.778,0.9855891,7208.934,1.0012451,7201.3633,1.00197,7202.195,0.9860528
7226.442,0.9773054,7210.5947,0.98574036,7203.022,0.9870734,7203.8535,0.9969114
7228.1064,0.97976166,7212.256,0.9777187,7204.681,0.9958285,7205.5127,0.99284387
7229.7715,0.9860641,7213.917,0.9827767,7206.3403,1.0153636,7207.172,0.99753886
7231.4365,0.97870576,7215.5786,0.9876846,7208.0005,1.0028234,7208.832,1.0104084
7233.102,0.9771178,7217.2407,0.9825761,7209.6606,0.9958443,7210.492,1.0088634
7234.768,0.97648454,7218.9033,0.9853992,7211.3213,0.98383087,7212.153,0.9894107
7236.4346,0.9883251,7220.5664,0.9904867,7212.9824,0.99899393,7213.814,0.984902
7238.101,0.9782236,7222.2295,0.9974745,7214.6436,1.0032464,7215.475,0.98879296
7239.768,0.9885418,7223.893,1.0020534,7216.305,1.0048577,7217.1367,0.9886719
7241.4355,1.0008807,7225.557,0.99058676,7217.9673,1.0020236,7218.799,0.9884703
7243.1035,0.98824567,7227.2217,0.98952633,7219.63,0.99865806,7220.4614,0.98936105
7244.772,0.99123776,7228.8867,0.98886263,7221.293,1.0015072,7222.1245,0.9888021
7246.4404,0.9815259,7230.552,0.975621,7222.956,1.0026289,7223.7876,0.9813233
7248.1094,0.9850361,7232.2173,0.97731763,7224.6196,0.9930574,7225.451,0.98379546
7249.779,0.9644222,7233.8833,0.987167,7226.2837,0.9947351,7227.115,0.987601
7251.4487,0.96883863,7235.55,0.98009366,7227.948,0.99109674,7228.78,0.9899589
7253.119,0.96669674,7237.2163,0.9901939,7229.6133,0.9888464,7230.445,0.98062056
7254.7896,1.0015986,7238.8833,0.99419934,7231.2783,0.9856196,7232.11,0.9835278
7256.4604,0.9831602,7240.551,0.9785891,7232.944,0.98765004,7233.7754,0.9800411
7258.132,0.97682065,7242.2188,0.9931592,7234.61,0.99084026,7235.4414,0.98477405
7259.8037,0.98875237,7243.887,0.9897009,7236.2764,0.98777694,7237.108,0.9856187
7261.4756,0.9719436,7245.5557,0.9970297,7237.943,0.99569625,7238.7744,0.97956634
7263.1484,0.9857058,7247.2246,0.97696155,7239.61,0.9908232,7240.4414,0.9829518
7264.8213,0.9920699,7248.894,0.9836787,7241.2773,0.98596865,7242.109,0.9838488
7266.4946,0.9920067,7250.564,0.98169994,7242.9453,0.9907714,7243.777,0.9797394
7268.168,0.9791238,7252.2344,1.0003958,7244.614,0.996392,7245.4453,0.98742
7269.8423,0.9914776,7253.905,0.9861017,7246.282,0.9839402,7247.114,0.98388207
7271.5166,0.9758948,7255.5757,0.98141205,7247.951,0.9868358,7248.7827,0.98598725
7273.1914,0.97507524,7257.247,0.9830714,7249.6206,0.9896985,7250.452,0.98137295
7274.8667,0.97765285,7258.919,0.9866178,7251.2905,0.9997016,7252.122,0.9890143
7276.542,0.99126774,7260.591,0.99668956,7252.961,0.9991028,7253.7925,0.98768884
7278.2183,0.9938649,7262.2637,0.99790275,7254.6313,0.9887133,7255.463,0.9876891
7279.8945,0.9662761,7263.9365,0.9932157,7256.3022,0.98936075,7257.134,0.9883045
7281.5713,0.98193103,7265.61,0.98128515,7257.9736,0.9882735,7258.805,0.9848204
7283.248,0.97184694,7267.283,0.9840845,7259.6455,0.9954872,7260.477,0.9889194
7284.926,0.98541516,7268.9575,0.9895602,7261.3174,1.0046074,7262.149,0.99975705
7286.6035,0.9861054,7270.632,0.9798527,7262.99,0.9919127,7263.822,0.9950742
7288.282,0.9546895,7272.3066,0.9839804,7264.663,0.98501813,7265.4946,0.992834
7289.9604,0.9935011,7273.982,0.9943045,7266.3364,0.98607105,7267.168,0.98431814
7291.6396,0.9862947,7275.657,0.9934076,7268.01,0.9865515,7268.8413,0.98647517
7293.3193,0.98916215,7277.3335,0.98466945,7269.684,0.9891162,7270.5156,0.9855977
7294.999,0.97834057,7279.01,0.9714354,7271.3584,0.9910992,7272.19,0.98361087
7296.679,0.9808645,7280.6865,0.9967689,7273.033,0.9780207,7273.8647,0.9848225
7298.36,0.9839951,7282.3633,0.9925284,7274.7085,0.9927734,7275.54,0.9841659
7300.041,0.98696995,7284.041,0.9893748,7276.384,0.996674,7277.2153,0.9869642
7301.722,0.9847192,7285.7188,0.9867644,7278.06,0.9794063,7278.8916,0.98746747
7303.404,0.98664165,7287.3975,0.9892313,7279.7363,0.9823296,7280.568,0.9874277
7305.086,0.9828317,7289.0757,1.0014901,7281.413,1.0030577,7282.2446,0.98962927
7306.7686,0.98628116,7290.755,0.99913293,7283.09,1.0067161,7283.9214,0.9922258
7308.4517,0.98996323,7292.4346,1.0008991,7284.7676,0.9971091,7285.599,0.99209905
7310.135,1.0005088,7294.1143,0.99250954,7286.4453,1.0043,7287.277,0.9944847
7311.8184,0.9776619,7295.7944,0.9741304,7288.124,1.004327,7288.9556,0.98675495
7313.503,0.97122854,7297.475,0.9761285,7289.8022,1.0105222,7290.634,0.99947923
7315.187,0.98509306,7299.1562,0.9864174,7291.4814,1.0104293,7292.313,1.0016032
7316.872,0.99607354,7300.8374,0.9856217,7293.161,1.012188,7293.9927,1.002219
7318.557,0.999231,7302.519,0.9841202,7294.841,0.9955977,7295.6724,0.9938844
7320.243,0.9758002,7304.201,0.98950833,7296.521,0.9870268,7297.3525,0.9978068
7321.929,0.97388846,7305.884,0.9830425,7298.2017,0.99436826,7299.033,0.98842114
7323.615,0.988856,7307.567,0.99670976,7299.883,0.9967103,7300.7144,0.9796836
7325.3022,0.99122655,7309.25,1.0022873,7301.564,1.0022535,7302.3955,0.9938532
7326.9893,0.9939845,7310.9336,0.9940331,7303.2456,0.98942286,7304.077,0.9912283
7328.677,0.9890356,7312.618,0.98251563,7304.9277,0.9882402,7305.7593,0.9871665
7330.3647,0.9756823,7314.3022,0.98707145,7306.6104,0.989918,7307.442,0.99772495
7332.053,0.98547864,7315.9873,0.9799609,7308.2935,1.0001338,7309.125,0.98985535
7333.742,0.98110276,7317.6724,0.9939161,7309.9766,0.99116075,7310.808,0.99669975
7335.431,0.98013484,7319.3584,0.986981,7311.66,0.98975646,7312.4917,0.9947946
7337.1206,0.9805271,7321.0444,0.9897204,7313.3447,0.98839474,7314.1763,0.98363703
7338.8105,0.9869361,7322.7305,0.98996145,7315.029,0.9804384,7315.8604,0.99283636
7340.501,1.0121695,7324.4175,0.9875877,7316.714,0.99161935,7317.5454,0.9862123
7342.192,1.0117671,7326.1045,0.99967873,7318.399,0.9897051,7319.2305,0.9863173
7343.883,1.0028754,7327.792,0.9960644,7320.085,0.9880195,7320.9165,0.9890277
7345.574,0.985145,7329.48,0.9905628,7321.771,0.9898214,7322.6025,0.9970718
7347.266,0.9835044,7331.1685,0.98447245,7323.457,0.9897819,7324.2886,0.9921086
7348.9585,0.9841637,7332.8574,0.99001724,7325.144,0.99098396,7325.9756,0.98131543
7350.651,0.9565076,7334.5464,0.994019,7326.831,1.0006975,7327.6626,0.9916272
7352.344,0.9575624,7336.236,0.9932075,7328.5186,0.98652244,7329.35,0.9934622
7354.0376,0.9935194,7337.926,0.9980697,7330.2065,0.9854658,7331.038,0.9889801
7355.7314,0.99874836,7339.616,0.9916139,7331.895,0.9817966,7332.7266,0.9867177
7357.4253,0.96696955,7341.307,0.995338,7333.584,0.9792901,7334.4155,0.98204505
7359.12,0.98477834,7342.998,0.9965019,7335.273,0.98152125,7336.1045,0.9875772
7360.815,0.9766746,7344.6895,0.99846214,7336.9624,0.9911039,7337.794,0.9919411
7362.5103,0.9663164,7346.3813,1.0039725,7338.6523,1.0018958,7339.484,0.9934855
7364.206,0.9658056,7348.0737,0.97189057,7340.343,0.9906305,7341.1743,0.99513924
7365.9023,0.96021587,7349.766,0.9857082,7342.0337,0.988048,7342.865,0.99372953
7367.599,0.96567965,7351.4595,0.98958874,7343.7246,0.9899845,7344.556,0.99030757
7369.296,0.9746885,7353.153,0.99151313,7345.416,1.003274,7346.2476,0.9947847
7370.993,0.9667211,7354.8467,0.9841319,7347.108,0.9958564,7347.9395,0.9957917
7372.691,0.9869493,7356.5405,0.98858607,7348.8003,0.9933476,7349.632,0.98903334
7374.389,1.0068191,7358.2354,0.9749935,7350.4927,0.9915474,7351.324,0.9848784
7376.0874,0.9892142,7359.93,0.984575,7352.186,0.98601544,7353.0176,0.99043536
7377.7866,1.0030824,7361.6255,0.9852951,7353.8794,0.99257255,7354.711,0.98907435
7379.486,0.9912487,7363.3213,0.97369254,7355.573,0.9850401,7356.405,0.98367167
7381.1855,1.0017831,7365.0176,0.9977204,7357.267,0.9816854,7358.0986,0.98745817
7382.8853,0.9775948,7366.7144,0.98884445,7358.962,0.9780425,7359.7935,0.9894682
7384.586,0.9763812,7368.411,0.979796,7360.6567,0.9937401,7361.4883,0.98437786
7386.2866,0.9727014,7370.1084,1.0054733,7362.352,0.98885685,7363.1836,0.97798604
7387.988,0.9677415,7371.806,0.9891622,7364.048,0.98195404,7364.8794,0.9838475
7389.6895,0.9611588,7373.5044,0.9883887,7365.744,0.97928566,7366.5757,0.99103266
7391.3916,0.9638947,7375.2026,0.9891732,7367.441,0.9887163,7368.2725,0.9955769
7393.094,0.9634684,7376.902,0.98339057,7369.1377,0.98821455,7369.969,0.9878476
7394.797,0.9817778,7378.601,0.99732137,7370.835,0.987674,7371.6665,0.9853895
7396.5,0.96642554,7380.301,0.99637765,7372.5327,0.990238,7373.3643,0.98977345
7398.2036,0.9810139,7382.0005,0.9786654,7374.231,0.99266464,7375.0625,0.99465793
7399.9077,0.97538775,7383.701,0.9812332,7375.929,0.9923642,7376.7607,0.9980838
7401.612,0.9736163,7385.402,0.98045754,7377.6284,0.991834,7378.46,0.99069136
7403.317,0.9771929,7387.103,0.97386557,7379.3276,0.9902107,7380.159,1.0022674
7405.022,0.97841895,7388.8047,0.9685451,7381.0273,0.9862678,7381.859,0.9967324
7406.7275,0.9606739,7390.507,0.9675409,7382.727,0.9909172,7383.5586,0.9890901
7408.4336,0.9756557,7392.2095,0.971884,7384.4277,0.9920898,7385.2593,0.974505
7410.1396,0.9583783,7393.912,0.98361844,7386.1284,0.9789463,7386.96,0.9664004
7411.8467,0.9584587,7395.615,0.9876159,7387.8296,0.97776026,7388.661,0.9570613
7413.5537,0.9734722,7397.319,0.98450875,7389.5312,0.9689507,7390.363,0.96926105
7415.261,0.9789777,7399.023,0.9856009,7391.2334,0.9706786,7392.065,0.9743011
7416.969,0.98073775,7400.727,0.99184877,7392.936,0.9754349,7393.7676,0.98281014
7418.6772,0.97950417,7402.432,0.9875534,7394.6387,0.97953475,7395.47,0.97907466
7420.386,0.97906566,7404.137,0.97761333,7396.342,0.97911835,7397.1733,0.984509
7422.095,0.9710595,7405.843,0.97192264,7398.0454,0.9964231,7398.877,0.98286116
7423.8047,0.9439421,7407.549,0.9692189,7399.7495,0.99448526,7400.581,0.9841996
7425.5146,0.96371275,7409.255,0.9758698,7401.4536,0.9845506,7402.285,0.98779696
7427.2246,0.9771737,7410.962,0.9716147,7403.1587,0.98651624,7403.99,0.98703265
7428.9355,0.99352974,7412.669,0.96325964,7404.864,0.9890606,7405.6953,0.9797999
7430.6465,0.9964403,7414.3765,0.9758708,7406.5693,0.98304945,7407.401,0.98450917
7432.358,1.0121206,7416.0845,0.9714025,7408.2754,0.9780698,7409.107,0.9632967
7434.07,1.0113436,7417.7925,0.9653972,7409.9814,0.96854323,7410.813,0.96060437
7435.782,0.9830229,7419.5015,0.9774111,7411.6885,0.97112834,7412.52,0.97636414
7437.4946,0.99881846,7421.2104,0.96679556,7413.3955,0.964973,7414.227,0.97505546
7439.2075,1.0065345,7422.92,0.9800541,7415.103,0.9825483,7415.9346,0.9687156
7440.9214,0.9820737,7424.63,0.98493695,7416.811,0.9716475,7417.6426,0.9776771
7442.635,0.98848367,7426.34,0.9691274,7418.519,0.97282964,7419.3506,0.99063236
7444.349,0.9767238,7428.051,0.9895654,7420.228,0.9913703,7421.0596,0.9795398
7446.064,0.96276695,7429.7617,0.9963803,7421.937,0.9874307,7422.7686,0.97043544
7447.779,0.9671113,7431.473,0.9842449,7423.6465,0.97239304,7424.478,0.9596171
7449.494,0.9739861,7433.185,0.9951502,7425.3564,0.9759488,7426.188,0.9850001
7451.21,0.9846446,7434.8975,0.992041,7427.0664,0.9816664,7427.898,0.9937348
7452.9263,0.9909603,7436.61,0.9877156,7428.7773,0.9913259,7429.609,0.9948183
7454.6426,1.0002747,7438.3228,0.9965167,7430.4883,0.9867074,7431.32,0.9881529
7456.36,1.0044028,7440.0366,0.9847018,7432.1997,0.986192,7433.0312,0.99287933
7458.077,0.9966271,7441.75,0.9871743,7433.9116,0.99218565,7434.743,0.9958229
7459.795,0.99469733,7443.4644,0.98849773,7435.624,0.9884802,7436.4556,0.98644733
7461.513,0.9762104,7445.179,0.98143756,7437.3364,0.99540037,7438.168,0.99442065
7463.2314,0.9720603,7446.894,0.9861295,7439.0493,0.9868996,7439.881,0.98843807
7464.9507,0.9670208,7448.6094,0.9786369,7440.763,0.98291606,7441.5947,0.97417724
7466.67,0.9830825,7450.325,0.988586,7442.4766,0.9873198,7443.308,0.9818491
7468.3896,0.9865521,7452.0415,0.98158985,7444.191,0.9848431,7445.0225,0.9681434
7470.11,0.9863979,7453.758,0.9861658,7445.906,0.9797854,7446.7373,0.9695969
7471.8306,0.968868,7455.475,1.0017543,7447.6206,0.9790183,7448.452,0.97806233
7473.5513,0.97957665,7457.1924,0.99273574,7449.336,0.9736244,7450.1675,0.98229903
7475.273,0.9729103,7458.91,0.9935461,7451.052,0.9861667,7451.8833,0.99207723
7476.9946,0.97641873,7460.6284,0.9941562,7452.768,0.9915953,7453.5996,0.98586226
7478.717,0.98935515,7462.3467,0.98868406,7454.4844,0.9988599,7455.316,0.9953119
7480.439,0.978743,7464.066,0.9835748,7456.2017,0.987115,7457.033,0.9968088
7482.162,0.9777349,7465.785,0.9998885,7457.919,0.9985623,7458.7505,0.9935947
7483.8853,0.9773291,7467.505,0.9958607,7459.6367,0.9928589,7460.4683,0.9843674
7485.609,0.99508923,7469.225,0.9959223,7461.355,0.98468894,7462.1865,0.9761229
7487.333,0.9889072,7470.946,0.9997471,7463.073,0.9834282,7463.905,0.97295743
7489.0576,0.98221207,7472.6665,0.99143535,7464.7925,0.97471887,7465.624,0.98519766
7490.7827,0.97643095,7474.388,0.9939209,7466.5117,0.98414665,7467.3433,0.9900841
7492.508,0.9709328,7476.11,0.9976226,7468.2314,0.9860094,7469.063,0.9924309
7494.2334,0.96172255,7477.832,0.9842377,7469.9517,0.9890289,7470.783,0.99157244
7495.9595,0.9502806,7479.554,0.98806024,7471.6724,0.9897323,7472.504,0.9888419
7497.686,0.9604978,7481.2773,1.0025665,7473.393,0.9889679,7474.2246,0.9865175
7499.413,0.9768584,7483.0005,0.9896325,7475.1147,0.9905754,7475.9463,0.9891942
7501.1406,0.9880403,7484.724,0.9974115,7476.8364,0.99574184,7477.668,0.9879484
7502.868,0.9869565,7486.448,0.9848271,7478.5586,0.99224204,7479.39,0.9897224
7504.596,0.97894067,7488.173,0.9860644,7480.281,0.99094206,7481.1123,0.98568547
7506.3247,0.97578335,7489.898,0.98470426,7482.004,0.99272054,7482.8354,0.9830278
7508.0537,0.9749658,7491.623,0.98676276,7483.727,0.99132353,7484.5586,0.9908758
7509.7827,0.94764423,7493.3486,0.98773015,7485.4507,0.9946956,7486.282,0.9888168
7511.5127,0.95432913,7495.0747,0.9796601,7487.175,0.99466836,7488.0063,0.9924902
7513.2427,0.94902587,7496.8013,0.97454506,7488.8994,0.9930185,7489.731,0.9876924
7514.973,0.9764689,7498.5283,0.9817464,7490.6245,0.9867527,7491.456,0.98369277
7516.704,0.98063993,7500.256,0.98513377,7492.3496,0.98462826,7493.181,0.9704838
7518.435,0.9999563,7501.9834,0.9907076,7494.075,0.9742744,7494.9067,0.96042526
7520.167,0.99864334,7503.7114,0.99666125,7495.8013,0.9706209,7496.633,0.9675846
7521.899,0.9880572,7505.44,0.99030757,7497.528,0.98261654,7498.3594,0.98256135
7523.6313,0.9718906,7507.169,0.9799516,7499.255,0.9893199,7500.0864,0.9923568
7525.3643,0.9690495,7508.898,0.97925335,7500.9824,0.9980721,7501.814,0.9863077
7527.0977,0.97785646,7510.628,0.9762241,7502.71,0.99655455,7503.5415,0.9931292
7528.831,0.9777483,7512.358,0.9782917,7504.438,0.99557364,7505.2695,0.9814198
7530.5654,0.980662,7514.0884,0.98311436,7506.1665,0.9825215,7506.998,0.982183
7532.3,0.9729015,7515.8193,0.9842774,7507.8955,0.9806268,7508.727,0.9812379
7534.0347,0.97732973,7517.5503,0.97925925,7509.6245,0.98072356,7510.456,0.96671027
7535.77,0.98521614,7519.282,0.97992384,7511.3545,0.97503084,7512.186,0.96545327
7537.5054,1.0018779,7521.014,0.9840216,7513.0845,0.969304,7513.916,0.9720673
7539.2417,1.009068,7522.7466,0.98367715,7514.815,0.98366594,7515.6465,0.99099785
7540.978,1.0075015,7524.4795,0.9813354,7516.546,0.98409295,7517.3774,0.98778665
7542.715,1.0051187,7526.213,0.98426676,7518.277,0.9854428,7519.1084,0.9869583
7544.452,0.9982531,7527.9463,0.9881902,7520.009,0.99269915,7520.8403,0.9856128
7546.19,0.9974076,7529.6807,0.983183,7521.7407,0.982573,7522.5723,0.9738374
7547.9277,0.99951726,7531.415,0.98542327,7523.473,0.9934531,7524.3047,0.96736944
7549.6665,1.0021596,7533.15,0.986874,7525.206,0.98009217,7526.0376,0.97881246
7551.4053,0.9873063,7534.8853,0.9848335,7526.9395,0.9902699,7527.771,0.9844371
7553.1445,0.9772992,7536.6206,0.98374784,7528.673,0.987227,7529.5044,0.98009413
7554.8843,0.988639,7538.357,1.0004784,7530.407,0.9867376,7531.239,0.9737096
7556.624,0.98745453,7540.0933,0.9933408,7532.1416,0.97642046,7532.973,0.9689175
7558.3647,0.9792656,7541.83,0.9953458,7533.8765,0.9793028,7534.708,0.9799118
7560.1055,0.9998994,7543.5674,0.99339104,7535.612,0.98827076,7536.4434,0.9881639
7561.8467,0.99409425,7545.305,0.99036807,7537.347,0.9898159,7538.1787,0.9873604
7563.5884,0.99466074,7547.043,0.98776406,7539.0835,0.9852029,7539.915,0.98788136
7565.3306,0.9983421,7548.7817,0.9864213,7540.82,0.9913883,7541.6514,0.9841434
7567.073,0.99394953,7550.5205,0.98234844,7542.5566,0.99258536,7543.388,0.99372673
7568.816,0.98752564,7552.26,0.98395735,7544.294,0.992947,7545.1255,0.98260546
7570.559,0.9880051,7553.9995,0.9865461,7546.0317,0.9895534,7546.8633,0.9866028
7572.3027,0.983332,7555.7393,0.98378533,7547.7695,0.9868356,7548.601,0.98066586
7574.047,0.9866703,7557.48,0.99282247,7549.5083,0.9835494,7550.34,0.9894815
7575.7915,0.99708456,7559.2207,0.98759454,7551.247,0.99856067,7552.0786,0.9818787
7577.536,0.97470796,7560.962,0.98351353,7552.9863,0.986753,7553.818,0.9799641
7579.2817,0.9767835,7562.7036,0.9832385,7554.726,0.98739755,7555.5576,0.97262675
7581.0273,0.9906687,7564.446,0.9936347,7556.466,0.9813389,7557.2974,0.97284967
7582.7734,0.9994812,7566.1885,0.98760676,7558.2065,0.98373365,7559.038,0.97868633
7584.52,0.97383267,7567.931,0.99892783,7559.9473,0.9894865,7560.779,0.9879786
7586.2666,0.9763711,7569.6743,0.99837166,7561.6885,0.98736984,7562.52,0.9836117
7588.014,0.9787995,7571.418,0.9876252,7563.43,0.9893697,7564.2617,0.9821644
7589.7617,1.0067127,7573.162,0.988138,7565.1724,0.9912823,7566.004,0.9829901
7591.51,1.0169601,7574.9067,0.99069315,7566.915,0.98849773,7567.7466,0.9837571
7593.2583,0.98137254,7576.6514,0.98229074,7568.6577,0.98645824,7569.4893,0.9841119
7595.0073,0.9832607,7578.397,0.977026,7570.401,0.98775744,7571.2324,0.9841758
7596.7563,1.0161197,7580.1426,0.98385674,7572.1445,0.98755425,7572.976,0.9820261
7598.5063,0.96281254,7581.8887,0.9824215,7573.8887,0.9924103,7574.72,0.9837942
7600.2563,0.9392024,7583.6353,0.98828197,7575.6333,0.98914653,7576.465,0.98183906
7602.007,0.9706504,7585.382,0.9975757,7577.378,0.9920745,7578.2095,0.9853995
7603.758,0.95030034,7587.1294,0.9918513,7579.1235,0.9836267,7579.955,0.9839384
7605.5093,0.97082084,7588.877,0.9893559,7580.869,0.98434573,7581.7007,0.98616564
7607.2607,0.9467221,7590.625,0.98525417,7582.615,0.9889929,7583.447,0.9797788
7609.013,0.94152814,7592.3735,0.9814989,7584.362,0.9987062,7585.1934,0.9908625
7610.7656,0.99776405,7594.1226,0.97920793,7586.1084,0.99031585,7586.94,0.994266
7612.5186,0.9571815,7595.8716,0.9665511,7587.856,0.98120415,7588.6875,0.98918015
7614.272,0.9830361,7597.6216,0.97230905,7589.6035,0.97106904,7590.435,0.98748094
7616.0254,0.9624743,7599.3716,0.99541926,7591.3516,0.96707016,7592.183,0.97546864
7617.78,0.9680724,7601.122,0.9915322,7593.1,0.97454613,7593.9316,0.96984035
7619.534,0.9646251,7602.873,0.99799013,7594.849,0.99216735,7595.6807,0.9699284
7621.289,0.97390896,7604.6245,0.9889008,7596.598,0.993317,7597.4297,0.97441864
7623.0444,0.9937535,7606.376,1.0044777,7598.348,0.98849213,7599.1797,0.99379885
7624.8003,0.965611,7608.1284,0.99137425,7600.098,0.9995576,7600.9297,0.9978789
7626.5566,0.9371817,7609.881,0.9950978,7601.8486,1.01435,7602.68,0.9880081
7628.313,0.9760611,7611.634,1.0057467,7603.5996,1.011077,7604.431,0.9935979
7630.07,0.9541602,7613.387,0.96876395,7605.351,0.9947101,7606.1826,1.0000921
7631.8276,0.95773613,7615.1406,0.9827961,7607.1025,1.0081533,7607.934,1.0001556
7633.585,0.956804,7616.895,1.0053018,7608.855,1.0200516,7609.6865,1.0046061
7635.3433,0.96493095,7618.6494,1.0004772,7610.6074,0.99835443,7611.439,1.0162386
7637.102,0.980933,7620.4043,1.0017357,7612.3604,0.9931055,7613.192,1.0106097
7638.861,0.96751773,7622.1597,0.97528064,7614.114,1.0092301,7614.9453,1.0186306
7640.6206,0.9869661,7623.9155,0.9824237,7615.867,1.0071975,7616.6987,1.0104707
7642.3804,0.9653591,7625.672,0.97588766,7617.6216,0.9925232,7618.453,1.0154324
7644.1406,0.97224563,7627.428,0.97195274,7619.376,0.9912061,7620.2075,1.0166298
7645.901,0.9569282,7629.185,0.97627366,7621.131,0.9813091,7621.9624,0.9856616
7647.662,0.96726096,7630.943,0.9764617,7622.886,0.99543035,7623.718,0.97986126
7649.4233,0.9643801,7632.7,0.9708091,7624.642,0.97134835,7625.4736,0.98540926
7651.1855,0.97101927,7634.4585,0.9801164,7626.3984,0.99482185,7627.23,0.98181194
7652.9478,0.9692396,7636.2173,0.9726421,7628.155,0.98161733,7628.9863,0.99319625
7654.7104,0.9638838,7637.976,0.98023266,7629.9116,0.98371416,7630.743,0.99086964
7656.473,0.9675372,7639.736,0.9914617,7631.6694,1.0018914,7632.501,0.9949572
7658.237,0.9841862,7641.4956,0.9859935,7633.427,0.97446,7634.2583,0.9855256
7660.0005,0.9763986,7643.256,0.9753309,7635.185,0.99734026,7636.0166,1.0032845
7661.7646,0.97276723,7645.016,0.9744827,7636.944,0.9779229,7637.7754,0.9791884
7663.53,0.9817893,7646.7773,0.9699095,7638.7026,0.9795254,7639.534,1.0065352
7665.2944,0.9871386,7648.5386,0.972358,7640.4624,0.99622774,7641.294,0.98076904
7667.06,1.0015506,7650.301,0.9797235,7642.222,0.97454935,7643.0537,0.99686617
7668.826,0.9920393,7652.063,0.97557974,7643.9824,0.99137276,7644.814,0.99859077
7670.5923,0.96616215,7653.8257,0.9831679,7645.7427,0.9876405,7646.574,0.97616875
7672.359,0.9687922,7655.5884,0.9863473,7647.504,0.9718421,7648.3354,1.002161
7674.126,0.9834241,7657.352,0.98980147,7649.265,1.0018091,7650.0967,0.9926822
7675.8936,0.9814638,7659.1157,0.9966694,7651.0273,0.98382324,7651.859,0.98683524
7677.6616,0.9796542,7660.88,0.9896173,7652.7896,0.98684496,7653.621,1.0099784
7679.43,0.9810223,7662.645,0.98776925,7654.5522,1.007729,7655.384,0.98493314
7681.1987,0.9705949,7664.4097,1.0155953,7656.315,0.9988902,7657.1465,0.9990302
7682.968,0.9768752,7666.1753,1.0039364,7658.0786,1.0096648,7658.91,1.0137529
7684.7373,0.98982006,7667.9414,0.9740783,7659.8423,1.0151358,7660.674,1.0002522
7686.5073,0.9837413,7669.7075,0.96570593,7661.6064,1.0010813,7662.438,1.0077254
7688.278,0.9691989,7671.474,0.97117996,7663.3716,1.016202,7664.203,1.0161896
7690.0483,0.98768985,7673.241,0.9818301,7665.136,1.0093452,7665.968,0.9933038
7691.82,0.9956244,7675.009,0.9717309,7666.902,0.97897667,7667.7334,1.0011517
7693.5913,0.9829838,7676.777,0.9664124,7668.668,0.976663,7669.4995,0.99605644
7695.3633,0.9688651,7678.5454,0.9748046,7670.434,0.9910004,7671.2656,0.9825382
7697.1357,0.96650493,7680.314,0.9957066,7672.2007,0.9873846,7673.032,0.9877353
7698.9087,0.99837637,7682.083,0.9839434,7673.968,0.97938734,7674.7993,0.98764986
7700.6816,0.99136335,7683.8525,0.9795074,7675.7354,0.9901189,7676.567,0.98182
7702.4556,0.99333876,7685.6226,0.98706365,7677.5034,0.9889497,7678.335,0.9744939
7704.2295,0.9879816,7687.393,0.97922045,7679.272,0.9934699,7680.1035,0.9862867
7706.004,1.0121968,7689.1636,0.9860731,7681.0405,0.99297565,7681.872,0.98481023
7707.779,1.0080482,7690.935,0.99480826,7682.8096,0.98143125,7683.641,0.9822939
7709.554,0.99322253,7692.7065,0.992816,7684.579,0.989543,7685.4106,0.9794404
7711.3296,0.9896478,7694.4785,0.9763412,7686.349,0.9823851,7687.1807,0.9875964
7713.106,1.0065086,7696.251,0.96910703,7688.1196,0.9917139,7688.951,0.9829132
7714.8823,0.986567,7698.024,0.9930092,7689.89,0.99414647,7690.7217,0.9830095
7716.659,1.003245,7699.797,0.9936245,7691.6616,0.9963465,7692.493,0.9982061
7718.4365,0.98667556,7701.571,0.98145956,7693.433,0.98534757,7694.2646,0.999217
7720.2144,0.98695475,7703.3447,0.9741515,7695.205,0.98135215,7696.0366,0.9841628
7721.9927,0.98371416,7705.119,0.9795373,7696.9775,0.99834085,7697.809,0.9867666
7723.771,0.9853986,7706.894,0.98391014,7698.7505,1.0020343,7699.582,0.99928445
7725.55,0.98450834,7708.6694,0.98252594,7700.5234,0.9834945,7701.355,0.99572295
7727.3296,0.9930726,7710.445,0.993341,7702.2974,0.97647655,7703.129,0.9986764
7729.1094,0.9890547,7712.221,1.0074077,7704.0713,0.9845054,7704.903,0.989055
7730.889,0.9719929,7713.9976,1.0020835,7705.8457,0.9912396,7706.6772,0.9899063
7732.67,0.9983586,7715.7744,1.0067667,7707.6206,0.987425,7708.452,0.9925845
7734.451,0.979494,7717.552,0.99121106,7709.396,0.9914836,7710.2275,0.99055177
7736.2324,0.9910941,7719.3296,0.97962046,7711.1714,0.9892564,7712.003,0.9921459
7738.014,0.97973096,7721.108,0.98491806,7712.9478,1.0053749,7713.7793,0.9943428
7739.7964,0.9740803,7722.886,0.9823531,7714.724,0.99585456,7715.5557,0.9935321
7741.579,0.97901833,7724.665,0.9876151,7716.501,0.9959677,7717.3325,0.99872726
7743.3623,0.96617717,7726.445,0.9713516,7718.2783,0.983204,7719.11,0.9901628
7745.1455,0.96330494,7728.2246,0.98507416,7720.056,0.9848587,7720.8877,0.9838216
7746.9297,0.9744622,7730.0044,0.9875387,7721.8345,0.98902345,7722.666,0.9841893
7748.714,0.94445676,7731.785,0.99785966,7723.613,0.98373425,7724.4443,0.98478657
7750.4985,0.9456657,7733.5664,0.9849555,7725.3916,0.98775923,7726.223,0.97828466
7752.2837,0.9853589,7735.3477,0.99752265,7727.1714,0.9892614,7728.003,0.9807354
7754.0693,0.99197465,7737.1294,1.0039234,7728.951,0.9870673,7729.7827,0.986083
7755.855,0.9961915,7738.9116,0.9908299,7730.731,0.9886736,7731.5625,0.9921081
7757.6416,0.9784316,7740.6943,0.9813234,7732.5117,0.99225175,7733.3433,0.9960791
7759.428,0.9794146,7742.4775,0.99757636,7734.293,0.98804307,7735.1245,0.9922072
7761.2153,0.9674741,7744.2607,0.9692399,7736.074,0.9948588,7736.906,0.9931524
7763.003,0.9956852,7746.045,0.9710723,7737.856,0.98616445,7738.6875,0.9954616
7764.791,1.0027522,7747.829,0.97257376,7739.638,0.99399287,7740.4697,0.99190474
7766.579,0.991338,7749.614,0.98570806,7741.421,0.9907928,7742.2524,0.9816995
7768.368,0.98877436,7751.399,0.98599136,7743.204,0.98059905,7744.0356,0.9770137
7770.157,1.0027134,7753.1846,0.9726284,7744.9873,0.9835405,7745.819,0.985067
7771.947,0.98266315,7754.97,0.9989871,7746.7715,0.9868475,7747.603,0.977913
7773.7373,0.94078773,7756.757,0.9897104,7748.5557,0.9777264,7749.387,0.9618189
7775.5273,0.9308041,7758.5435,0.9925454,7750.3403,0.97687006,7751.172,0.9729009
7777.3184,0.9669129,7760.3306,0.9883412,7752.1255,0.97925586,7752.957,0.98874724
7779.11,0.9776786,7762.118,0.9903833,7753.911,0.99676996,7754.7427,0.98972327
7780.9014,0.9663843,7763.9062,0.9961249,7755.697,0.99192625,7756.5283,0.99523634
7782.6934,0.9734669,7765.6943,0.9929187,7757.4834,0.9904807,7758.315,0.9942627
7784.486,0.99312264,7767.4834,0.99516654,7759.27,0.9935255,7760.1016,0.99098253
7786.279,0.9969685,7769.2725,0.989327,7761.057,0.9923931,7761.8887,0.9908253
7788.0723,0.9711818,7771.062,0.9928297,7762.8447,0.9939187,7763.6763,0.9968557
7789.866,0.9676015,7772.8525,0.9745167,7764.633,0.9925618,7765.4644,1.002234
7791.66,0.97993886,7774.6426,0.96786934,7766.421,0.9973145,7767.2524,1.0007355
7793.455,0.9892088,7776.4336,0.9651261,7768.21,1.0083483,7769.0415,0.9965525
7795.25,0.9925464,7778.225,0.9645441,7769.999,1.0004835,7770.8306,0.9855429
7797.0454,0.9929344,7780.0166,0.9674074,7771.7886,0.9822871,7772.62,0.9619579
7798.8413,0.97951627,7781.8086,0.9736743,7773.579,0.96226853,7774.4106,0.953366
7800.637,0.978022,7783.601,0.986093,7775.369,0.95087534,7776.2007,0.96832436
7802.434,0.9845224,7785.394,0.98579764,7777.16,0.97057694,7777.9917,0.98474455
7804.231,0.99239844,7787.1875,0.99468297,7778.9517,0.9771321,7779.783,0.98551184
7806.029,0.9987086,7788.9814,0.99134654,7780.743,0.9856804,7781.5747,0.98358756
7807.8267,0.9705943,7790.7754,0.99778575,7782.535,0.9819604,7783.3667,0.98011327
7809.625,0.9926551,7792.5703,1.0001644,7784.3276,0.9902276,7785.159,0.9990487
7811.4233,0.9889532,7794.365,0.9897883,7786.1206,0.9891684,7786.952,0.99249256
7813.2227,0.9881205,7796.1606,1.0007212,7787.914,0.991365,7788.7456,0.9863341
7815.0225,1.0059069,7797.9565,0.98596376,7789.708,0.9863324,7790.5396,0.983802
7816.8223,0.9825103,7799.7524,0.9939017,7791.502,0.9885518,7792.3335,0.98959666
7818.6226,0.9927567,7801.5493,0.99097055,7793.297,0.9793978,7794.1284,0.9956765
7820.4233,0.9936066,7803.346,0.98925865,7795.092,0.9885441,7795.9233,0.9900746
7822.2246,1.0037878,7805.144,0.9922711,7796.887,0.9884294,7797.7188,0.9803473
7824.0264,0.9965985,7806.942,0.98623323,7798.683,0.9877646,7799.5146,0.97685504
7825.828,0.9969713,7808.74,0.9850104,7800.479,0.9847544,7801.3105,0.98489624
7827.631,0.9923371,7810.5386,0.9757948,7802.276,1.0027283,7803.1074,0.98890513
7829.4336,1.0113935,7812.338,0.9953756,7804.0728,1.0094284,7804.9043,0.9818707
7831.237,0.980895,7814.1377,0.98620677,7805.8706,1.0134963,7806.702,0.99153334
7833.0405,0.9717038,7815.9375,0.9943693,7807.6685,0.9948645,7808.5,0.984804
7834.8447,0.96114206,7817.738,0.99070203,7809.467,0.9949051,7810.2983,0.98718554
7836.6494,0.96572,7819.5386,0.99807084,7811.265,0.98897237,7812.0967,0.9847941
7838.454,0.98553663,7821.34,0.99184144,7813.0645,0.99157774,7813.896,0.9917441
7840.26,0.9858155,7823.1416,0.9946279,7814.8643,0.9960387,7815.696,0.9961461
7842.0654,0.9905394,7824.9434,0.9993172,7816.664,1.0010717,7817.4956,0.99729294
7843.8716,0.9944927,7826.746,0.99134165,7818.4644,0.9891686,7819.296,0.9867824
7845.678,0.9837169,7828.549,0.9858198,7820.265,0.99162453,7821.0967,0.99112874
7847.4854,0.9916827,7830.352,0.98502606,7822.0664,0.9880552,7822.898,0.9875438
7849.2925,0.9947671,7832.156,0.9776884,7823.868,0.99853647,7824.6997,0.98724914
7851.1006,0.979513,7833.96,0.9782046,7825.67,0.9979291,7826.5015,0.9947255
7852.9087,0.9983864,7835.7646,0.9861738,7827.4727,1.001363,7828.304,1.0062652
7854.7173,0.9781083,7837.5693,0.98551977,7829.2754,0.9926822,7830.107,0.9939855
7856.527,1.0024564,7839.375,0.9860977,7831.0786,0.9977379,7831.91,0.9747575
7858.336,1.0000846,7841.1807,0.99200356,7832.8823,0.99013305,7833.714,0.9677966
7860.146,0.99599814,7842.987,0.99185306,7834.6865,0.98074085,7835.518,0.97463685
7861.9565,0.99338555,7844.7935,0.99399114,7836.491,0.988113,7837.3228,0.96994233
7863.767,0.98695403,7846.6006,0.99590874,7838.296,0.9874375,7839.1274,0.9855588
7865.5786,0.99333316,7848.4077,0.9942331,7840.1016,1.0032114,7840.933,0.9905063
7867.39,0.9696979,7850.216,0.99248916,7841.907,0.996875,7842.739,0.9943906
7869.202,0.988874,7852.024,0.9933029,7843.7134,0.999306,7844.545,0.9900086
7871.0146,0.99799585,7853.8325,0.9935144,7845.52,0.9934692,7846.3516,0.9908504
7872.8276,0.9947598,7855.642,0.99264985,7847.327,0.99376583,7848.1587,0.9916908
7874.6406,1.0069457,7857.451,0.9924883,7849.1343,1.0028926,7849.966,0.98746955
7876.4546,0.99406767,7859.261,1.0087192,7850.9424,0.9917633,7851.774,0.98881406
7878.2686,0.9792509,7861.072,0.99623716,7852.7505,0.9843877,7853.582,0.9893379
7880.083,0.9966195,7862.8823,0.9918925,7854.559,0.9934353,7855.3906,0.9850202
7881.898,0.9896723,7864.694,1.0039054,7856.3687,0.99180585,7857.2,0.9872668
7883.7134,0.97797775,7866.5054,1.0044537,7858.1777,1.0011134,7859.0093,0.99386346
7885.5293,0.98726547,7868.3174,0.998933,7859.988,1.0055623,7860.8193,0.9912529
7887.345,0.9887494,7870.13,1.0053396,7861.7983,0.996024,7862.63,0.98722386
7889.162,0.97658014,7871.943,0.9957392,7863.609,0.9904156,7864.4404,0.98504823
7890.979,0.9786507,7873.756,0.9841327,7865.4204,1.0015746,7866.252,0.98777914
7892.7964,0.9772633,7875.57,0.99910146,7867.232,0.9909885,7868.0635,0.9901904
7894.6143,0.94755864,7877.384,0.99437183,7869.044,0.99423707,7869.8755,0.995938
7896.4326,0.9448089,7879.198,0.98446685,7870.8564,0.9955676,7871.688,0.9909967
7898.2515,0.96673316,7881.013,0.9930566,7872.6694,0.9880279,7873.501,0.9885366
7900.071,0.9927398,7882.8286,0.9853882,7874.4824,0.99552214,7875.314,0.9910282
7901.89,0.99499524,7884.6445,1.0095991,7876.2964,0.9951065,7877.128,0.9847776
7903.71,0.9680293,7886.4604,0.9895152,7878.1104,0.9938579,7878.942,0.9893419
7905.5303,0.99516493,7888.2773,0.9917842,7879.925,0.9896749,7880.7563,0.99090254
7907.351,1.0091358,7890.094,0.9959361,7881.7397,0.9924993,7882.5713,0.98699135
7909.1724,0.9776591,7891.9116,0.9987876,7883.555,0.9991703,7884.3867,0.99878234
7910.994,0.96527344,7893.7295,0.99681354,7885.371,0.9919721,7886.2026,0.9940037
7912.8164,0.9639973,7895.548,0.98780245,7887.187,0.9936562,7888.0186,0.9921088
7914.6387,1.005985,7897.3667,0.9920427,7889.004,0.9971906,7889.8354,0.98967046
7916.462,0.98210526,7899.186,0.9907621,7890.821,0.9948352,7891.6523,0.9905503
7918.285,0.97430974,7901.0054,0.9887844,7892.638,0.9967722,7893.4697,0.9852355
7920.109,0.956358,7902.825,0.99879944,7894.456,0.99097,7895.2876,0.97610945
7921.933,1.0046443,7904.6455,1.0021571,7896.2744,0.9964172,7897.106,0.98341155
7923.7573,0.98946786,7906.4663,0.99844354,7898.0933,0.9928725,7898.925,0.99126786
7925.5825,0.98445064,7908.2876,0.9930124,7899.9126,0.99596936,7900.744,0.9912935
7927.408,0.99038774,7910.1094,0.9887719,7901.732,0.99872327,7902.5635,0.98657507
7929.234,0.98276407,7911.9316,0.99062634,7903.552,1.0001116,7904.3833,0.99172246
7931.06,0.9637311,7913.754,0.97887695,7905.372,1.0024941,7906.2036,1.0028512
7932.8867,0.94961035,7915.577,0.986223,7907.193,0.99538517,7908.0244,0.99304414
7934.714,1.0086508,7917.4004,0.99328804,7909.014,0.9912843,7909.8457,0.9864967
7936.5415,1.0071964,7919.224,0.99275964,7910.836,0.99071115,7911.6675,0.98740256
7938.3696,0.98021996,7921.0483,0.9857085,7912.658,0.9952702,7913.4897,0.9880536
7940.1978,0.99779683,7922.8726,0.98870075,7914.4805,0.984032,7915.312,0.98797196
7942.0264,1.0129656,7924.6978,1.001095,7916.3037,0.99633574,7917.1353,0.97216964
7943.856,0.9925314,7926.5234,0.99791276,7918.127,0.988596,7918.9585,0.9798952
7945.6855,0.9727899,7928.349,0.9881894,7919.9507,0.98927736,7920.782,0.9869769
7947.5156,0.9951073,7930.1753,0.9942103,7921.775,0.98178035,7922.6064,0.99256885
7949.346,0.99255157,7932.002,0.9786547,7923.599,0.9944515,7924.4307,0.9850352
7951.177,0.99892735,7933.829,0.98800254,7925.4243,0.9948925,7926.256,0.99645436
7953.0083,1.0123719,7935.6567,0.9705361,7927.25,0.99305683,7928.0815,0.9884649
7954.84,1.006002,7937.485,0.96838236,7929.0757,0.98830974,7929.907,0.9825913
7956.6724,0.9906588,7939.313,0.98557585,7930.902,0.994688,7931.7334,0.96408427
7958.505,0.98348755,7941.1416,0.9712162,7932.7285,0.9780153,7933.56,0.9766482
7960.338,0.9543721,7942.971,0.9783351,7934.5557,0.9805209,7935.387,0.9904976
7962.1714,0.9493927,7944.801,0.98105013,7936.3833,0.98521215,7937.215,0.9871253
7964.005,0.96606076,7946.631,0.9748634,7938.2114,0.98209274,7939.043,0.9831095
7965.8394,0.9874818,7948.4614,0.9929217,7940.0396,0.9828832,7940.871,0.99487776
7967.674,1.0038613,7950.292,0.9811657,7941.868,0.99372655,7942.6997,0.9941761
7969.5093,1.0017778,7952.1235,0.9939104,7943.6978,0.989085,7944.5293,0.9651979
7971.3447,0.98485196,7953.955,0.9942642,7945.5273,0.9699308,7946.359,0.97298497
7973.1807,1.0092539,7955.7876,0.99325895,7947.3574,0.9802464,7948.189,0.9787745
7975.017,0.99875444,7957.62,0.9931268,7949.188,0.9897109,7950.0195,0.99828124
7976.854,0.98575836,7959.453,0.98497444,7951.0186,0.9975237,7951.85,1.0022658
7978.691,1.004203,7961.2866,0.9873678,7952.85,1.0049239,7953.6816,0.99961317
7980.529,1.0051168,7963.12,0.99296564,7954.6816,0.99752194,7955.513,0.9996278
7982.3667,0.9999594,7964.9546,0.9953414,7956.514,1.0137163,7957.3457,1.0010422
7984.2056,0.98821825,7966.789,1.0015405,7958.3467,0.9956244,7959.178,1.0028088
7986.0444,0.9866248,7968.6245,1.001823,7960.1797,0.9900698,7961.011,0.98613435
7987.884,0.99120456,7970.46,0.99943614,7962.013,0.9878201,7962.8447,0.984757
7989.7236,1.0104641,7972.296,0.9996011,7963.8467,0.9900866,7964.678,0.98548627
7991.5635,0.9998573,7974.1323,1.006782,7965.681,0.99302256,7966.5127,0.993037
7993.4043,0.99113697,7975.969,1.00439,7967.5156,0.9940641,7968.347,0.9940709
7995.245,0.9991352,7977.806,1.0029875,7969.351,0.9933318,7970.1826,0.9977944
7997.087,1.0003364,7979.644,0.9980772,7971.1865,1.0001391,7972.018,0.9981234
7998.9287,0.96523714,7981.482,0.9963098,7973.0225,0.98890424,7973.854,1.0075997
8000.771,0.9494206,7983.321,1.007162,7974.859,1.0028892,7975.6904,1.0015349
8002.614,0.9721972,7985.1597,1.0038121,7976.696,0.9962289,7977.5273,1.0080925
8004.457,1.0014552,7986.999,1.0026634,7978.5327,0.9977813,7979.3643,1.0083414
8006.3003,0.9918384,7988.839,0.99580467,7980.3706,1.0041616,7981.202,1.0013112
8008.1445,0.96066,7990.6787,0.99965364,7982.2085,1.0040408,7983.04,1.0019897
8009.989,0.9611349,7992.5195,0.9890679,7984.0474,1.0017565,7984.879,1.0000362
8011.834,0.9749073,7994.3604,0.9966767,7985.886,0.9996364,7986.718,0.9975924
8013.679,0.96538526,7996.202,0.9896451,7987.7256,1.005585,7988.557,0.99905604
8015.525,0.9728655,7998.044,0.99042195,7989.5654,0.9957967,7990.397,1.0000621
8017.371,1.0085119,7999.886,0.97991717,7991.4053,0.9899828,7992.237,0.9925493
8019.218,1.0181133,8001.729,0.9880145,7993.246,0.99371946,7994.0776,0.99052614
8021.0645,1.0098897,8003.5723,0.98858607,7995.087,0.99278826,7995.9185,0.98927957
8022.912,0.98491436,8005.4155,0.99884325,7996.9287,0.99107,7997.7603,0.98546135
8024.76,0.96110445,8007.26,1.0012372,7998.7705,0.987591,7999.602,0.9714706
8026.608,0.9578444,8009.104,0.9978418,8000.613,0.9873558,8001.4443,0.9801253
8028.457,0.958176,8010.949,0.99327224,8002.4556,0.98558706,8003.287,1.0021939
8030.306,0.94796675,8012.7944,0.9910769,8004.299,0.99540883,8005.1304,1.0028198
8032.1553,0.97491163,8014.64,1.0003554,8006.142,0.99118465,8006.9736,0.996782
8034.0054,0.98220587,8016.4863,0.9903883,8007.9863,0.9820807,8008.818,0.98938155
8035.856,0.97951066,8018.333,1.0024837,8009.8306,0.99151796,8010.662,0.9888475
8037.7065,0.97415155,8020.1797,0.9940465,8011.676,0.9887977,8012.5073,0.99540687
8039.558,0.9853014,8022.0273,0.9923213,8013.521,0.9829916,8014.3525,0.9984118
8041.4097,1.0114577,8023.875,0.99659055,8015.3667,0.9936305,8016.198,1.0017807
8043.2617,0.9778721,8025.723,0.9930125,8017.213,0.997292,8018.0444,1.0020427
8045.1143,0.94638777,8027.5723,0.9923291,8019.0596,0.9960619,8019.891,0.9988905
8046.9673,0.9679461,8029.4214,1.0048156,8020.9062,0.9923498,8021.738,0.9974034
8048.821,0.9598616,8031.2705,0.9938006,8022.754,0.9852528,8023.5854,0.9923566
8050.6743,1.0023131,8033.1206,0.9934472,8024.6016,0.98994064,8025.433,0.9838482
8052.529,1.0042293,8034.971,0.99201614,8026.4497,0.9865568,8027.2812,0.978126
8054.3833,1.013552,8036.822,0.99855494,8028.299,0.98880816,8029.1304,0.9724812
8056.2383,1.0032548,8038.6733,1.0013243,8030.148,0.9860821,8030.9795,0.98702425
8058.0938,1.0301486,8040.525,0.99938804,8031.997,0.99585164,8032.8286,0.9982655
8059.9497,1.0054997,8042.377,0.99111784,8033.847,1.0088793,8034.6787,0.99429816
8061.806,1.0141349,8044.2295,0.9901872,8035.6978,0.9994848,8036.5293,0.99244916
8063.663,1.0047814,8046.0825,0.99108386,8037.5483,0.99128014,8038.38,0.9958997
8065.5205,1.0016147,8047.936,0.9810542,8039.4,0.99524844,8040.2314,1.005984
8067.378,1.0013014,8049.7896,0.9817132,8041.2515,0.9983525,8042.083,0.99706024
8069.236,1.0132483,8051.644,0.9865684,8043.1035,0.992789,8043.935,0.991151
8071.0947,0.9887306,8053.4985,0.99349904,8044.956,0.99290985,8045.7876,0.96445036
8072.9536,1.0009183,8055.3535,0.9955395,8046.809,0.9751282,8047.6406,0.9731116
8074.813,1.024199,8057.209,1.0066952,8048.6626,0.96992016,8049.494,0.98323745
8076.673,1.0168042,8059.065,1.0027359,8050.516,0.9881216,8051.3477,1.0009284
8078.5327,1.0103554,8060.9214,1.0024093,8052.3706,0.9926356,8053.202,0.99110985
8080.3936,1.007787,8062.7783,1.0070485,8054.225,1.0030911,8055.0566,0.9916457
8082.2544,1.0376639,8064.6357,1.0061935,8056.08,0.9968448,8056.9116,0.9984457
8084.116,0.98985785,8066.493,0.9991499,8057.9355,0.98761344,8058.767,1.0004563
8085.978,0.9863817,8068.351,1.0030222,8059.7915,0.9988649,8060.623,1.0033983
8087.8403,0.96962404,8070.21,0.9970337,8061.648,0.988202,8062.4795,0.9958472
8089.703,0.9995622,8072.069,0.9876431,8063.505,1.0003387,8064.3364,1.0001243
8091.5664,0.98789656,8073.928,0.9849119,8065.3623,0.99768716,8066.194,0.99547565
8093.43,0.97289884,8075.788,1.001608,8067.2197,1.0018489,8068.0513,0.9983942
8095.2944,0.9720663,8077.648,0.9946359,8069.0776,1.0025545,8069.909,0.9914463
8097.1587,0.97286886,8079.509,0.98558515,8070.9365,1.0047525,8071.768,0.9969004
8099.024,0.9580988,8081.3696,0.99307704,8072.7954,0.9980031,8073.627,1.0188491
8100.889,0.97168016,8083.2314,0.9911043,8074.655,1.0076352,8075.4863,1.0061929
8102.755,1.0125799,8085.0933,0.99170756,8076.5146,1.0013942,8077.346,1.0083659
8104.621,1.0079379,8086.9556,0.99494255,8078.3745,0.9944417,8079.206,1.0051874
8106.488,0.9991596,8088.8184,0.9971891,8080.2354,1.0004718,8081.067,0.99289393
8108.355,1.0179561,8090.6816,0.98708904,8082.096,0.9975923,8082.9277,1.00429
8110.222,1.0132742,8092.5454,0.9930783,8083.958,0.9902886,8084.7896,0.9814978
8112.0903,0.99648947,8094.4097,0.99102956,8085.82,0.99648684,8086.6514,0.9811852
8113.9585,0.99730927,8096.274,0.99747646,8087.682,0.98678267,8088.5137,1.0026926
8115.8276,1.0099016,8098.139,0.9998479,8089.545,0.9942093,8090.3765,1.0015188
8117.697,1.0007192,8100.0044,1.0023153,8091.408,1.0048218,8092.2397,0.98615754
8119.5664,1.006215,8101.87,0.99880326,8093.272,0.9971391,8094.1035,0.98898476
8121.4365,1.0191042,8103.7363,1.0019641,8095.136,0.9993983,8095.968,0.9871764
8123.307,0.9943226,8105.603,0.9913245,8097.0005,0.99482197,8097.832,0.98503834
8125.178,0.9822914,8107.47,0.9977426,8098.8657,0.98963916,8099.6973,0.9854588
8127.0493,0.99815387,8109.3374,1.0063416,8100.731,0.9925104,8101.5625,0.99339616
8128.9214,1.0040646,8111.2056,0.995289,8102.5967,1.0020188,8103.428,1.0024557
8130.7935,1.0087215,8113.0737,0.99416834,8104.463,1.0097129,8105.2944,1.0043007
8132.666,1.0069238,8114.943,1.0018804,8106.3296,1.0058203,8107.161,1.0081137
8134.5396,1.0102743,8116.812,1.0098768,8108.197,1.0078396,8109.0283,0.9963897
8136.413,1.0099877,8118.6816,1.0071001,8110.064,1.0062885,8110.8955,1.0086715
8138.287,0.99886733,8120.552,0.99693537,8111.932,1.0002934,8112.7637,1.005097
8140.161,1.0024842,8122.4224,1.0031933,8113.8003,1.0042226,8114.632,1.0001528
8142.036,1.009095,8124.2935,1.0006741,8115.6694,1.0023153,8116.501,1.0050266
8143.9116,0.9892923,8126.1646,1.0077455,8117.5386,1.0106484,8118.37,1.012732
8145.787,0.9886706,8128.0366,1.0052514,8119.408,1.0067528,8120.2397,1.0114323
8147.663,1.0016824,8129.9087,0.99541384,8121.2783,1.0055331,8122.11,0.9994135
8149.54,1.0110372,8131.7812,0.99081093,8123.149,1.0037323,8123.9805,1.0013258
8151.417,0.99566776,8133.655,0.9997335,8125.02,1.0024592,8125.8516,1.0005971
8153.2944,1.003162,8135.5283,0.99639386,8126.891,1.0100654,8127.7227,1.001815
8155.1724,0.99206346,8137.4023,0.9925317,8128.763,1.0021764,8129.5947,1.0016357
8157.0503,0.9934521,8139.2764,0.9918148,8130.6353,1.0057468,8131.467,0.99645245
8158.929,1.0024045,8141.1514,0.98999995,8132.508,1.0023035,8133.3394,1.0000147
8160.8086,0.991298,8143.027,0.99788415,8134.3813,1.0068777,8135.213,0.99431705
8162.688,0.9848812,8144.9023,0.9945128,8136.255,1.0008569,8137.0864,1.0049909
8164.568,0.9961182,8146.7783,0.99551654,8138.129,0.9901335,8138.9604,1.0036123
8166.448,0.9785727,8148.6553,0.9982315,8140.003,0.99577695,8140.8345,0.9935636
8168.3296,1.0029517,8150.532,0.9934601,8141.878,0.9897632,8142.7095,0.99857837
8170.211,0.97332263,8152.4097,0.9947994,8143.7534,0.9970706,8144.585,1.0047702
8172.0923,1.0068059,8154.2876,0.9888965,8145.629,0.9943141,8146.4604,0.9996456
8173.9746,1.0041125,8156.1655,0.9943227,8147.505,1.0010507,8148.3364,0.9920576
8175.8574,1.0081093,8158.0444,0.97891074,8149.382,1.0084558,8150.2134,1.0004445
8177.74,0.9894561,8159.924,0.99448025,8151.259,1.0029589,8152.0903,1.0074812
8179.624,0.9942099,8161.803,0.995676,8153.136,1.0059674,8153.968,0.99556375
8181.508,0.96061355,8163.683,0.995,8155.014,1.0125285,8155.8457,0.9939068
8183.392,0.97343403,8165.5635,0.9994096,8156.892,1.0040758,8157.7236,1.0006642
8185.277,0.9804168,8167.445,0.989954,8158.771,0.98480046,8159.6025,1.0005637
8187.162,0.98810875,8169.326,1.0010761,8160.6504,0.994605,8161.482,0.99762005
8189.048,0.99925494,8171.2075,0.9965128,8162.53,1.0035329,8163.3613,1.0012912
8190.9336,0.9837351,8173.09,0.99608463,8164.4097,0.9967719,8165.241,1.0007706
8192.82,0.98085195,8174.9727,0.98573506,8166.29,1.0012347,8167.1216,1.0076756
8194.707,0.9865326,8176.8555,0.9729754,8168.1714,0.9973281,8169.003,0.9987148
8196.595,0.9665241,8178.7393,0.98571575,8170.0527,0.99694836,8170.8843,0.99038845
8198.482,0.9876259,8180.623,0.98979694,8171.934,1.000682,8172.7656,0.9903098
8200.371,1.0052084,8182.5073,1.001562,8173.8164,0.9955871,8174.648,0.996528
8202.26,0.98934424,8184.392,1.0225298,8175.699,0.99083805,8176.531,0.99085814
8204.148,0.9887807,8186.2773,0.99766964,8177.582,0.99086374,8178.4136,0.99067324
8206.038,1.0416231,8188.163,0.9812486,8179.466,0.99538046,8180.2974,0.99832755
8207.929,1.0426801,8190.049,0.97914034,8181.3496,1.0103903,8182.181,1.0051434
8209.819,1.0215744,8191.9355,0.97946477,8183.234,1.0089706,8184.0654,0.9989908
8211.71,0.97607505,8193.822,1.0124316,8185.1187,0.99381953,8185.95,1.0087531
8213.602,0.9848034,8195.71,1.0149533,8187.004,0.9940693,8187.8354,1.0020335
8215.493,0.9672386,8197.598,1.0153177,8188.8896,0.9985282,8189.721,0.98755
8217.385,0.9883384,8199.486,0.9951027,8190.7754,0.9964916,8191.607,0.99107623
8219.277,0.98407644,8201.375,0.9872953,8192.662,1.0076854,8193.494,0.9977144
8221.171,0.9746473,8203.264,1.0041139,8194.549,1.0192242,8195.381,0.9968071
8223.064,0.98473537,8205.153,0.9971059,8196.437,0.9988183,8197.269,1.0210742
8224.958,0.9977638,8207.044,0.9920213,8198.324,0.99420136,8199.156,1.0040838
8226.853,1.0058438,8208.935,0.9934315,8200.213,0.9969245,8201.045,0.9862159
8228.747,0.97542584,8210.825,1.0006436,8202.102,0.9864624,8202.934,0.99707055
8230.643,0.97313124,8212.717,1.0013788,8203.99,0.99523354,8204.822,1.0043697
8232.538,0.98591757,8214.608,1.0101604,8205.88,1.0031341,8206.712,1.0066283
8234.435,0.9936665,8216.5,0.9813877,8207.7705,1.0081943,8208.603,1.0016687
8236.331,0.98533815,8218.393,0.97493225,8209.661,0.9971783,8210.493,1.0032575
8238.228,0.9839314,8220.286,1.0043132,8211.552,1.0080026,8212.384,0.9865405
8240.125,1.0132443,8222.18,0.99955267,8213.443,0.9993303,8214.275,0.99376285
8242.023,0.980382,8224.073,0.9883732,8215.335,1.0046867,8216.167,0.99654746
8243.922,0.93246865,8225.968,0.9703015,8217.227,0.9988312,8218.059,0.98899746
8245.82,0.96416974,8227.862,0.97978264,8219.119,1.0065783,8219.951,0.99130094
8247.72,1.028992,8229.758,0.9924391,8221.013,1.0083667,8221.845,1.0021287
8249.619,1.0762222,8231.653,0.99306965,8222.906,0.9872654,8223.738,1.0104591
8251.52,1.0666416,8233.55,0.9951738,8224.8,0.9855786,8225.632,0.9985496
8253.42,1.0499446,8235.446,0.99241287,8226.694,0.993369,8227.526,0.98395085
8255.32,1.0213888,8237.343,0.9953749,8228.589,0.9926055,8229.421,0.9825799
8257.222,0.9532351,8239.24,1.007579,8230.484,0.9998294,8231.316,0.9931654
8259.124,0.9389117,8241.139,0.9813564,8232.38,0.9992406,8233.212,1.0045893
8261.026,0.9689201,8243.037,0.9758786,8234.276,0.9942601,8235.108,1.0000501
8262.929,1.0127594,8244.936,0.9989104,8236.173,0.987561,8237.005,0.9961824
8264.832,1.0308926,8246.835,1.0066056,8238.069,1.0083957,8238.901,1.0005095
8266.735,1.0647978,8248.734,1.0039958,8239.967,1.0064778,8240.799,1.0024216
8268.64,1.1086274,8250.635,0.9952705,8241.865,0.98723274,8242.697,0.98474044
8270.544,1.1181064,8252.535,0.9940349,8243.764,0.9871921,8244.596,0.9704566
8272.448,1.02946,8254.436,0.9840712,8245.662,0.9992437,8246.494,0.99641895
8274.3545,0.93397194,8256.337,0.98410225,8247.562,1.0148413,8248.394,1.0089362
8276.26,0.88737607,8258.239,0.9756222,8249.461,1.0030274,8250.293,1.0144794
8278.166,0.91336787,8260.142,0.98113644,8251.361,0.9940203,8252.193,1.0252807
8280.072,0.94465816,8262.044,0.9958429,8253.262,1.0081706,8254.094,1.0131394
8281.9795,0.9468221,8263.947,1.00264,8255.162,0.9854834,8255.994,0.98633426
8283.887,0.97097063,8265.851,1.0174946,8257.063,0.9868829,8257.8955,0.9678799
8285.795,1.0550417,8267.755,1.0172505,8258.966,0.99064374,8259.798,0.98425853
8287.703,1.0250984,8269.659,1.0078654,8260.868,1.0083259,8261.7,0.9980991
8289.612,0.91570264,8271.563,0.9754385,8262.7705,1.0154341,8263.603,1.0098635
8291.521,0.97634214,8273.47,0.96724635,8264.674,1.0109913,8265.506,1.017524
8293.432,1.0108738,8275.375,0.97636384,8266.577,1.0226905,8267.409,1.0351168
8295.342,0.9709131,8277.281,0.9786018,8268.481,1.0155166,8269.313,1.038327
8297.252,0.9408663,8279.1875,0.992183,8270.386,1.0135549,8271.218,1.025828
8299.163,1.0230379,8281.095,0.9830732,8272.29,0.99786556,8273.122,0.9832153
8301.074,0.9894548,8283.002,0.988894,8274.196,0.97112966,8275.028,0.95765454
8302.986,0.97944695,8284.91,1.0099697,8276.102,0.9835353,8276.934,0.9629145
8304.898,0.9609057,8286.818,0.9797895,8278.008,0.9913548,8278.84,0.980142
8306.812,0.9398896,8288.728,0.97937423,8279.914,0.98630035,8280.746,0.9797521
8308.725,0.9968544,8290.637,0.98438126,8281.821,0.9969217,8282.653,0.9672552
8310.639,1.0466046,8292.547,0.9922272,8283.729,1.0045995,8284.561,0.9987007
8312.553,1.0311978,8294.457,0.99843794,8285.637,0.9989623,8286.469,1.024329
8314.467,1.038219,8296.367,0.99905425,8287.545,0.9829825,8288.377,0.97438765
8316.382,1.0272564,8298.278,0.9937027,8289.454,0.98613065,8290.286,0.9559589
8318.298,0.9976344,8300.189,0.99797857,8291.363,1.0046737,8292.195,0.9976664
8320.213,0.97084606,8302.102,0.9831782,8293.273,1.001095,8294.105,0.9971606
8322.13,0.94256204,8304.014,0.9857546,8295.184,0.99721587,8296.016,0.9809377
8324.047,0.98099965,8305.927,1.0025282,8297.094,1.0072594,8297.926,1.0059978
8325.964,1.0331936,8307.84,1.0108211,8299.005,1.017444,8299.837,1.0179726
8327.881,1.0498855,8309.754,1.008822,8300.916,1.0089529,8301.748,0.98937744
8329.799,1.0225466,8311.668,1.0015873,8302.828,1.0021513,8303.66,0.99141234
8331.718,0.9681864,8313.582,0.99494123,8304.74,0.99432003,8305.572,0.97567606
8333.637,0.96970886,8315.497,1.0002489,8306.653,0.997998,8307.485,0.9945106
8335.557,0.9665742,8317.413,1.0062088,8308.566,1.0115187,8309.398,1.0344244
8337.476,0.98842865,8319.328,0.9918626,8310.48,1.0180913,8311.3125,1.0314318
8339.396,0.9836426,8321.245,0.98023725,8312.395,1.0169086,8313.227,1.0132062
8341.317,0.9889951,8323.162,0.9945185,8314.309,1.0254396,8315.141,1.0177282
8343.238,0.99996424,8325.079,0.99763244,8316.224,1.0098065,8317.056,1.0119948
8345.16,1.0061926,8326.996,0.9864279,8318.14,1.0031877,8318.972,0.99674964
8347.082,1.0075467,8328.914,0.97158885,8320.055,0.9995123,8320.887,0.9695293
8349.004,1.0055673,8330.833,0.97853565,8321.972,0.9982524,8322.804,0.97351307
8350.928,1.034589,8332.752,0.99162304,8323.889,1.0207276,8324.721,0.9992639
8352.851,1.021413,8334.672,0.9877627,8325.806,1.0208027,8326.638,1.020592
8354.774,1.0347248,8336.591,0.9899888,8327.723,0.99513626,8328.555,1.003905
8356.699,1.0313388,8338.512,0.9860363,8329.641,0.992633,8330.473,0.9977464
8358.623,1.0138484,8340.433,0.98179317,8331.56,0.99889207,8332.392,0.9906177
8360.549,1.0222049,8342.354,0.9862802,8333.479,1.0006161,8334.311,0.9875813
8362.475,1.0236964,8344.275,0.9896865,8335.398,0.98968893,8336.23,0.99601907
8364.4,0.9987842,8346.197,0.97915494,8337.317,0.99136525,8338.149,0.9915578
8366.327,0.99959934,8348.119,0.9860697,8339.238,0.97519326,8340.07,0.9913623
8368.254,1.0103203,8350.043,1.0018535,8341.159,0.97951585,8341.991,0.99310684
8370.181,1.0090843,8351.966,1.003639,8343.08,1.0018013,8343.912,1.0127544
8372.109,1.0296997,8353.89,1.0105813,8345.002,0.99330777,8345.834,0.99180776
8374.037,1.0274715,8355.814,0.9971174,8346.924,1.0040698,8347.756,0.9977604
8375.966,0.9812683,8357.738,1.0133795,8348.846,0.99356085,8349.678,1.005045
8377.895,0.98974276,8359.664,1.0028801,8350.77,1.0015205,8351.602,1.0312594
8379.824,1.0100615,8361.59,1.0057255,8352.692,1.0112394,8353.524,1.017234
8381.755,0.9988886,8363.516,1.0076026,8354.616,1.0041591,8355.448,0.9977212
8383.686,1.0180459,8365.442,1.0022144,8356.541,1.0153891,8357.373,1.0024966
8385.616,0.9946062,8367.369,1.009635,8358.465,1.0141408,8359.297,1.0071769
8387.548,0.9630628,8369.296,0.9968871,8360.391,1.010779,8361.223,1.011067
8389.4795,0.95735854,8371.225,1.0074092,8362.316,1.005394,8363.148,1.0026132
8391.411,0.99904126,8373.152,0.9960617,8364.242,1.0035045,8365.074,1.0133071
8393.344,1.0242624,8375.081,1.00775,8366.169,1.0028492,8367.001,1.0040051
8395.277,1.00687,8377.01,0.9968123,8368.096,0.99629587,8368.928,1.0095743
8397.211,0.9812744,8378.939,1.0036294,8370.022,1.0064552,8370.8545,1.0114597
8399.145,1.0099063,8380.87,0.998047,8371.951,0.9947571,8372.783,1.0218697
8401.079,0.9887849,8382.801,0.97907686,8373.879,0.9972256,8374.711,1.0014515
8403.015,1.0054855,8384.731,0.98552203,8375.808,0.9934734,8376.64,1.0000763
8404.95,0.99707747,8386.663,0.99113965,8377.736,1.0025054,8378.568,1.0046991
8406.886,0.9796321,8388.595,0.99707633,8379.666,1.0016129,8380.498,1.0086251
8408.822,0.987363,8390.526,1.0001786,8381.597,1.0052441,8382.429,1.0052428
8410.759,0.9622534,8392.459,0.99719363,8383.527,0.9944665,8384.359,0.9948364
8412.695,0.9703409,8394.393,0.9993029,8385.458,0.9963493,8386.29,0.9816472
8414.634,0.9678427,8396.326,0.9929016,8387.39,0.97870904,8388.222,0.96832424
8416.571,0.9862023,8398.26,0.99117166,8389.321,0.9850692,8390.153,0.9828377
8418.51,0.98397654,8400.194,0.98918337,8391.253,0.9832408,8392.085,1.0071024
8420.449,0.99724233,8402.13,0.9810042,8393.186,1.0005246,8394.018,0.9983797
8422.389,0.9915993,8404.065,0.9947754,8395.119,0.99147105,8395.951,0.99411595
8424.328,1.0165385,8406.001,0.99784666,8397.053,0.98511744,8397.885,0.9934499
8426.269,1.0120261,8407.9375,1.0002984,8398.986,0.9988115,8399.818,0.98663276
8428.209,1.0049511,8409.874,0.99614245,8400.921,1.0083399,8401.753,0.9873455
8430.15,0.9955542,8411.811,0.9988673,8402.856,0.98862445,8403.688,0.9972589
8432.092,0.9890982,8413.749,1.0157279,8404.792,0.9859386,8405.624,1.000242
8434.034,0.9999308,8415.687,0.99691266,8406.728,0.9954715,8407.56,0.9948421
8435.977,0.96946144,8417.625,1.0010154,8408.664,0.9974059,8409.496,0.99196434
8437.92,0.9607628,8419.564,0.98805493,8410.601,0.9949632,8411.433,0.99196583
8439.863,0.99219805,8421.504,0.9930193,8412.537,0.99479187,8413.369,0.9983239
8441.807,0.97946304,8423.443,0.99437886,8414.476,0.99475396,8415.308,0.99575126
8443.751,1.0042486,8425.384,0.9895153,8416.413,0.99148905,8417.245,0.9910582
8445.696,0.99067825,8427.324,0.99451125,8418.352,0.99723375,8419.184,0.99128693
8447.641,0.97140604,8429.266,0.9891658,8420.291,0.997943,8421.123,0.9943732
8449.587,0.99337035,8431.207,0.97132415,8422.23,1.0083143,8423.0625,0.9971098
8451.533,1.0224674,8433.149,0.9731434,8424.17,0.99709064,8425.002,0.9973024
8453.4795,0.989047,8435.092,0.99400836,8426.11,0.9925873,8426.942,0.99597245
8455.427,1.0284286,8437.035,0.99497795,8428.051,0.99053806,8428.883,0.98947287
8457.374,1.0147122,8438.979,0.99056494,8429.992,0.99456775,8430.824,0.989009
8459.321,1.0256746,8440.922,0.9887662,8431.934,0.99007493,8432.766,0.9840057
8461.2705,1.0106539,8442.866,0.9801159,8433.876,0.994053,8434.708,0.97668207
8463.219,1.0014287,8444.812,0.99258494,8435.818,0.9871666,8436.65,0.9791482
8465.168,1.0152425,8446.756,0.98093516,8437.762,0.99424356,8438.594,0.9808531
8467.118,0.9798689,8448.702,0.98178416,8439.705,0.9911473,8440.537,0.98380464
8469.068,0.98681885,8450.648,0.983834,8441.648,0.99550676,8442.48,0.992376
8471.019,0.9960963,8452.595,0.98881954,8443.593,0.99057895,8444.425,0.9897581
8472.97,1.0025499,8454.542,1.0062065,8445.538,0.9836754,8446.37,0.9750255
8474.921,1.0070287,8456.489,1.0010121,8447.482,0.96991444,8448.314,0.9796795
8476.873,1.0215312,8458.437,1.0019166,8449.429,0.9683415,8450.261,1.0043511
8478.825,1.013303,8460.386,1.0002314,8451.375,0.9851219,8452.207,1.0006124
8480.778,1.012416,8462.334,0.9941907,8453.321,0.9955283,8454.153,0.9995981
8482.731,1.0190712,8464.283,0.9956883,8455.269,1.0024202,8456.101,1.0113112
8484.686,1.0045445,8466.233,0.9935511,8457.216,1.0109392,8458.048,1.0158055
8486.64,1.0164158,8468.184,0.98808247,8459.163,0.99469316,8459.995,1.0052958
8488.594,1.0103154,8470.134,0.97958094,8461.112,0.98798037,8461.944,1.0018966
8490.549,1.0038005,8472.085,0.98972625,8463.061,0.98021984,8463.893,0.9975646
8492.505,1.0139916,8474.036,0.98771566,8465.01,0.9954413,8465.842,0.99182993
8494.461,0.98772997,8475.988,0.9887309,8466.96,0.9918191,8467.792,0.9792698
8496.417,0.93069434,8477.94,0.9902973,8468.91,0.9876594,8469.742,0.9811665
8498.374,0.8709869,8479.894,0.99480313,8470.86,0.98226625,8471.692,0.9900924
8500.331,0.8533135,8481.847,0.997144,8472.812,0.99794817,8473.644,1.0021651
8502.289,0.90426195,8483.801,1.0066428,8474.763,1.0066231,8475.595,1.0121256
8504.247,0.96202075,8485.755,1.0044098,8476.715,1.0063974,8477.547,1.0106016
8506.206,0.9918275,8487.709,1.0055959,8478.667,1.005794,8479.499,1.0062793
8508.165,1.0225965,8489.664,1.0062526,8480.62,0.997534,8481.452,0.99968463
8510.125,1.0116594,8491.62,1.0048697,8482.573,0.99596477,8483.405,1.0039204
8512.085,0.9882445,8493.576,0.98068166,8484.527,0.9943214,8485.359,1.0022012
8514.045,0.9747339,8495.532,0.9834921,8486.481,0.99968225,8487.313,1.0141451
8516.006,1.0004817,8497.489,0.96499914,8488.436,1.0098587,8489.268,1.0086981
8517.968,0.9851959,8499.446,0.95125544,8490.391,1.0090654,8491.223,1.0027943
8519.93,0.98984677,8501.404,0.93744504,8492.347,1.0035874,8493.179,1.0037352
8521.892,0.989804,8503.362,0.9389301,8494.303,0.984191,8495.135,0.96357554
8523.8545,0.9909214,8505.321,0.9645059,8496.259,0.96667933,8497.091,0.8726551
8525.817,0.97447634,8507.28,0.9772132,8498.216,0.8964494,8499.048,0.82443076
8527.781,0.96739215,8509.24,0.9963163,8500.173,0.87599915,8501.005,0.9063608
8529.745,0.9857152,8511.2,0.9809292,8502.131,0.9296942,8502.963,0.97464585
8531.71,0.97490764,8513.16,0.9871569,8504.089,0.97350144,8504.921,0.98291814
8533.675,0.9662967,8515.121,0.9870206,8506.048,0.9796629,8506.88,0.9993488
8535.641,0.9414052,8517.083,0.9838641,8508.007,0.9874555,8508.839,1.0067478
8537.606,0.9111538,8519.045,0.9929719,8509.967,0.9977555,8510.799,1.0044068
8539.573,0.85039246,8521.007,0.9917344,8511.927,0.9849953,8512.759,0.9858614
8541.54,0.7718839,8522.97,0.9935172,8513.887,0.9810497,8514.719,0.96828115
8543.507,0.70974123,8524.933,0.99900573,8515.848,0.96821547,8516.68,0.9800644
8545.475,0.7594995,8526.896,0.988154,8517.81,0.97826624,8518.642,0.9979175
8547.443,0.87400544,8528.86,0.9804485,8519.771,0.9950213,8520.604,1.0051169
8549.411,0.92834544,8530.825,0.97803104,8521.733,1.0034515,8522.565,1.0079774
8551.381,0.9718099,8532.79,0.96577823,8523.696,1.008033,8524.528,0.9999274
8553.351,0.95327795,8534.756,0.95145255,8525.659,1.0010281,8526.491,0.99031013
8555.32,0.9553629,8536.722,0.925925,8527.623,1.0020249,8528.455,0.99889123
8557.291,0.9390479,8538.688,0.91071725,8529.587,0.99837977,8530.419,0.99314433
8559.262,0.95469457,8540.655,0.89355475,8531.552,1.0024571,8532.384,0.9907505
8561.232,0.9785205,8542.622,0.8657984,8533.517,0.99863565,8534.349,0.9787988
8563.205,0.9818211,8544.59,0.8645424,8535.482,0.9826704,8536.314,0.9551135
8565.177,1.0008099,8546.559,0.8639312,8537.448,0.9549676,8538.28,0.9096226
8567.149,0.977172,8548.526,0.89834356,8539.415,0.9049683,8540.247,0.79041916
8569.123,0.9960825,8550.496,0.94099665,8541.382,0.809896,8542.214,0.6556762
8571.097,0.9805743,8552.466,0.96795535,8543.349,0.7293783,8544.181,0.7179779
8573.07,1.0102096,8554.436,0.96836126,8545.316,0.77647936,8546.148,0.8691349
8575.045,0.9893111,8556.406,0.9744236,8547.285,0.8890686,8548.117,0.93906325
8577.0205,1.0046881,8558.377,0.97298694,8549.253,0.9437743,8550.085,0.967858
8578.995,1.0114177,8560.348,0.98269355,8551.223,0.9664367,8552.055,0.98457646
8580.972,0.9900044,8562.32,0.99509525,8553.192,0.9793131,8554.024,0.9825472
8582.948,0.99241906,8564.292,0.9877546,8555.162,0.9860265,8555.994,0.97731596
8584.925,0.97391397,8566.265,1.0031649,8557.133,0.982776,8557.965,0.976436
8586.902,0.9764201,8568.238,1.0023999,8559.104,0.9899158,8559.936,0.9911596
8588.88,1.0007133,8570.212,1.0151169,8561.074,0.99452376,8561.906,1.0025412
8590.857,0.9891561,8572.186,0.9918598,8563.047,1.0032158,8563.879,0.9984332
8592.836,0.96454406,8574.16,0.9882455,8565.019,1.0028687,8565.851,1.0051018
8594.815,0.9621521,8576.136,0.9814034,8566.991,1.0091298,8567.823,1.0026162
8596.795,0.9527479,8578.11,0.9910167,8568.965,1.0102012,8569.797,1.0010332
8598.775,0.96436936,8580.087,0.9785359,8570.938,1.0032727,8571.7705,1.002001
8600.756,0.9702345,8582.063,0.98001575,8572.912,0.99639314,8573.744,0.9954157
8602.736,0.9970864,8584.04,0.984425,8574.887,0.9876179,8575.719,0.9958223
8604.718,0.95951784,8586.018,0.9920887,8576.862,0.98795176,8577.694,0.9981497
8606.699,0.9862569,8587.995,0.9756633,8578.837,0.98548406,8579.669,0.99565643
8608.682,0.98609924,8589.973,0.969249,8580.813,0.98728913,8581.6455,0.99563867
8610.665,0.9771744,8591.951,0.9795304,8582.79,0.9905175,8583.622,0.99124277
8612.647,0.9864357,8593.931,0.987289,8584.767,0.988307,8585.599,0.98848593
8614.632,0.9779235,8595.91,0.9869733,8586.744,0.988219,8587.576,0.9876237
8616.615,0.9713099,8597.891,0.9836943,8588.722,0.98835325,8589.554,0.99000007
8618.601,0.9749408,8599.871,0.9795397,8590.699,0.99013805,8591.531,0.9852565
8620.585,0.9777549,8601.852,0.97178674,8592.678,1.0006434,8593.51,0.98487294
8622.57,0.9703184,8603.833,0.97472,8594.657,0.9837871,8595.489,0.9754783
8624.557,0.9839997,8605.814,0.9722492,8596.637,0.9772104,8597.469,0.9646271
8626.543,0.9987888,8607.797,0.9727805,8598.617,0.9681563,8599.449,0.9644417
8628.53,0.9787247,8609.78,0.97851264,8600.598,0.9706841,8601.43,0.9790084
8630.518,0.99755925,8611.763,0.97877055,8602.578,0.97571176,8603.41,0.98256075
8632.505,0.9945761,8613.747,0.9768626,8604.56,0.9815643,8605.392,0.9861347
8634.493,0.9961493,8615.73,0.97062963,8606.541,0.98778325,8607.373,0.9921057
8636.481,0.9953883,8617.716,0.9747702,8608.523,0.9895727,8609.355,0.9859545
8638.471,0.99080944,8619.7,0.9824962,8610.507,0.98905647,8611.339,0.98496693
8640.461,1.0060639,8621.686,0.99059236,8612.489,0.99424154,8613.321,0.980114
8642.45,0.96235144,8623.672,0.9912433,8614.474,0.98210967,8615.306,0.9853596
8644.441,0.9709591,8625.658,0.9914655,8616.457,0.994848,8617.289,0.9901432
8646.433,0.9706886,8627.6455,1.0047684,8618.442,0.99613184,8619.274,0.98821265
8648.424,0.9337297,8629.633,0.99373436,8620.427,0.9876251,8621.259,0.99320185
8650.415,0.9612219,8631.62,0.9913198,8622.412,0.99520516,8623.244,0.9872487
8652.408,0.9449456,8633.608,0.99134004,8624.398,0.986748,8625.23,0.9897984
8654.4,0.9838138,8635.597,0.98064244,8626.385,0.9788841,8627.217,1.0003382
8656.394,0.94896907,8637.586,0.98883474,8628.372,0.9863755,8629.204,0.99591535
8658.388,0.93380195,8639.576,0.9750759,8630.359,0.99168617,8631.191,0.9966784
8660.382,0.86870277,8641.565,0.9779283,8632.347,1.0031017,8633.179,0.99293244
8662.377,0.76239944,8643.557,0.9861225,8634.335,1.0027529,8635.167,0.984957
8664.371,0.7676437,8645.548,0.99612945,8636.323,1.0031408,8637.155,0.99341446
8666.367,0.84590465,8647.539,0.99266654,8638.3125,1.0015057,8639.145,0.9930149
8668.363,0.92420566,8649.53,0.9742412,8640.303,1.0106424,8641.135,0.99830693
8670.359,0.9278859,8651.523,0.9854634,8642.292,1.0038738,8643.124,0.9982976
8672.356,0.94196093,8653.516,0.9612903,8644.283,1.0023836,8645.115,0.99342614
8674.354,0.951474,8655.509,0.9392251,8646.274,0.9894962,8647.106,0.97814715
8676.352,0.9314558,8657.503,0.9328587,8648.266,0.97502476,8649.098,0.96196073
8678.351,0.9753697,8659.497,0.8889334,8650.257,0.9713388,8651.089,0.97123647
8680.349,0.9591971,8661.492,0.8889122,8652.25,0.9689802,8653.082,0.9848713
8682.349,0.96411496,8663.486,0.8770636,8654.242,0.97810584,8655.074,0.9719415
8684.348,0.9821754,8665.482,0.87907785,8656.235,0.9726824,8657.067,0.95047015
8686.348,0.9475592,8667.479,0.8912842,8658.2295,0.9552812,8659.062,0.89541215
8688.349,0.948163,8669.475,0.9030161,8660.224,0.8955141,8661.056,0.7631814
8690.35,0.9140004,8671.472,0.94283926,8662.219,0.8002011,8663.051,0.6857341
8692.352,0.92856145,8673.469,0.96242523,8664.213,0.76487666,8665.045,0.8028838
8694.354,0.97003543,8675.467,0.9522273,8666.209,0.8438645,8667.041,0.91151434
8696.355,0.97834796,8677.466,0.95611405,8668.205,0.9287248,8669.037,0.9456501
8698.358,0.9736209,8679.464,0.9641896,8670.201,0.947949,8671.033,0.96534336
8700.362,0.9646277,8681.464,0.97023857,8672.198,0.96800464,8673.03,0.9663924
8702.366,0.98255354,8683.463,0.97814125,8674.195,0.9725164,8675.027,0.9642518
8704.37,0.99534535,8685.463,0.9725253,8676.193,0.9766104,8677.025,0.9708784
8706.375,0.99749106,8687.464,0.97482085,8678.192,0.97863585,8679.024,0.97896296
8708.38,0.9803805,8689.465,0.9889941,8680.19,0.9931658,8681.022,0.9777496
8710.386,0.94250643,8691.467,0.98041093,8682.19,0.9930135,8683.022,0.9843937
8712.393,0.9501006,8693.469,0.9723534,8684.189,0.990364,8685.021,0.9861444
8714.398,0.9452693,8695.471,0.98454493,8686.189,0.9953484,8687.021,0.9705602
8716.406,0.9897632,8697.474,0.9929614,8688.19,0.9645492,8689.022,0.9530769
8718.413,0.97950184,8699.478,0.97486734,8690.191,0.9625286,8691.023,0.97370034
8720.422,0.9935057,8701.481,0.98426193,8692.193,0.981919,8693.025,0.99093574
8722.43,0.9876481,8703.485,0.97666126,8694.195,0.9979689,8695.027,0.9932966
8724.438,0.9880973,8705.49,0.98976946,8696.197,1.0020407,8697.029,0.9890999
8726.448,0.9747263,8707.495,0.9957093,8698.2,1.0026946,8699.032,0.98576325
8728.458,0.9664262,8709.501,0.98929054,8700.204,0.9989175,8701.036,0.9906195
8730.469,0.9632595,8711.508,1.0005199,8702.208,1.001791,8703.04,0.99764913
8732.4795,0.972568,8713.514,0.9997102,8704.212,1.0044074,8705.044,0.99639475
8734.49,0.962907,8715.521,0.9914717,8706.217,1.003611,8707.049,0.9993557
8736.502,0.940084,8717.528,0.99363166,8708.222,0.99998593,8709.054,0.99828
8738.515,0.94165003,8719.537,1.0015541,8710.228,0.9884016,8711.06,0.98193085
8740.527,0.97703254,8721.545,0.9884777,8712.234,0.9807039,8713.066,0.9839248
8742.54,0.9772764,8723.554,0.9847175,8714.24,0.9799802,8715.072,0.9889263
8744.554,0.96060365,8725.563,0.98692226,8716.248,0.98494494,8717.08,0.9870854
8746.567,0.95718676,8727.573,0.9881126,8718.255,0.99052507,8719.087,0.9918193
8748.582,0.9410665,8729.584,0.9675571,8720.264,0.9879568,8721.096,0.99126714
8750.597,0.9451297,8731.595,0.9764133,8722.271,0.9893514,8723.104,1.0012252
8752.612,0.9614436,8733.605,0.9736269,8724.28,0.9952782,8725.112,0.9923201
8754.629,0.9481574,8735.617,0.9835558,8726.29,1.0036945,8727.122,0.9850803
8756.645,0.9481348,8737.63,0.97551227,8728.3,1.0050597,8729.132,0.98522556
8758.661,0.95819694,8739.643,0.97966874,8730.311,0.99666,8731.143,0.99445844
8760.679,0.96194965,8741.655,0.9853313,8732.321,0.98452103,8733.153,0.992483
8762.696,0.9804493,8743.669,0.9745084,8734.332,0.98840827,8735.164,0.9751301
8764.715,0.98473346,8745.683,0.97580725,8736.344,0.98162276,8737.176,0.97089905
8766.733,0.9931045,8747.697,0.972845,8738.356,0.97437024,8739.188,0.9846761
8768.753,0.9881721,8749.712,0.9692495,8740.369,0.9741161,8741.201,0.98002523
8770.772,1.0015247,8751.728,0.96560156,8742.382,0.9790834,8743.214,0.9710469
8772.792,1.0091302,8753.744,0.9542653,8744.3955,0.967021,8745.228,0.97274345
8774.8125,0.99821717,8755.76,0.94360906,8746.409,0.9709485,8747.241,0.96446323
8776.834,0.9857633,8757.776,0.9404593,8748.424,0.96849823,8749.256,0.9529614
8778.855,0.992141,8759.794,0.9513952,8750.438,0.9540893,8751.2705,0.93695915
8780.877,0.98315287,8761.812,0.9608268,8752.454,0.9480086,8753.286,0.94864696
8782.899,1.0167475,8763.83,0.9792285,8754.471,0.96032065,8755.303,0.9656558
8784.923,0.98370576,8765.849,0.97717494,8756.486,0.9706069,8757.318,0.97540617
8786.946,0.9876293,8767.868,0.9769311,8758.503,0.96522695,8759.335,0.97454756
8788.97,0.99232125,8769.888,0.9953295,8760.5205,0.98287654,8761.353,0.9815869
8790.994,0.97300506,8771.907,0.9888534,8762.538,0.98347163,8763.37,0.9809908
8793.019,0.9685378,8773.928,0.990514,8764.557,0.9679133,8765.389,0.97442627
8795.044,0.97104967,8775.949,0.9816633,8766.575,0.9751627,8767.407,0.9782215
8797.069,0.98555607,8777.971,0.9746577,8768.595,0.9933407,8769.427,0.99041784
8799.096,0.9807579,8779.992,0.9775353,8770.614,0.99422276,8771.446,0.9935843
8801.122,0.9882285,8782.015,0.9664483,8772.634,0.9886825,8773.466,0.9744201
8803.149,1.0014403,8784.038,0.97242427,8774.654,0.99171466,8775.486,0.97905463
8805.177,0.94075364,8786.062,0.9790974,8776.676,0.99212056,8777.508,0.9845583
8807.205,0.9432215,8788.085,0.95604354,8778.697,0.99296564,8779.529,0.9836191
8809.233,0.94015694,8790.109,0.9684577,8780.719,0.9883233,8781.551,0.99028134
8811.262,0.9879551,8792.134,0.9690525,8782.741,0.9945866,8783.573,0.99610883
8813.291,1.016466,8794.159,0.9802103,8784.765,1.0033219,8785.597,1.0121051
8815.321,0.9893493,8796.185,0.9954179,8786.788,1.0125207,8787.62,1.0016974
8817.352,1.0078286,8798.211,0.9713683,8788.812,1.0111015,8789.644,0.9964956
8819.383,0.9931395,8800.237,0.97926253,8790.836,0.9937413,8791.668,0.9794822
8821.414,0.99282265,8802.265,0.9898125,8792.86,0.9837899,8793.692,0.98929733
8823.445,0.9648785,8804.292,0.96367127,8794.886,0.9800596,8795.718,0.99625903
8825.478,0.9772392,8806.32,0.9506853,8796.911,0.99079376,8797.743,1.0094868
8827.511,0.9226306,8808.349,0.9607431,8798.9375,0.9894276,8799.77,1.0056943
8829.543,0.97266823,8810.377,0.9534805,8800.964,0.9971176,8801.796,1.0108347
8831.577,1.0453339,8812.406,0.95968974,8802.991,0.99641514,8803.823,0.9879026
8833.611,0.98879087,8814.437,0.97060746,8805.019,1.0027475,8805.851,0.9566491
8835.6455,0.99965465,8816.467,0.96929324,8807.047,0.9651438,8807.879,0.9406223
8837.681,0.97283477,8818.498,0.9982494,8809.075,0.9622825,8809.907,0.97896713
8839.716,0.9898132,8820.529,0.9902494,8811.104,0.9849724,8811.936,0.997403
8841.752,0.99399465,8822.561,0.9984643,8813.133,1.0013849,8813.965,1.001228
8843.788,0.98282534,8824.593,0.98738843,8815.163,0.9979451,8815.995,1.0047941
8845.825,0.97525406,8826.626,0.97740066,8817.193,1.0061538,8818.025,1.0050622
8847.862,0.968865,8828.658,0.97529227,8819.225,1.00086,8820.057,1.001684
8849.9,0.97090477,8830.692,0.9676341,8821.256,1.0016727,8822.088,0.9926409
8851.938,0.9558007,8832.727,0.9698724,8823.287,0.98530054,8824.119,0.9699164
8853.978,0.98335844,8834.761,0.97276294,8825.319,0.97062063,8826.151,0.9690509
8856.017,0.9673032,8836.796,0.9781737,8827.353,0.96190155,8828.185,0.9726343
8858.057,0.964663,8838.831,0.9776229,8829.385,0.99535257,8830.217,0.98080707
8860.097,0.93417597,8840.867,0.9851364,8831.419,0.990343,8832.251,0.9977472
8862.138,0.9186551,8842.903,0.9856488,8833.453,0.99594903,8834.285,0.98727095
8864.179,0.92017555,8844.94,0.9834221,8835.487,0.9931938,8836.319,0.9800822
8866.22,0.91357666,8846.978,0.9851155,8837.522,0.9941627,8838.3545,0.9709301
8868.262,0.9179554,8849.016,0.9776965,8839.558,0.98000276,8840.39,0.9834429
8870.305,0.93110245,8851.054,0.9762659,8841.594,0.98831844,8842.426,0.9882765
8872.348,0.932621,8853.093,0.9638418,8843.63,0.9914134,8844.462,0.98780453
8874.391,0.94081265,8855.132,0.973456,8845.667,0.99532,8846.499,0.988538
8876.435,0.97805315,8857.172,0.9759531,8847.704,0.986386,8848.536,0.9706871
8878.4795,0.9762407,8859.212,0.98094517,8849.742,0.98716575,8850.574,0.9962616
8880.524,0.9589403,8861.253,0.9615785,8851.78,0.9958729,8852.612,0.98676056
8882.569,1.0002685,8863.294,0.9473181,8853.819,0.99300766,8854.651,0.97838503
8884.615,0.9883288,8865.335,0.93314946,8855.858,0.98958725,8856.69,0.9712534
8886.662,0.9513208,8867.377,0.93447894,8857.898,0.9709006,8858.73,0.9567
8888.708,0.9580119,8869.42,0.9414825,8859.938,0.9442168,8860.7705,0.938628
8890.756,0.9788079,8871.463,0.93847704,8861.9795,0.93121815,8862.812,0.9205518
8892.804,0.9745616,8873.506,0.9643257,8864.0205,0.91683894,8864.853,0.9191952
8894.852,0.9882265,8875.55,0.9703898,8866.062,0.926786,8866.894,0.9273183
8896.9,1.0028158,8877.595,0.9750167,8868.104,0.94304353,8868.936,0.9545395
8898.949,1.0,8879.64,0.998536,8870.146,0.9664364,8870.979,0.9694286
8900.999,1.0,8881.685,0.99142087,8872.189,0.9799016,8873.021,0.97508544
8903.049,1.0,8883.73,0.974161,8874.232,0.9887855,8875.064,0.97608966
8905.1,1.0,8885.777,0.97850573,8876.276,0.9920468,8877.108,0.9831856
8907.15,1.0,8887.823,0.9943073,8878.321,0.9894013,8879.153,0.9891037
8909.202,1.0,8889.871,0.9840944,8880.366,0.9971283,8881.198,0.9818307
8911.254,1.0,8891.919,0.98433524,8882.411,0.99402094,8883.243,0.9741917
8913.307,1.0,8893.967,0.9924944,8884.457,0.98652035,8885.289,0.9830782
8915.359,1.0,8896.016,0.9841834,8886.504,0.99412835,8887.336,0.9777704
8917.412,1.0,8898.064,0.977818,8888.55,0.9905445,8889.382,0.9958731
8919.467,1.0,8900.114,1.0,8890.598,0.9879888,8891.43,0.9900424
8921.5205,1.0,8902.164,1.0,8892.6455,0.990828,8893.478,0.99601054
8923.575,1.0,8904.215,1.0,8894.693,0.9849147,8895.525,1.0012308
8925.631,1.0,8906.266,1.0,8896.742,0.9899643,8897.574,1.005813
8927.687,1.0,8908.317,1.0,8898.791,1.0014384,8899.623,1.0
8929.742,1.0,8910.369,1.0,8900.841,1.0,8901.673,1.0
8931.799,1.0,8912.422,1.0,8902.891,1.0,8903.723,1.0
8933.856,1.0,8914.475,1.0,8904.941,1.0,8905.773,1.0
8935.914,1.0,8916.527,1.0,8906.992,1.0,8907.824,1.0
8937.973,1.0,8918.582,1.0,8909.044,1.0,8909.876,1.0
8940.03,1.0,8920.636,1.0,8911.096,1.0,8911.928,1.0
8942.09,1.0,8922.69,1.0,8913.148,1.0,8913.98,1.0
8944.149,1.0,8924.746,1.0,8915.201,1.0,8916.033,1.0
8946.209,1.0,8926.802,1.0,8917.254,1.0,8918.086,1.0
8948.27,1.0,8928.857,1.0,8919.309,1.0,8920.141,1.0
8950.331,1.0,8930.914,1.0,8921.362,1.0,8922.194,1.0
8952.393,1.0,8932.972,1.0,8923.417,1.0,8924.249,1.0
8954.454,1.0,8935.029,1.0,8925.473,1.0,8926.305,1.0
8956.517,1.0,8937.088,1.0,8927.528,1.0,8928.36,1.0
8958.579,1.0,8939.1455,1.0,8929.584,1.0,8930.416,1.0
8960.643,1.0,8941.205,1.0,8931.641,1.0,8932.473,1.0
8962.706,1.0,8943.265,1.0,8933.698,1.0,8934.53,1.0
8964.7705,1.0,8945.324,1.0,8935.756,1.0,8936.588,1.0
8966.835,1.0,8947.385,1.0,8937.814,1.0,8938.646,1.0
8968.9,1.0,8949.446,1.0,8939.872,1.0,8940.704,1.0
8970.966,1.0,8951.508,1.0,8941.932,1.0,8942.764,1.0
8973.032,1.0,8953.569,1.0,8943.991,1.0,8944.823,1.0
8975.099,1.0,8955.632,1.0,8946.051,1.0,8946.883,1.0
8977.166,1.0,8957.694,1.0,8948.111,1.0,8948.943,1.0
8979.233,1.0,8959.758,1.0,8950.173,1.0,8951.005,1.0
8981.302,1.0,8961.821,1.0,8952.234,1.0,8953.066,1.0
8983.37,1.0,8963.886,1.0,8954.296,1.0,8955.128,1.0
8985.439,1.0,8965.95,1.0,8956.358,1.0,8957.19,1.0
8987.509,1.0,8968.016,1.0,8958.421,1.0,8959.253,1.0
8989.579,1.0,8970.081,1.0,8960.484,1.0,8961.316,1.0
8991.649,1.0,8972.147,1.0,8962.548,1.0,8963.38,1.0
8993.721,1.0,8974.214,1.0,8964.612,1.0,8965.444,1.0
8995.792,1.0,8976.281,1.0,8966.677,1.0,8967.509,1.0
8997.863,1.0,8978.349,1.0,8968.742,1.0,8969.574,1.0
8999.936,1.0,8980.417,1.0,8970.808,1.0,8971.64,1.0
9002.009,1.0,8982.485,1.0,8972.874,1.0,8973.706,1.0
9004.082,1.0,8984.555,1.0,8974.94,1.0,8975.772,1.0
9006.156,1.0,8986.624,1.0,8977.008,1.0,8977.84,1.0
9008.23,1.0,8988.694,1.0,8979.075,1.0,8979.907,1.0
9010.305,1.0,8990.765,1.0,8981.144,1.0,8981.976,1.0
9012.38,1.0,8992.836,1.0,8983.212,1.0,8984.044,1.0
9014.456,1.0,8994.907,1.0,8985.281,1.0,8986.113,1.0
9016.532,1.0,8996.979,1.0,8987.351,1.0,8988.183,1.0
9018.608,1.0,8999.051,1.0,8989.421,1.0,8990.253,1.0
9020.686,1.0,9001.124,1.0,8991.491,1.0,8992.323,1.0
9022.764,1.0,9003.197,1.0,8993.5625,1.0,8994.395,1.0
9024.842,1.0,9005.271,1.0,8995.634,1.0,8996.466,1.0
9026.92,1.0,9007.346,1.0,8997.705,1.0,8998.537,1.0
9028.999,1.0,9009.42,1.0,8999.777,1.0,9000.609,1.0
9031.079,1.0,9011.495,1.0,9001.851,1.0,9002.683,1.0
9033.159,1.0,9013.571,1.0,9003.924,1.0,9004.756,1.0
9035.239,1.0,9015.647,1.0,9005.998,1.0,9006.83,1.0
9037.32,1.0,9017.724,1.0,9008.072,1.0,9008.904,1.0
9039.401,1.0,9019.801,1.0,9010.146,1.0,9010.979,1.0
9041.483,1.0,9021.879,1.0,9012.222,1.0,9013.054,1.0
9043.566,1.0,9023.957,1.0,9014.298,1.0,9015.13,1.0
9045.648,1.0,9026.035,1.0,9016.374,1.0,9017.206,1.0
9047.732,1.0,9028.114,1.0,9018.45,1.0,9019.282,1.0
9049.816,1.0,9030.194,1.0,9020.527,1.0,9021.359,1.0
9051.9,1.0,9032.274,1.0,9022.605,1.0,9023.4375,1.0
9053.985,1.0,9034.3545,1.0,9024.684,1.0,9025.516,1.0
9056.07,1.0,9036.436,1.0,9026.762,1.0,9027.594,1.0
9058.156,1.0,9038.517,1.0,9028.841,1.0,9029.673,1.0
9060.242,1.0,9040.599,1.0,9030.921,1.0,9031.753,1.0
9062.329,1.0,9042.682,1.0,9033.001,1.0,9033.833,1.0
9064.416,1.0,9044.764,1.0,9035.081,1.0,9035.913,1.0
9066.504,1.0,9046.848,1.0,9037.162,1.0,9037.994,1.0
