starid,Prot,ref,source,source_id,Porb,eccentricity,semi_amplitude_primary,massfunc
KIC2577743,31.93,santos19,kepler,Gaia DR3 2051905339885506944,114.1431578851823,0.4971605422152889,,
KIC2581101,24.88,santos19,kepler,Gaia DR3 2051869090360684800,214.34141792170072,0.2720151402620515,,
KIC2835051,35.43,santos19,kepler,Gaia DR3 2099209663003232000,584.171170175823,0.6138725691533591,,
KIC2851128,17.72,santos19,kepler,Gaia DR3 2052574873745299968,447.7630002825894,0.6382256301175698,,
KIC3354968,4.54,santos19,kepler,Gaia DR3 2052124829897596416,641.7468078905979,0.328866568830073,,
KIC3530492,21.81,santos19,kepler,Gaia DR3 2099614420720825472,462.7427930549755,0.3284547031316957,,
KIC3953970,1.59,santos19,kepler,Gaia DR3 2052761550205895808,496.5733640336693,0.2818082962153559,,
KIC4367215,25.58,santos19,kepler,Gaia DR3 2053163249907919616,580.6978539748533,0.1924558804708039,,
KIC4737215,23.21,santos19,kepler,Gaia DR3 2101231390009035392,661.4019872043465,0.509676458311644,,
KIC4832572,40.14,santos19,kepler,Gaia DR3 2053068863705394560,470.1186988924485,0.6891825839820002,,
KIC5078404,28.78,santos19,kepler,Gaia DR3 2103508616026954112,462.5023279994396,0.6147998890476186,,
KIC5109927,34.7,santos19,kepler,Gaia DR3 2076499937532012416,533.2086380210917,0.5265248523659156,,
KIC5344121,28.19,santos19,kepler,Gaia DR3 2103390968283574784,913.568822812026,0.6802638676711127,3.795736036775909,0.0020384130691149566
KIC5356467,21.51,santos19,kepler,Gaia DR3 2101362712931802880,505.2571019648661,0.5866920063441525,,
KIC5372687,18.86,santos19,kepler,Gaia DR3 2076553744883874176,558.7592713158825,0.4191708212125016,,
KIC5457269,48.4,santos19,kepler,Gaia DR3 2076570542489174400,445.1346124260963,0.3969309684596068,,
KIC6103862,40.42,santos19,kepler,Gaia DR3 2103723845428497792,531.4988627007004,0.33819665662362,,
KIC6204699,23.38,santos19,kepler,Gaia DR3 2101660886739736576,549.863989922653,0.7554294887621564,,
KIC6606194,22.27,santos19,kepler,Gaia DR3 2101741662182227840,529.107683540039,0.2352437364068406,,
KIC6619645,49.08,santos19,kepler,Gaia DR3 2077107589506059520,475.448716455081,0.519917535071242,,
KIC6626854,26.84,santos19,kepler,Gaia DR3 2076962831928846464,759.2856189001008,0.1208315335903785,,
KIC7024045,20.21,santos19,kepler,Gaia DR3 2102707965406251136,477.78783233222094,0.3705971620320002,,
KIC7280953,15.75,santos19,kepler,Gaia DR3 2125983767572363392,15.368507186686706,0.2887556600048761,29.791503462596783,0.03694895568593579
KIC7293293,2.29,santos19,kepler,Gaia DR3 2077962769032766080,647.1476377973507,0.144802635830335,,
KIC7416664,50.11,santos19,kepler,Gaia DR3 2116809442547969024,423.2999063844519,0.17609864160094,,
KIC7423040,15.0,santos19,kepler,Gaia DR3 2105081600550149376,147.0758091497022,0.5123479268856556,,
KIC7449230,29.39,santos19,kepler,Gaia DR3 2077837184187016320,315.887684140283,0.1343183285214586,,
KIC7590933,27.61,santos19,kepler,Gaia DR3 2105744472922817408,139.81670454815244,0.1597725866648181,,
KIC7617158,32.17,santos19,kepler,Gaia DR3 2077986786489996288,171.87191338779337,0.6122489809140023,,
KIC7619403,14.23,santos19,kepler,Gaia DR3 2078069318579951744,556.5974655239185,0.3655779618245834,,
KIC7751342,12.1,santos19,kepler,Gaia DR3 2126040701660096640,648.5519177794177,0.1639008033946798,,
KIC7867585,19.39,santos19,kepler,Gaia DR3 2116934511995603328,620.8615604107666,0.3203949835916281,,
KIC7881668,41.55,santos19,kepler,Gaia DR3 2103014591710754816,114.31353114028236,0.3804808830803321,,
KIC7898781,31.71,santos19,kepler,Gaia DR3 2078288774226422656,516.5647168975937,0.3926314201766078,,
KIC8247693,35.42,santos19,kepler,Gaia DR3 2078832998127070336,578.8196349233882,0.4610042229388943,,
KIC8431125,30.0,santos19,kepler,Gaia DR3 2126549530725918848,21.154232149101045,0.3696494643984045,35.87028229107562,0.08115178820462324
KIC8482464,29.59,santos19,kepler,Gaia DR3 2106290964560904960,446.2376090332992,0.3489861082179247,,
KIC8520954,27.6,santos19,kepler,Gaia DR3 2076123664039091712,141.58858733190388,0.3807730903886272,,
KIC8800705,45.16,santos19,kepler,Gaia DR3 2106890713793978496,206.05334761221457,0.0861239384784249,,
KIC8806732,30.01,santos19,kepler,Gaia DR3 2106325496098638080,323.5951999694043,0.4125096486024631,,
KIC9107656,28.78,santos19,kepler,Gaia DR3 2079377977936803200,589.9039315926115,0.1817523334616025,,
KIC9139648,14.29,santos19,kepler,Gaia DR3 2107195072356697600,436.3260336440688,0.3368334465501524,,
KIC9141571,63.42,santos19,kepler,Gaia DR3 2106410227213341056,131.78669094402062,0.3977915357904711,,
KIC9446775,31.71,santos19,kepler,Gaia DR3 2119088386553544320,577.0531281959792,0.1724190332017639,,
KIC9450529,23.87,santos19,kepler,Gaia DR3 2107236338402873728,224.12862211085292,0.3157897310600593,,
KIC9540467,8.38,santos19,kepler,Gaia DR3 2080263497110638336,337.104562772627,0.028643069694096,,
KIC9656310,31.93,santos19,kepler,Gaia DR3 2128129601953462784,158.4384515037861,0.1915903717281257,,
KIC9711202,24.03,santos19,kepler,Gaia DR3 2128310059298785024,427.00850077826703,0.2872426572469934,,
KIC9752189,0.84,santos19,kepler,Gaia DR3 2119143121617123712,307.65183981378885,0.1358856365949155,,
KIC9834661,27.61,santos19,kepler,Gaia DR3 2128187223236659072,171.95738552780313,0.3813185090178376,,
KIC10154579,12.71,santos19,kepler,Gaia DR3 2080561258602976896,553.8338008589172,0.2513922935892128,,
KIC10230145,41.55,santos19,kepler,Gaia DR3 2085670242462975488,309.3139909070352,0.1979457290677209,,
KIC10263691,0.45,santos19,kepler,Gaia DR3 2130674009296549760,531.890068625439,0.080586677107211,,
KIC10324900,18.73,santos19,kepler,Gaia DR3 2131415178914091776,729.8731378797443,0.0286822682104545,,
KIC10548508,9.17,santos19,kepler,Gaia DR3 2086589674699171328,424.51838240749805,0.6861819009634934,,
KIC10556022,25.06,santos19,kepler,Gaia DR3 2085715425519509760,600.8189659456615,0.2144367343049944,,
KIC10801273,28.38,santos19,kepler,Gaia DR3 2128853114964897152,109.05671296825044,0.2832567746709812,,
KIC10853806,27.8,santos19,kepler,Gaia DR3 2131013002475932288,466.6597445799644,0.2705755073271333,,
KIC11025991,19.79,santos19,kepler,Gaia DR3 2129479011957044480,295.4645109412056,0.5806785906740979,,
KIC11128748,20.49,santos19,kepler,Gaia DR3 2131221153770157056,579.0902259794719,0.1785192273321277,,
KIC11514078,25.22,santos19,kepler,Gaia DR3 2134842738916439424,445.13401892396234,0.2456357618950178,,
KIC11858760,35.19,santos19,kepler,Gaia DR3 2132722635679268352,322.4247007814183,0.3144139712315296,,
KIC11903656,40.14,santos19,kepler,Gaia DR3 2132169173311357312,427.56607337639207,0.3086024323572209,,
KIC11913531,20.36,santos19,kepler,Gaia DR3 2130092848681850112,548.3902938300415,0.389394105934839,,
KIC11963521,15.0,santos19,kepler,Gaia DR3 2130104565352751360,461.4851384142689,0.1523367646132114,,
KIC11974938,42.72,santos19,kepler,Gaia DR3 2087275117119674240,553.2261912161962,0.1598295712669173,,
KIC12159742,22.42,santos19,kepler,Gaia DR3 2136131435260783616,199.4378986014413,0.1440076081229379,,
KIC12203198,24.88,santos19,kepler,Gaia DR3 2133319846588923392,169.53148969689985,0.0872185539607412,,
KIC12350962,35.92,santos19,kepler,Gaia DR3 2133379598174190720,283.8309626231848,0.2560655024044332,,
KIC12556280,23.21,santos19,kepler,Gaia DR3 2133227350174151168,815.13687967069,0.4613473936838362,,
KIC12600256,24.03,santos19,kepler,Gaia DR3 2133451306947801856,670.172425697647,0.3599998229451978,,
KIC12647383,31.71,santos19,kepler,Gaia DR3 2139226732291065472,889.8169652750645,2.760626153683167e-05,,
KIC757099,0.36,santos21,kepler,Gaia DR3 2050233601176543104,211.3397042591432,0.5924276625623138,,
KIC1297347,13.24,santos21,kepler,Gaia DR3 2051688667374073472,635.2189918940737,0.314367095548603,,
KIC1434259,8.56,santos21,kepler,Gaia DR3 2051704232335480320,8.715017890202484,0.0314617154838972,47.707284632808175,0.09790082315280764
KIC1701554,2.87,santos21,kepler,Gaia DR3 2099066142376993152,2.8616734849378997,0.0176043627568691,91.07590411303144,0.22389156829246595
KIC2013883,26.84,santos21,kepler,Gaia DR3 2052524777245998464,513.4080400668627,0.4643297730567023,,
KIC2304391,24.33,santos21,kepler,Gaia DR3 2051804150457119872,385.78064478280635,0.3691346508909772,20.980459613136183,0.2963253388553226
KIC2572932,33.28,santos21,kepler,Gaia DR3 2052599406599247872,33.78871129850618,0.2242431476730133,25.73386558432081,0.05521864856056457
KIC2576601,8.04,santos21,kepler,Gaia DR3 2052561198569318784,628.6934886291559,0.4800326617580833,,
KIC2580928,22.39,santos21,kepler,Gaia DR3 2051870189872310400,532.5430295528213,0.4618621981476333,,
KIC2718678,24.49,santos21,kepler,Gaia DR3 2051871701703256960,25.291478637852556,0.221311498530792,24.272534592268663,0.034754738529115786
KIC2719823,5.39,santos21,kepler,Gaia DR3 2051861458198347776,694.8355472589458,0.2538492637799309,,
KIC2854863,35.93,santos21,kepler,Gaia DR3 2051908363542642432,72.21117456906306,0.3964590238382277,13.013712176508934,0.012759085413634805
KIC2858134,4.1,santos21,kepler,Gaia DR3 2051873213529761152,4.132153229996348,0.0181258749528558,54.98462901438704,0.07113696919218694
KIC2859024,11.45,santos21,kepler,Gaia DR3 2051875339529497216,458.5501563560449,0.3153509934047976,,
KIC2972471,11.37,santos21,kepler,Gaia DR3 2099223166380421248,705.3226279264097,0.1733150225033059,,
KIC2996629,13.9,santos21,kepler,Gaia DR3 2051877298034583936,829.9039580276049,0.0412792272770451,3.875083117831944,0.004990786859506247
KIC3096409,4.68,santos21,kepler,Gaia DR3 2099929808759840256,4.686040267429954,0.0110492659347424,45.22119074005362,0.04489123649036715
KIC3098888,16.4,santos21,kepler,Gaia DR3 2099957330908995456,677.1572879077472,0.174697342372642,,
KIC3100623,25.72,santos21,kepler,Gaia DR3 2099213064617816832,1130.082660802966,0.4854191256868649,,
KIC3220105,3.29,santos21,kepler,Gaia DR3 2099219936565253632,169.83170612381284,0.3943733715603042,,
KIC3220872,24.65,santos21,kepler,Gaia DR3 2099592293048592768,605.4714655634726,0.3438246942001704,,
KIC3223000,4.87,santos21,kepler,Gaia DR3 2099557894653958144,1837.3200476379936,0.3649506240698659,,
KIC3247139,8.03,santos21,kepler,Gaia DR3 2052118743916856960,7.705070781465061,0.0761012523864307,48.89937841763145,0.09253627830435693
KIC3340951,9.23,santos21,kepler,Gaia DR3 2052649296940185344,0.5992114048722919,0.0913490100432903,7.466734381838469,2.5522453958795912e-05
KIC3341831,16.27,santos21,kepler,Gaia DR3 2052731137537894656,57.76353851048239,0.2996816067128427,26.110485537011716,0.09251379550457513
KIC3545831,6.08,santos21,kepler,Gaia DR3 2052738181284248192,643.1297605500278,0.1689768023185943,,
KIC3631993,30.63,santos21,kepler,Gaia DR3 2099618956206367232,293.2144770425737,0.0312327548043025,,
KIC3743339,23.67,santos21,kepler,Gaia DR3 2052906204701969536,13.73190519153373,0.3049115587751792,10.988487093116545,0.0016307422670698577
KIC3751247,4.98,santos21,kepler,Gaia DR3 2053082332722678912,685.7534470179023,0.3464574528741805,,
KIC3956115,20.65,santos21,kepler,Gaia DR3 2052774263309624704,20.920695419921728,0.2411760320183058,8.50769660413022,0.0012200646286943636
KIC3958507,11.92,santos21,kepler,Gaia DR3 2053091919089749760,496.99768654039826,0.1217448435565474,,
KIC3974277,11.94,santos21,kepler,Gaia DR3 2073180855534236672,12.018572640559016,0.3171251603238478,24.89702272780168,0.016392926191497098
KIC4039714,28.37,santos21,kepler,Gaia DR3 2100074119660664192,284.360358644317,0.1700117838627048,,
KIC4043794,25.57,santos21,kepler,Gaia DR3 2099655308809824384,675.4549282167972,0.1886160649801193,,
KIC4137964,26.3,santos21,kepler,Gaia DR3 2100257630725011712,242.82976395101977,0.4171622971991743,,
KIC4138825,15.54,santos21,kepler,Gaia DR3 2100266465474836352,556.2685946513774,0.4329996162934071,,
KIC4155235,18.57,santos21,kepler,Gaia DR3 2052969014304677120,223.19943660078732,0.3218570894314574,,
KIC4276756,25.22,santos21,kepler,Gaia DR3 2076237051177330048,725.4785815828565,0.143631422900797,,
KIC4283320,15.18,santos21,kepler,Gaia DR3 2073282422918236800,10.948435608049456,0.0554446350529812,47.38141983027813,0.12011014777747814
KIC4374768,2.86,santos21,kepler,Gaia DR3 2052434475551335424,131.88690626457978,0.1076489959442146,,
KIC4456383,11.57,santos21,kepler,Gaia DR3 2101021486368393216,786.521505140816,0.1743383501989941,,
KIC4469448,21.83,santos21,kepler,Gaia DR3 2053129538703684992,47.93189135431245,0.3969357167001051,11.545489167203874,0.005909908161732395
KIC4562148,20.61,santos21,kepler,Gaia DR3 2053363567181693824,590.8681982607717,0.2634497358959871,,
KIC4572456,36.64,santos21,kepler,Gaia DR3 2076447843862777984,399.9933354260555,0.1525261960244447,,
KIC4671891,8.31,santos21,kepler,Gaia DR3 2076307724852549632,8.424916885126745,0.0614282685062146,26.612274727872972,0.01635904345973683
KIC4757871,27.75,santos21,kepler,Gaia DR3 2076456438102801664,27.312633235993236,0.1540063514018977,37.55285536045213,0.14456545457027237
KIC4772834,13.5,santos21,kepler,Gaia DR3 2073473222552297472,245.16264340227332,0.6009216448053826,,
KIC4815965,7.98,santos21,kepler,Gaia DR3 2103349633517631488,1053.2023520158762,0.4343968148143296,,
KIC4823976,6.76,santos21,kepler,Gaia DR3 2099799001235998592,809.2129356386565,0.4196190402909657,,
KIC4831454,5.12,santos21,kepler,Gaia DR3 2101098795780296704,15.11703766762656,0.1686876391243152,4.82384597149309,0.0001683643476022272
KIC4851427,4.81,santos21,kepler,Gaia DR3 2076324977745816320,14.15580330729672,0.2103918042358518,12.230449180844085,0.0025071324717548193
KIC4859118,19.23,santos21,kepler,Gaia DR3 2073653233211224960,696.0314098025771,0.4047954926115317,,
KIC4918802,1.98,santos21,kepler,Gaia DR3 2101149682552719232,38.20385549802331,0.2190747273190603,12.550941620731964,0.0072695066534118145
KIC5080192,10.44,santos21,kepler,Gaia DR3 2103427561405815552,451.4077109936408,0.4778452798580056,,
KIC5080192,10.44,santos21,kepler,Gaia DR3 2103427561405815552,0.7130275262734944,0.3037760731386595,10.496009128774965,7.387813596775817e-05
KIC5098869,3.12,santos21,kepler,Gaia DR3 2053443350493345152,2.9312539876771475,0.0950624309871085,64.56406152316328,0.08063458097845355
KIC5108214,17.74,santos21,kepler,Gaia DR3 2076525844775760384,479.3723120899829,0.2407309955137563,,
KIC5166441,21.93,santos21,kepler,Gaia DR3 2103424018054899200,0.2989841184526827,0.0279606871182325,14.294530912738614,9.037690308203459e-05
KIC5185349,25.9,santos21,kepler,Gaia DR3 2053462213990181248,26.157980588086723,0.2431739043272879,24.505497188089578,0.036399536246978
KIC5303949,21.93,santos21,kepler,Gaia DR3 2073609046598624640,758.5319510513895,0.6195405844644544,,
KIC5349595,14.48,santos21,kepler,Gaia DR3 2100620233343084672,931.3608259079186,0.4350297188408226,,
KIC5380980,30.84,santos21,kepler,Gaia DR3 2076742517284901504,543.891923853597,0.3643453923072628,,
KIC5391520,1.99,santos21,kepler,Gaia DR3 2073598085842244096,1.5132586268301904,0.3449235403774117,15.682387867023854,0.0005000843008936995
KIC5394435,16.08,santos21,kepler,Gaia DR3 2075052774080320128,12.614935576795409,0.0130168913237417,36.4083865056845,0.06306494970757888
KIC5450347,9.42,santos21,kepler,Gaia DR3 2053521381458580608,9.96416673404345,0.2707019054398754,26.04085509425077,0.01626443406309785
KIC5512406,19.23,santos21,kepler,Gaia DR3 2103675088959839360,478.33061687767537,0.2111626646321562,,
KIC5516982,24.51,santos21,kepler,Gaia DR3 2100777463504599936,24.116369641803228,0.4228433750409937,11.288569102408744,0.002674939097039799
KIC5522313,40.42,santos21,kepler,Gaia DR3 2102086187282521088,696.3263751035946,0.5070920100452915,,
KIC5524851,6.85,santos21,kepler,Gaia DR3 2101333090533552256,479.4651322274161,0.2989580381371102,19.23591110047043,0.307265022139612
KIC5529385,17.48,santos21,kepler,Gaia DR3 2101205207890925568,252.2117877399332,0.240175756991215,,
KIC5560161,8.97,santos21,kepler,Gaia DR3 2073784105147547520,9.152567204448737,0.2491845528737042,11.85450793435758,0.0014349683929042723
KIC5645796,6.94,santos21,kepler,Gaia DR3 2073796066645145344,482.11973644403247,0.2769027723693853,,
KIC5683727,26.3,santos21,kepler,Gaia DR3 2104353487633484800,624.6059699428066,0.241604742706028,,
KIC5696625,10.56,santos21,kepler,Gaia DR3 2101350480864569600,611.3509006006599,0.2760472170146105,,
KIC5699681,30.19,santos21,kepler,Gaia DR3 2101394667487033472,565.8640826377134,0.3912652238048555,,
KIC5706320,9.6,santos21,kepler,Gaia DR3 2053591093066042496,273.11002914213026,0.2664701209506273,,
KIC5772278,34.7,santos21,kepler,Gaia DR3 2103839014974080640,565.5420492645229,0.4239037555731458,,
KIC5814512,5.65,santos21,kepler,Gaia DR3 2073864270727630720,222.54315276369223,0.4171439791826435,,
KIC5820851,20.32,santos21,kepler,Gaia DR3 2075124620295927808,489.3055988640218,0.3760743925485437,,
KIC5854567,7.71,santos21,kepler,Gaia DR3 2104358916473379328,503.58814256312655,0.1989113426559743,,
KIC5854943,1.62,santos21,kepler,Gaia DR3 2104452718557824512,1.6398362633409396,0.0417072838219993,69.49980348536486,0.0568887190880373
KIC5857421,3.8,santos21,kepler,Gaia DR3 2103667564176746752,428.7436847422659,0.6442674284320117,,
KIC5878747,27.0,santos21,kepler,Gaia DR3 2053608479093678336,27.305204924410845,0.037589681521185,21.049229589828457,0.026329465032266436
KIC5880515,36.62,santos21,kepler,Gaia DR3 2077571377249925248,733.8790728272465,0.227270595922186,,
KIC5954624,18.47,santos21,kepler,Gaia DR3 2101418306987230720,238.93889005604893,0.0687713492684113,,
KIC5978209,12.68,santos21,kepler,Gaia DR3 2076834081685197312,877.8764965383899,0.2471635363147194,,
KIC6021874,28.58,santos21,kepler,Gaia DR3 2104458216116079104,25.740113670703646,0.3716065042553926,34.26018952339629,0.08581845204766794
KIC6026059,17.23,santos21,kepler,Gaia DR3 2103862899290634496,484.0253945880051,0.5273395934184226,,
KIC6026593,36.68,santos21,kepler,Gaia DR3 2103814005383038336,471.9996420029578,0.5609530108731592,,
KIC6036221,23.39,santos21,kepler,Gaia DR3 2101470808667460096,447.90398573247694,0.5334998982367111,,
KIC6038810,20.21,santos21,kepler,Gaia DR3 2101785818747862016,900.5764098703313,0.2145958699066326,,
KIC6058544,5.23,santos21,kepler,Gaia DR3 2076827179682388992,445.9252836264634,0.2748274476691791,,
KIC6101189,17.47,santos21,kepler,Gaia DR3 2104424990249410560,547.0136523647832,0.403276423511036,,
KIC6105540,7.23,santos21,kepler,Gaia DR3 2104038580632160256,12.02969438952313,0.4250769831206539,35.02179274609797,0.03970551695741369
KIC6131221,2.05,santos21,kepler,Gaia DR3 2077403594344138624,316.01355335631075,0.2364777145431942,,
KIC6185416,2.05,santos21,kepler,Gaia DR3 2104100703039251968,2.0876475901420464,0.0053540781752015,41.50771001930515,0.01546799215774747
KIC6185841,6.84,santos21,kepler,Gaia DR3 2104098160418655488,1.8274156883519088,0.1822314974330298,17.287675511617884,0.0009299414814018832
KIC6187639,2.98,santos21,kepler,Gaia DR3 2103877364740680704,130.3877452241399,0.3145502813049701,,
KIC6188207,3.17,santos21,kepler,Gaia DR3 2103866812002426880,3.2505535480548926,0.0386417891325861,24.083576191688483,0.004694138601942688
KIC6191036,3.99,santos21,kepler,Gaia DR3 2100922629102307840,3.885136171025015,0.1193959263309524,80.3803597050379,0.20460291026811536
KIC6280416,3.85,santos21,kepler,Gaia DR3 2101805987914236160,488.71354147200896,0.6650854470224432,,
KIC6289892,22.99,santos21,kepler,Gaia DR3 2077584360928466688,25.39201734500174,0.1810994125126925,12.109522987329385,0.004443895885708968
KIC6291564,15.74,santos21,kepler,Gaia DR3 2077422633945893248,654.1755477555857,1.0594875561008803e-06,,
KIC6369255,6.18,santos21,kepler,Gaia DR3 2077610031956371200,684.757396985516,0.1033769258399301,,
KIC6370196,4.25,santos21,kepler,Gaia DR3 2077614356980056576,4.234357019132546,0.0458754201065817,41.67150593169842,0.03164766894413799
KIC6372002,26.45,santos21,kepler,Gaia DR3 2077503894726231936,528.7371738662758,0.3610353274849365,,
KIC6381879,8.71,santos21,kepler,Gaia DR3 2076956612816237184,558.9812987079305,0.1128559016767028,,
KIC6424212,14.45,santos21,kepler,Gaia DR3 2104116401139631104,14.48149987449139,0.053646642041254,25.459894551512892,0.024655563128538196
KIC6425135,22.58,santos21,kepler,Gaia DR3 2104086031431240960,91.1825913380887,0.113692611147992,,
KIC6430866,38.51,santos21,kepler,Gaia DR3 2102418725127496832,574.6583429312868,0.2409923198527789,,
KIC6436582,2.35,santos21,kepler,Gaia DR3 2101867320047628672,470.1299247057027,0.0823358306726968,,
KIC6446638,22.88,santos21,kepler,Gaia DR3 2077649580014984704,1.3282046446395896,0.3616884376116561,15.408043158850887,0.0004079268129548954
KIC6467826,1.74,santos21,kepler,Gaia DR3 2075412073862311040,2.6977744272864608,0.4569034338650825,13.527063289400308,0.0004869529963157656
KIC6470892,6.85,santos21,kepler,Gaia DR3 2075371769888334080,443.1021902608046,0.6800888286789342,,
KIC6497336,22.86,santos21,kepler,Gaia DR3 2104698420749390464,491.1239353711034,0.0955560844415174,,
KIC6503138,16.88,santos21,kepler,Gaia DR3 2104113278703950592,247.35062162193552,0.3026293740842564,,
KIC6504503,29.75,santos21,kepler,Gaia DR3 2104077510216230016,47.43336833619979,0.2108654727744291,17.91050780779981,0.02637467903042083
KIC6507962,25.5,santos21,kepler,Gaia DR3 2105437361284001792,25.053733114723222,0.2938766979641121,50.110563609623696,0.2852525718657378
KIC6508169,10.74,santos21,kepler,Gaia DR3 2105436128630709888,8.230102648792915,0.04327374732153,21.612988487765556,0.008584950215293279
KIC6523074,22.12,santos21,kepler,Gaia DR3 2101699472726963328,541.5246265449091,0.1368533644592214,,
KIC6600301,11.7,santos21,kepler,Gaia DR3 2101874466873444608,435.3799499002713,0.5501410999888736,,
KIC6606569,11.42,santos21,kepler,Gaia DR3 2101700159921702656,621.0969779855197,0.6393398390126357,,
KIC6607779,20.76,santos21,kepler,Gaia DR3 2125705213166844928,208.3115976158454,0.1555794386529055,11.423114369735876,0.03101087641780819
KIC6607779,20.76,santos21,kepler,Gaia DR3 2125705213166844928,211.08140568196524,0.2790460771057491,,
KIC6609876,20.02,santos21,kepler,Gaia DR3 2077690365021037568,1143.7477472762696,0.4330509776956587,,
KIC6609876,20.02,santos21,kepler,Gaia DR3 2077690365021037568,1.6723967146403655,0.0739918264952202,6.887944781854053,5.616180768757656e-05
KIC6616064,5.95,santos21,kepler,Gaia DR3 2077541518640597888,666.3522336169882,0.0662811067342981,6.920235858097058,0.022730419223071854
KIC6620730,20.03,santos21,kepler,Gaia DR3 2077127586874099712,506.4668937519834,0.1693799232849507,,
KIC6777975,4.58,santos21,kepler,Gaia DR3 2125723041576556288,20.927208156235277,0.1308522136174112,14.865262448302966,0.006940445786136739
KIC6803286,3.87,santos21,kepler,Gaia DR3 2078423803703071104,3.3774896084371715,0.1581213384414394,16.761527427121674,0.0015865335234152818
KIC6859806,5.13,santos21,kepler,Gaia DR3 2101942774032610944,384.8293405997876,0.4302887481543228,,
KIC6869185,18.71,santos21,kepler,Gaia DR3 2077738537377232128,544.2489613306956,0.5826655475357735,,
KIC6922313,15.67,santos21,kepler,Gaia DR3 2116736290664706944,750.9936705289858,0.2423449587379254,,
KIC6930019,32.61,santos21,kepler,Gaia DR3 2104198250336929152,470.79089906563325,0.259211843195534,,
KIC6932503,8.79,santos21,kepler,Gaia DR3 2105510620544051584,7.818597442941765,0.1275047606657,30.172317251383433,0.021711315198021656
KIC6934317,2.5,santos21,kepler,Gaia DR3 2105475264373092864,436.7174880138598,0.5566660631040512,,
KIC6934818,24.14,santos21,kepler,Gaia DR3 2102474525343084800,431.472063542477,0.2879550563028134,,
KIC7018859,18.83,santos21,kepler,Gaia DR3 2105486877964583936,19.085960538414415,0.1529381125796548,21.99923696368764,0.020320186433348247
KIC7030610,2.81,santos21,kepler,Gaia DR3 2101948129849913600,611.6484738569617,0.2681261453043251,,
KIC7035911,12.53,santos21,kepler,Gaia DR3 2125742562210188160,9.371990197712885,0.3837440133654782,29.20371996900192,0.019044993048925346
KIC7093589,14.59,santos21,kepler,Gaia DR3 2104785114667528704,727.4990761051729,0.2067619878589848,,
KIC7101855,2.63,santos21,kepler,Gaia DR3 2105519244838487424,301.60599185696486,0.6310229442803758,,
KIC7104582,15.33,santos21,kepler,Gaia DR3 2102569667458555520,10.70192553533819,0.1712018473463038,7.317727968454593,0.0004155474286526429
KIC7118463,12.7,santos21,kepler,Gaia DR3 2125781904111089920,9.82354825881304,0.1752262855538343,25.185209861703665,0.015516675380666294
KIC7137013,11.45,santos21,kepler,Gaia DR3 2077195378636299776,174.3893275743428,0.172364934440686,,
KIC7173281,20.81,santos21,kepler,Gaia DR3 2116752130504314240,284.22625776069856,0.3733623883634859,,
KIC7175788,11.21,santos21,kepler,Gaia DR3 2104790474786481792,549.2863079176844,0.0959146178484375,,
KIC7180954,8.86,santos21,kepler,Gaia DR3 2104264461552727680,540.9689969273295,0.5955880377506715,,
KIC7183136,12.99,santos21,kepler,Gaia DR3 2105716293637256192,65.53727400635275,0.3855176299684811,24.243364240117927,0.07600783550331656
KIC7206252,10.08,santos21,kepler,Gaia DR3 2077815739408196224,469.440094808883,0.2258818290454608,,
KIC7206837,4.05,santos21,kepler,Gaia DR3 2077773790469159680,4.050122845439249,0.0022794333724134,21.6088336947716,0.004234166189730537
KIC7285775,8.43,santos21,kepler,Gaia DR3 2077810280511645440,448.70301378616546,0.3661347465517119,,
KIC7286116,24.5,santos21,kepler,Gaia DR3 2077811238284119680,431.66723073595966,0.2596919588555408,,
KIC7365610,32.79,santos21,kepler,Gaia DR3 2125847771728348032,661.3747374899125,0.0849026954310524,,
KIC7373508,18.73,santos21,kepler,Gaia DR3 2077967545036376320,53.66647680429252,0.3277955850664583,23.02261870197669,0.057217018793921076
KIC7381552,6.47,santos21,kepler,Gaia DR3 2078711295934045696,613.0283899905273,0.1299624562539266,,
KIC7418476,3.0,santos21,kepler,Gaia DR3 2104856067527133440,702.5953861159335,0.064914920565501,,
KIC7431833,15.11,santos21,kepler,Gaia DR3 2102607222652707840,11.294939626513411,0.0240443323743721,22.012617265544986,0.012471863297596301
KIC7432941,12.8,santos21,kepler,Gaia DR3 2102595746500233472,767.5101667133441,0.1961597569736627,,
KIC7440048,13.63,santos21,kepler,Gaia DR3 2102044341420544256,13.79558197812294,0.1053267654197764,60.12582789332695,0.30553786460435434
KIC7446038,7.71,santos21,kepler,Gaia DR3 2125820623233055616,1507.38437821281,0.5343821206206416,,
KIC7450736,3.9,santos21,kepler,Gaia DR3 2077827043762107136,3.821970555199259,0.0765181713518143,32.91146447734415,0.013993058386752967
KIC7462984,1.79,santos21,kepler,Gaia DR3 2077262105249669120,11.377733195169547,0.1755488231544605,5.203127195233725,0.00015844064473216025
KIC7463750,2.98,santos21,kepler,Gaia DR3 2078718030440033408,2.8630129285987462,0.1339413016722699,36.60354863316702,0.014158226090885967
KIC7511341,26.4,santos21,kepler,Gaia DR3 2105563255362552320,223.58373240845836,0.1173972367356511,,
KIC7523785,6.39,santos21,kepler,Gaia DR3 2102037469472969984,392.9177832958433,0.1722782007166918,,
KIC7539125,3.85,santos21,kepler,Gaia DR3 2078064954893026432,5.832991589115734,0.1023795902103136,7.454883370093589,0.0002464670358040601
KIC7548833,1.67,santos21,kepler,Gaia DR3 2078733114365910528,2.1020833217640114,0.1477850039457829,6.678223974407123,6.27561875508386e-05
KIC7548833,1.67,santos21,kepler,Gaia DR3 2078733114365910528,756.5559798245205,0.072923273749317,,
KIC7549383,17.26,santos21,kepler,Gaia DR3 2078729674086754816,164.84250775422305,0.2264206166566708,12.209016564528069,0.028723467258564714
KIC7550094,8.92,santos21,kepler,Gaia DR3 2078543070657742848,460.24191707395266,0.2241655129803388,,
KIC7582454,3.64,santos21,kepler,Gaia DR3 2116864315049930368,3.573425978535049,0.027632637839132,59.84602872005831,0.07926880316029103
KIC7612330,21.19,santos21,kepler,Gaia DR3 2077844605890716800,297.1958013522542,0.2099723344423296,,
KIC7658166,23.51,santos21,kepler,Gaia DR3 2117019616768219136,1139.1073946206377,0.0209736163766614,,
KIC7663568,7.12,santos21,kepler,Gaia DR3 2105088304999340800,7.638163086734916,0.0335963316459221,19.281576709647148,0.005663565942634461
KIC7667148,29.74,santos21,kepler,Gaia DR3 2105768902696847488,648.7221290464179,0.213436810983301,,
KIC7667812,1.77,santos21,kepler,Gaia DR3 2105760140964159360,220.04430285289808,0.4364519491516033,,
KIC7668623,5.49,santos21,kepler,Gaia DR3 2105664174214656000,4.823209940494857,0.014798358488252,36.35327154316404,0.02400120789815819
KIC7668911,2.61,santos21,kepler,Gaia DR3 2105658363118368896,57.77329505751,0.1275871858105262,12.389007666563275,0.011105907754856864
KIC7676439,20.06,santos21,kepler,Gaia DR3 2102816301661180928,6.690456880801116,0.3367485615504718,3.6223329702471103,2.7505647866468062e-05
KIC7701454,39.86,santos21,kepler,Gaia DR3 2078738504544342400,464.23974398917426,0.2768175080221094,,
KIC7731450,7.7,santos21,kepler,Gaia DR3 2105246183697460736,7.666286276577275,0.1006322584106693,50.99424780353856,0.1037354095145502
KIC7742408,26.12,santos21,kepler,Gaia DR3 2102991776844251264,98.55330725297506,0.6340251482648172,,
KIC7800958,25.75,santos21,kepler,Gaia DR3 2105238147818151040,433.3357362566511,0.3861276447727058,,
KIC7815706,21.51,santos21,kepler,Gaia DR3 2102867669470082560,528.486719915743,0.476099215877814,,
KIC7817711,10.76,santos21,kepler,Gaia DR3 2126826573295605504,75.51534879781791,0.0175234839308902,18.819413562793574,0.052126975582617856
KIC7818069,31.93,santos21,kepler,Gaia DR3 2126827677106066048,402.15558881922755,0.4221750212967424,,
KIC7870923,4.16,santos21,kepler,Gaia DR3 2105219627919030784,586.1363352725385,0.5609148962859468,,
KIC7885771,22.42,santos21,kepler,Gaia DR3 2126842692311603072,275.74955506507536,0.1058189610136444,,
KIC7887567,18.46,santos21,kepler,Gaia DR3 2126081417949835776,515.7297127984508,0.5690997511847661,,
KIC7890271,8.47,santos21,kepler,Gaia DR3 2126139515965618688,8.853036044452475,0.1102059017847657,44.88605141889852,0.08144700640679216
KIC7890538,26.3,santos21,kepler,Gaia DR3 2126126669723833600,467.146016661236,0.1872867075169966,,
KIC7917965,27.23,santos21,kepler,Gaia DR3 2076001858768905088,220.771405399985,0.074873615789318,,
KIC7919393,10.12,santos21,kepler,Gaia DR3 2075986431246564352,42.495743825772195,0.0680858421245245,23.15993708991331,0.05431749972292277
KIC7959502,17.72,santos21,kepler,Gaia DR3 2126129173684369792,17.489232165071094,0.286716997870964,35.20470881313677,0.06951835533424129
KIC7969984,19.52,santos21,kepler,Gaia DR3 2078102643221223040,888.8870051120331,0.4022653280851876,9.606040312371666,0.06264650470570392
KIC7988940,23.64,santos21,kepler,Gaia DR3 2076041131945607552,735.8157999857907,0.5315595442653523,,
KIC8016222,5.53,santos21,kepler,Gaia DR3 2105691421487403008,5.609635913962951,0.035515710744799,9.001586409235548,0.00042313477753995867
KIC8016496,10.91,santos21,kepler,Gaia DR3 2106019247750146816,711.7035703214754,0.2542176518481696,,
KIC8035497,1.76,santos21,kepler,Gaia DR3 2078341099805508480,1.7657720820762626,0.0378367553960757,43.278978261747994,0.01479930995368458
KIC8051543,29.33,santos21,kepler,Gaia DR3 2079045096488142336,934.9609406875334,0.602384252998796,,
KIC8074231,4.13,santos21,kepler,Gaia DR3 2116966741430479104,474.3638991005222,0.7162832686487782,,
KIC8114302,7.29,santos21,kepler,Gaia DR3 2078859042805930624,286.34020853608905,0.2094848394196324,,
KIC8145383,9.29,santos21,kepler,Gaia DR3 2105324906157184512,8.811133160418365,0.0076340327969632,22.75960260938793,0.010762097701937113
KIC8149133,35.68,santos21,kepler,Gaia DR3 2106600511443980160,291.2223298308508,0.3137928862170805,,
KIC8162381,25.56,santos21,kepler,Gaia DR3 2126118423388544896,254.02121426225415,0.2971645352082506,,
KIC8223872,20.61,santos21,kepler,Gaia DR3 2103118182020590464,127.07006880357687,0.3448707511039759,,
KIC8278873,17.22,santos21,kepler,Gaia DR3 2105384107986089600,488.0868160132357,0.2165856785594067,,
KIC8344172,14.69,santos21,kepler,Gaia DR3 2117319031828326144,807.3410205476918,0.3004867309604506,,
KIC8344972,15.31,santos21,kepler,Gaia DR3 2105388467374910848,24.851195558598196,0.4162655556703381,32.06986892917172,0.06383927837287777
KIC8349402,23.36,santos21,kepler,Gaia DR3 2106622913993772672,253.81047320697263,0.1248398460076405,,
KIC8350026,3.57,santos21,kepler,Gaia DR3 2106700395203089408,3.331970039437507,0.0260388191701897,15.292088640861117,0.001233300122920258
KIC8351168,34.7,santos21,kepler,Gaia DR3 2105941526022429184,162.26572177438626,0.6112437438299814,,
KIC8364888,4.43,santos21,kepler,Gaia DR3 2126188478592767616,578.8902849352711,0.1835147422030466,,
KIC8414062,11.0,santos21,kepler,Gaia DR3 2106673315430481280,791.3647459080128,0.0748420298332649,,
KIC8417732,19.24,santos21,kepler,Gaia DR3 2106284367491019520,101.78359448914928,0.2392997739627253,14.132309904114576,0.02724653137047578
KIC8417933,30.42,santos21,kepler,Gaia DR3 2106281549992479232,546.1773855489288,0.1277897446474809,,
KIC8424629,22.72,santos21,kepler,Gaia DR3 2126925842879471744,2754.8987964319263,0.9308146200691212,,
KIC8424805,14.9,santos21,kepler,Gaia DR3 2126924910864371072,311.0868091977348,0.3154590068586332,,
KIC8426774,30.8,santos21,kepler,Gaia DR3 2126889662074882176,271.1284176519527,0.2608189650589395,,
KIC8435699,13.01,santos21,kepler,Gaia DR3 2126411683753940736,228.23974472894744,0.224964595831451,,
KIC8487738,2.19,santos21,kepler,Gaia DR3 2127126258931231360,718.1587104923376,0.0137435267984282,,
KIC8525265,5.49,santos21,kepler,Gaia DR3 2082078649065943296,837.3304536810805,0.3969290608634633,,
KIC8525265,5.49,santos21,kepler,Gaia DR3 2082078649065943296,881.257644019154,0.3964020757050973,16.8467561577957,0.33782999671269737
KIC8552756,3.86,santos21,kepler,Gaia DR3 2127121590307227264,3.811820106517458,0.0639670656732952,54.75275138853186,0.06443002787252616
KIC8564441,5.88,santos21,kepler,Gaia DR3 2126418383902933632,5.961210688115175,0.1492381781049084,29.719520917919873,0.01567458487886749
KIC8571125,2.06,santos21,kepler,Gaia DR3 2079658628277939456,595.04698580471,0.6196671566261323,,
KIC8611679,5.88,santos21,kepler,Gaia DR3 2106307074978756096,5.491612339093156,0.07557093542285,39.57082116461168,0.03495450383725175
KIC8645674,20.49,santos21,kepler,Gaia DR3 2079105814450589184,323.66859186572594,0.8392503571155433,,
KIC8656566,13.77,santos21,kepler,Gaia DR3 2081925924337678208,469.49924402851326,0.6372482501771496,,
KIC8677016,29.58,santos21,kepler,Gaia DR3 2106316150250297472,347.39898192393304,0.1619680748041479,8.480268998930402,0.02109350127640051
KIC8687869,11.12,santos21,kepler,Gaia DR3 2126631994094785024,10.999033264140593,0.0543845021502876,26.5990648211801,0.0213517324560756
KIC8695868,17.21,santos21,kepler,Gaia DR3 2079896977478546944,855.4280562805503,0.4151341639849499,7.256515574399307,0.02550103436092786
KIC8701569,7.76,santos21,kepler,Gaia DR3 2079710438462529920,480.2484070085977,0.1689587103201981,,
KIC8715564,46.44,santos21,kepler,Gaia DR3 2076158431791150720,980.6934982600762,0.6826036389131505,5.796120407217279,0.007722008058186582
KIC8739209,7.35,santos21,kepler,Gaia DR3 2105995294714848896,7.395240628621087,0.038506471532447,39.097925479973725,0.04569365724372499
KIC8745924,3.15,santos21,kepler,Gaia DR3 2127187767163315840,894.3482225779145,0.4311269218765192,5.192548129635249,0.009530104151287539
KIC8758590,0.94,santos21,kepler,Gaia DR3 2126451781569118336,539.5398119319769,0.0039794070496418,,
KIC8781452,1.83,santos21,kepler,Gaia DR3 2082155241230022016,883.3815887892722,0.200581237289999,,
KIC8806223,8.02,santos21,kepler,Gaia DR3 2106339274353151488,1058.855785610015,0.1681607230743396,,
KIC8817143,19.63,santos21,kepler,Gaia DR3 2126638320588210176,13.68389610074088,0.1115908439436749,44.254709847098816,0.12059640131206269
KIC8868637,24.03,santos21,kepler,Gaia DR3 2106766675139140608,206.9025880368053,0.3947837736557841,,
KIC8868719,12.51,santos21,kepler,Gaia DR3 2106766262821941760,236.0093391892144,0.2872155228635414,,
KIC8878567,17.24,santos21,kepler,Gaia DR3 2127170862172266752,457.07958705291173,0.0791927399669876,,
KIC8938501,11.87,santos21,kepler,Gaia DR3 2106389469632879232,659.5533499487158,0.557852884980566,,
KIC8958359,11.2,santos21,kepler,Gaia DR3 2127956875548483328,2238.6636773471164,0.7225972919388698,,
KIC8981188,6.92,santos21,kepler,Gaia DR3 2085170995463975680,206.18114393241189,0.5479213261767907,,
KIC8982618,10.09,santos21,kepler,Gaia DR3 2082170703112375040,726.3325367283401,0.520258943340705,,
KIC9003357,33.71,santos21,kepler,Gaia DR3 2106827320077177984,142.35637481433204,0.2790167144509395,,
KIC9004960,18.12,santos21,kepler,Gaia DR3 2107140612171817600,553.5116329494257,0.5018620559565851,,
KIC9025370,23.21,santos21,kepler,Gaia DR3 2126516412237386880,239.12475084929363,0.2707409619564792,,
KIC9026619,19.25,santos21,kepler,Gaia DR3 2127973952338622336,327.8464514470294,0.0429120321471919,,
KIC9031221,6.33,santos21,kepler,Gaia DR3 2079981815974855552,796.966388348785,0.4617463536929526,,
KIC9051076,1.64,santos21,kepler,Gaia DR3 2085177691313762432,0.7181614588097198,0.21759040578168,12.213855085690264,0.0001260644308138706
KIC9084820,2.54,santos21,kepler,Gaia DR3 2127083932034970240,1.9528280241357852,0.4092393662794805,6.186688630772077,3.6395052846653824e-05
KIC9092883,4.04,santos21,kepler,Gaia DR3 2126521360039944576,3.889171633150861,0.0246040430770162,40.052103365384625,0.025867099055179844
KIC9092940,1.72,santos21,kepler,Gaia DR3 2128022365209949824,1.782198744642903,0.1286164245300768,7.463400082321923,7.487020350361962e-05
KIC9099456,37.14,santos21,kepler,Gaia DR3 2079975970520929536,171.54565314321576,0.5474479807460836,,
KIC9114871,7.24,santos21,kepler,Gaia DR3 2085191164630274304,239.0682516529724,0.5410601980640758,,
KIC9138434,7.86,santos21,kepler,Gaia DR3 2106831065288717696,543.8287869747115,0.6579609024561971,,
KIC9201830,12.82,santos21,kepler,Gaia DR3 2107022410371832320,560.8422573743235,0.4701765183585975,11.966290143546006,0.06845094508728156
KIC9209245,22.58,santos21,kepler,Gaia DR3 2130237262663056512,22.920550028867385,0.2227007472725886,29.861239864823965,0.05858956754245169
KIC9225600,8.99,santos21,kepler,Gaia DR3 2080048954904573056,343.749654582589,0.4129105628841737,,
KIC9229632,19.0,santos21,kepler,Gaia DR3 2080192436873488768,576.1938373593492,0.6120222556815303,,
KIC9268209,2.47,santos21,kepler,Gaia DR3 2106510828227565312,42.30064978946681,0.0858208938433762,19.695729350711225,0.03311742621698989
KIC9269817,21.81,santos21,kepler,Gaia DR3 2106473444832727040,20.629681169207647,0.2683408969731619,24.55878749422312,0.02830346143306905
KIC9285102,44.19,santos21,kepler,Gaia DR3 2128032260814848896,733.5653011108271,0.5977169433354469,,
KIC9292440,27.19,santos21,kepler,Gaia DR3 2080189864191862912,561.4046032738459,0.5250122789711074,,
KIC9303969,15.84,santos21,kepler,Gaia DR3 2085250332093838464,679.7858997298559,0.3526757656086042,,
KIC9328372,3.92,santos21,kepler,Gaia DR3 2107178682759063296,95.90489958606358,0.2764518798101718,9.194369078447052,0.006855253225612935
KIC9390670,3.55,santos21,kepler,Gaia DR3 2107174387794486528,1041.8662828384588,0.536424569023787,4.102010809177296,0.004478772193902751
KIC9429006,44.86,santos21,kepler,Gaia DR3 2085230575251144832,19.074597130764964,0.1096382424701317,25.36916987953387,0.0316887510108548
KIC9471169,18.47,santos21,kepler,Gaia DR3 2128098227210441344,7.005599979725715,0.1099834221926449,15.396970571151815,0.0026015499256508484
KIC9471169,18.47,santos21,kepler,Gaia DR3 2128098227210441344,126.0093350889788,0.3746256820821457,,
KIC9534206,18.78,santos21,kepler,Gaia DR3 2080084929550950272,926.6731203478384,0.4755304438196844,,
KIC9535660,4.98,santos21,kepler,Gaia DR3 2080403822281931008,535.1728502604267,0.4227952014015239,,
KIC9598315,19.37,santos21,kepler,Gaia DR3 2080408392127397632,0.5541030353587959,0.1194144706186252,14.592254698282751,0.00017458644925205788
KIC9605965,2.9,santos21,kepler,Gaia DR3 2079528542310126464,2.93481239999263,0.086114233669103,39.7773917156948,0.01892559259158052
KIC9640883,19.82,santos21,kepler,Gaia DR3 2130374937834188160,234.3297760148181,0.3081209321344135,,
KIC9652655,7.4,santos21,kepler,Gaia DR3 2128081635759801216,613.8652437543777,0.0678650409677101,,
KIC9696749,5.15,santos21,kepler,Gaia DR3 2107295845169791488,5.109719962769039,0.2422500389095855,47.612127877226214,0.05218688722068847
KIC9700065,26.74,santos21,kepler,Gaia DR3 2130526017604437888,25.74851760982842,0.3120696985099997,15.821531491504986,0.009060640851795755
KIC9702369,11.6,santos21,kepler,Gaia DR3 2130384528501056000,195.76130092339324,0.4032817418977562,,
KIC9703196,13.79,santos21,kepler,Gaia DR3 2127386881847540736,570.0455834735932,0.1576381269329995,,
KIC9706666,30.83,santos21,kepler,Gaia DR3 2127620974744948736,61.958614148616576,0.278529163621972,4.597240277208775,0.000552581753822305
KIC9713573,19.12,santos21,kepler,Gaia DR3 2128276970871131264,434.28405104828425,0.2484000566348853,,
KIC9754283,3.81,santos21,kepler,Gaia DR3 2107485893182694784,587.2901139255613,0.1957343261260379,,
KIC9764820,45.78,santos21,kepler,Gaia DR3 2127750339159755136,112.57798560184732,0.6380280351128776,,
KIC9826171,10.68,santos21,kepler,Gaia DR3 2127731406944067200,537.4145171166932,0.3604929031904726,,
KIC9847591,19.65,santos21,kepler,Gaia DR3 2086293901768923392,398.5850748035798,0.3816755360093978,,
KIC9898385,3.36,santos21,kepler,Gaia DR3 2128516458246962688,13.78216105206758,0.0144995099439941,13.194138742118348,0.0032789334090146884
KIC9967907,35.43,santos21,kepler,Gaia DR3 2086302633446249088,332.5694605436565,0.6197609781883759,,
KIC9994692,22.12,santos21,kepler,Gaia DR3 2107519256488096384,908.9635652517404,0.2512892507131461,,
KIC10005188,33.06,santos21,kepler,Gaia DR3 2127795968892664704,875.5209437367298,0.0308103006145202,,
KIC10007983,29.81,santos21,kepler,Gaia DR3 2127822872567047808,499.7459205939795,0.1005805766024252,,
KIC10019532,21.48,santos21,kepler,Gaia DR3 2128525181321717632,22.00102028417733,0.1622212045665299,8.470235918129399,0.0013309620946704904
KIC10122776,7.03,santos21,kepler,Gaia DR3 2107575602159601664,14.852658181075626,0.1975207947991301,30.576256833022928,0.041442077924930626
KIC10162375,7.86,santos21,kepler,Gaia DR3 2085571110315400832,85.11338287284065,0.3650812045204064,17.094446543381487,0.03554570225946926
KIC10186425,3.96,santos21,kepler,Gaia DR3 2119224073160851072,278.1105638590903,0.1581055312207441,,
KIC10218940,5.56,santos21,kepler,Gaia DR3 2080602245469754880,644.7294908791296,0.0528850244834185,,
KIC10219422,15.1,santos21,kepler,Gaia DR3 2080556310801039104,210.3987980116728,0.2843078880041845,13.197445716460932,0.04415857859552791
KIC10219422,15.1,santos21,kepler,Gaia DR3 2080556310801039104,209.96179438867875,8.496564664696518e-06,,
KIC10230401,16.39,santos21,kepler,Gaia DR3 2085623066540993280,480.2124206038707,0.2647952293425237,,
KIC10294429,13.66,santos21,kepler,Gaia DR3 2085680722182960896,112.77417460590284,0.3482155725888496,10.59581526025396,0.01145030028600751
KIC10323670,18.45,santos21,kepler,Gaia DR3 2131610342228530944,17.92465524665528,0.3868983773143798,37.23661828398784,0.07518587797365313
KIC10331327,3.32,santos21,kepler,Gaia DR3 2130825295225567104,280.9830772401767,0.1553114267930436,,
KIC10347308,16.4,santos21,kepler,Gaia DR3 2128576725229215104,487.21474927169487,0.1884397373341261,,
KIC10355856,4.47,santos21,kepler,Gaia DR3 2086399420525476352,4.48638717273172,0.0032551182242432,25.096112539910937,0.007347139986421354
KIC10398963,43.32,santos21,kepler,Gaia DR3 2127921480716573952,187.36748313358737,0.4775529142234904,15.569672313033484,0.049695810493162386
KIC10405497,5.56,santos21,kepler,Gaia DR3 2129220626724206080,5.552768494986176,0.0106585841034515,25.68485164930287,0.009747109569498718
KIC10461451,17.23,santos21,kepler,Gaia DR3 2130878587179618944,288.9497090180482,0.2163260030935365,,
KIC10469565,2.98,santos21,kepler,Gaia DR3 2129146547128984192,297.8005810645062,0.2604948309804776,,
KIC10469894,7.31,santos21,kepler,Gaia DR3 2129236466563482368,450.74847608163645,0.3420368869644059,,
KIC10518380,13.45,santos21,kepler,Gaia DR3 2131634192183860224,275.42805254201085,0.5706087114080504,,
KIC10536385,24.15,santos21,kepler,Gaia DR3 2128500962005402624,52.83816665639281,0.3867498869474654,8.802471969424873,0.0029283599873314694
KIC10553049,21.05,santos21,kepler,Gaia DR3 2086452957301741952,517.376147396551,0.406201810874469,,
KIC10592793,4.68,santos21,kepler,Gaia DR3 2130923357918152064,632.94302496985,0.6432864778852838,,
KIC10599644,24.02,santos21,kepler,Gaia DR3 2129248350736185984,91.64108424213252,0.4548909268741951,17.60661918046244,0.036601426174569025
KIC10617847,15.42,santos21,kepler,Gaia DR3 2086458794153348608,78.69858834057322,0.3122083629864067,,
KIC10651413,6.93,santos21,kepler,Gaia DR3 2131542692201473664,30.579622050069887,0.2767717476314067,5.829770067726471,0.0005570298514028234
KIC10666878,18.08,santos21,kepler,Gaia DR3 2129255433139321856,284.7738741630289,0.3088699693439204,,
KIC10681303,8.92,santos21,kepler,Gaia DR3 2086427874694964352,588.9315967317453,0.3541657702426151,,
KIC10687572,24.0,santos21,kepler,Gaia DR3 2086086918708567168,500.2303419360889,0.8001467950111977,,
KIC10735250,14.19,santos21,kepler,Gaia DR3 2128849468531069440,10.451766367206316,0.1713731477553068,15.93954651036405,0.004193803567752037
KIC10743315,7.67,santos21,kepler,Gaia DR3 2086648459913192960,618.7435125532879,0.2861887771412337,,
KIC10775748,6.43,santos21,kepler,Gaia DR3 2119834851869352448,6.476436567074124,0.0106978347089368,56.08769935734328,0.11837869402279111
KIC10798661,20.48,santos21,kepler,Gaia DR3 2129264297951864576,276.43921365614204,0.1873529702782761,,
KIC10801794,5.42,santos21,kepler,Gaia DR3 2128839061831803648,4.780947483506945,0.3676590944743005,25.604818306207772,0.0066877784492102
KIC10814744,11.43,santos21,kepler,Gaia DR3 2086514560012358656,79.98535506117794,0.147525017778019,13.558274588677053,0.01998474299379784
KIC10817892,27.41,santos21,kepler,Gaia DR3 2086480651251330432,506.29547827790674,0.619552943996242,,
KIC10844882,4.85,santos21,kepler,Gaia DR3 2131696933066598656,922.21936091182,0.1120755668521017,4.80373284243522,0.010393105607770379
KIC10859792,1.79,santos21,kepler,Gaia DR3 2129315764542613632,522.9647165626977,0.0304755961682125,,
KIC10859792,1.79,santos21,kepler,Gaia DR3 2129315764542613632,0.6128633343070671,0.1737919990329351,15.88756234333746,0.00024320100319316355
KIC10862061,15.51,santos21,kepler,Gaia DR3 2129267940084108160,775.529924029725,0.0890066188287082,,
KIC10879849,16.63,santos21,kepler,Gaia DR3 2086496555509462016,238.58305466552088,0.0695836392883628,,
KIC10907436,48.35,santos21,kepler,Gaia DR3 2131570076913351552,24.668946656803,0.264236957416002,13.10306973658251,0.005158560725753138
KIC10908196,19.14,santos21,kepler,Gaia DR3 2131583717727282816,906.0776748567054,0.5417386361262458,,
KIC10917912,13.13,santos21,kepler,Gaia DR3 2129504300723608448,309.7314383301271,0.1358497795049478,,
KIC10918580,2.06,santos21,kepler,Gaia DR3 2129320540544543616,2.0512604992745618,0.2801312129649036,8.57491649676063,0.00011854448881605727
KIC10921468,30.0,santos21,kepler,Gaia DR3 2129643698182274816,216.56403866117296,0.2375566103663117,,
KIC10993005,17.94,santos21,kepler,Gaia DR3 2086868740195298944,18.083096246755332,0.2574471503137368,10.841488788581128,0.0021541420643835093
KIC11013581,19.93,santos21,kepler,Gaia DR3 2143737203865519488,294.13531119006336,0.7198273913865061,,
KIC11128041,7.3,santos21,kepler,Gaia DR3 2131263759845581696,10.413390868814988,0.3966458416106221,14.41381725658688,0.002499345045753011
KIC11181004,18.82,santos21,kepler,Gaia DR3 2131187098972173312,18.84267239792381,0.0771702721887128,15.40070536313342,0.007067768970064915
KIC11181037,9.73,santos21,kepler,Gaia DR3 2131186789734528384,542.9055193192554,0.1744272034359484,,
KIC11181612,10.18,santos21,kepler,Gaia DR3 2131266646063670272,473.2518066611907,0.0742806532430889,,
KIC11188113,7.23,santos21,kepler,Gaia DR3 2129556596245864960,515.2078128338767,0.3356666773136462,,
KIC11245424,24.54,santos21,kepler,Gaia DR3 2129701285104495872,594.4191489900821,0.0851190447196896,,
KIC11299534,2.62,santos21,kepler,Gaia DR3 2129031231546035456,2.564017340417484,0.131927392431176,14.944415516498124,0.000863632149399396
KIC11304294,13.78,santos21,kepler,Gaia DR3 2134813120821392384,224.97907305410317,0.3208513310568439,,
KIC11304769,17.57,santos21,kepler,Gaia DR3 2134767662887641856,329.66673815956733,0.5525577742492451,,
KIC11409944,29.36,santos21,kepler,Gaia DR3 2134819443013831680,164.9436634306795,0.4674608409007618,,
KIC11465927,18.33,santos21,kepler,Gaia DR3 2086841011887432832,20.210854988643533,0.1738502583229912,35.34821780609606,0.08832905156928526
KIC11499723,1.28,santos21,kepler,Gaia DR3 2132765589650474880,215.46224006596492,0.488765894089531,,
KIC11502174,19.36,santos21,kepler,Gaia DR3 2132621480608055040,19.478365167863473,0.3559722857206684,20.802357657541496,0.014826284943038618
KIC11521361,14.47,santos21,kepler,Gaia DR3 2087177020066161920,461.3824811162885,0.570216994887378,,
KIC11546415,12.33,santos21,kepler,Gaia DR3 2132247066837346048,593.2423453151216,0.0521556865059891,,
KIC11549609,26.27,santos21,kepler,Gaia DR3 2132061867848017664,309.4428889670463,0.654832243746707,,
KIC11553766,8.38,santos21,kepler,Gaia DR3 2132670722412809856,397.9706213549016,0.4825523791772215,,
KIC11560911,6.48,santos21,kepler,Gaia DR3 2129833329578742016,375.72973592527984,0.5551605767392483,,
KIC11569691,11.43,santos21,kepler,Gaia DR3 2086853626209920512,11.564786722621465,0.179806549273831,10.799496743573402,0.0014366399477117656
KIC11605941,21.05,santos21,kepler,Gaia DR3 2132630006123071872,526.3617724477293,0.1397595157557042,,
KIC11657135,16.84,santos21,kepler,Gaia DR3 2132700752825518464,539.1572807836275,0.1398735646143759,,
KIC11665627,23.05,santos21,kepler,Gaia DR3 2135074598429656832,32.63896024123103,0.2697001926988879,27.937507510047805,0.0658433549393612
KIC11668560,14.29,santos21,kepler,Gaia DR3 2134942210358345856,578.8937096105017,0.4224530942437834,,
KIC11703566,18.21,santos21,kepler,Gaia DR3 2133582114471724032,671.9508004896294,0.6619114973623148,,
KIC11721521,16.53,santos21,kepler,Gaia DR3 2134908297296296448,111.05785915600252,0.3671224432393145,15.603953361169856,0.035184630709874105
KIC11724560,6.85,santos21,kepler,Gaia DR3 2087224157327731584,15.964480880634753,0.1939660856217826,15.276808062763806,0.005567750100747094
KIC11754352,15.02,santos21,kepler,Gaia DR3 2133584691452120576,15.131972934683462,0.3030427718479089,26.224552749046943,0.02447237566385061
KIC11757564,19.8,santos21,kepler,Gaia DR3 2132696148619736064,683.4083109503895,0.2969373835562877,,
KIC11804380,14.49,santos21,kepler,Gaia DR3 2133599947176024704,441.08508686804424,0.548969106768457,,
KIC11811856,8.73,santos21,kepler,Gaia DR3 2130041068556839040,9.999187692871622,0.4433466455426876,58.19199477769027,0.14702689262000926
KIC11855817,11.05,santos21,kepler,Gaia DR3 2132865198532271872,8.83874272627408,0.0923402974058108,32.349054674948455,0.030605952289985354
KIC11858133,21.36,santos21,kepler,Gaia DR3 2132912924207578496,307.72028787635264,0.0921370287137196,,
KIC11862497,4.61,santos21,kepler,Gaia DR3 2130038697734970624,598.7912209260879,0.6553511435690603,,
KIC11869379,15.17,santos21,kepler,Gaia DR3 2135153763266322048,11.059008609041843,0.0466557800557673,13.795597392652915,0.0029986602240592722
KIC11869709,137.81,santos21,kepler,Gaia DR3 2135150322993928704,456.3935229368331,0.4507592580206149,14.39818843215322,0.10039435233521786
KIC11869975,23.69,santos21,kepler,Gaia DR3 2135155064637823744,796.1095945390609,0.234693045113013,,
KIC11870469,17.57,santos21,kepler,Gaia DR3 2135144589216086400,919.407951362345,0.099774090538205,,
KIC12008308,15.25,santos21,kepler,Gaia DR3 2133110870660940800,14.37483646989617,0.0553843428146625,4.157367647071561,0.00010652854521535457
KIC12009584,14.0,santos21,kepler,Gaia DR3 2133098771735505024,425.4222175409217,0.7058038808679024,,
KIC12018891,26.08,santos21,kepler,Gaia DR3 2135162421921231616,176.6734878682627,0.4838887606069241,,
KIC12019118,8.14,santos21,kepler,Gaia DR3 2135183136544064768,10.749187573061771,0.0875789725348562,10.70535075917253,0.0013507394510592892
KIC12057432,2.19,santos21,kepler,Gaia DR3 2133109290113048320,577.427675923526,0.479628897198076,,
KIC12062026,8.91,santos21,kepler,Gaia DR3 2130111883977042816,8.777612710629567,0.1053720172685512,13.045966458286223,0.001985823799857967
KIC12071979,1.67,santos21,kepler,Gaia DR3 2135330200524398080,651.837880273081,0.1670077092891092,,
KIC12116598,25.78,santos21,kepler,Gaia DR3 2135237459288541440,244.70577711895297,0.6399641222062296,,
KIC12152537,14.67,santos21,kepler,Gaia DR3 2132977692314890240,495.2482931146871,0.1403508517677838,,
KIC12168260,12.09,santos21,kepler,Gaia DR3 2135392597809078272,206.91466344931217,0.2498257700692847,,
KIC12168280,2.86,santos21,kepler,Gaia DR3 2135393216284425728,4.09951690087285,0.1433287499791186,4.426586090819156,3.571301435923215e-05
KIC12202860,20.92,santos21,kepler,Gaia DR3 2133322178753220480,222.03802425705263,0.3673302399468463,,
KIC12206041,34.94,santos21,kepler,Gaia DR3 2133182334618950656,229.0945507022899,0.3719810181123046,,
KIC12252380,4.72,santos21,kepler,Gaia DR3 2133370080526621696,562.2096431307855,0.2035521264423655,,
KIC12316687,20.18,santos21,kepler,Gaia DR3 2135404310181728512,197.98871903704327,0.3550062919679911,,
KIC12317678,3.68,santos21,kepler,Gaia DR3 2135483028339642368,80.84338476580918,0.3932891439005863,,
KIC12349768,40.14,santos21,kepler,Gaia DR3 2133766420108618240,211.79349199446548,0.6085805125034428,,
KIC12401044,9.1,santos21,kepler,Gaia DR3 2133389493779084928,731.0367975775348,0.615257223410028,,
KIC12405425,28.36,santos21,kepler,Gaia DR3 2133217660727820928,28.565503646894054,0.1300724013889944,30.59693197532812,0.08263588880351806
KIC12601784,20.65,santos21,kepler,Gaia DR3 2139280191748383232,173.8925530442281,0.0504429295547615,,
KIC12736212,26.66,santos21,kepler,Gaia DR3 2139293390183756672,129.7212576217966,0.1687268699048952,,
KIC12736627,32.99,santos21,kepler,Gaia DR3 2139291225520292096,549.004523827684,0.1306509721225252,,
KIC2161731,169.0,gaulme20,kepler,Gaia DR3 2051797450308126336,1066.0094331622352,0.4232579976494197,,
KIC2441154,32.0,gaulme20,kepler,Gaia DR3 2052547793971117056,46.14863465322964,0.198619300684645,12.227576732497171,0.008229422737366305
KIC2443035,128.0,gaulme20,kepler,Gaia DR3 2052556040310373248,181.60723036596696,0.2895017286074878,11.857993841889606,0.027513974810180423
KIC3437031,141.0,gaulme20,kepler,Gaia DR3 2051386576554694400,623.7437793709555,0.0839337759129885,,
KIC3458643,54.0,gaulme20,kepler,Gaia DR3 2052131736205469184,399.52730073254526,0.3051194435289724,8.559753322196944,0.02242228897833393
KIC3654361,41.5,gaulme20,kepler,Gaia DR3 2052286148860282112,865.5545451746142,0.2831577833823707,2.3632155151914316,0.0010441646625479713
KIC4242873,74.0,gaulme20,kepler,Gaia DR3 2100306150972929664,56.71311846314689,0.4917845347801142,30.172793714468607,0.10655410172043826
KIC4278024,37.0,gaulme20,kepler,Gaia DR3 2076193723545609472,40.620623977012606,0.2464726914945472,9.652286201459487,0.00344523552227171
KIC5087190,157.0,gaulme20,kepler,Gaia DR3 2100556800967018368,959.4395280975936,0.3289138366584703,3.4684872380726506,0.0034934914022952653
KIC5123659,112.3,gaulme20,kepler,Gaia DR3 2073688073986690816,801.0110355215488,0.0467755659054978,3.0880556955095257,0.0024359933288671237
KIC5182131,76.0,gaulme20,kepler,Gaia DR3 2101176959886838784,56.1504000525656,0.1321427890856742,13.35222083324405,0.01348797348020041
KIC5308778,39.0,gaulme20,kepler,Gaia DR3 2075037346557985152,40.53632970863545,0.0168904032298578,23.380833444500205,0.05365962360163465
KIC5382824,94.0,gaulme20,kepler,Gaia DR3 2076733377594699264,653.2911375096633,0.1100104838427744,8.179326232976512,0.03636942394051927
KIC5385245,91.0,gaulme20,kepler,Gaia DR3 2073742087496887296,505.3235250682467,0.2309062907194586,,
KIC5430224,55.0,gaulme20,kepler,Gaia DR3 2103767654095426304,1104.7020309838465,0.4548910211900564,5.229659600418125,0.011562326343241293
KIC5437763,14.0,gaulme20,kepler,Gaia DR3 2102069351009945216,14.175669182836538,0.0572058609600789,16.356278306519492,0.006395445550609042
KIC5439339,59.0,gaulme20,kepler,Gaia DR3 2101343024800284288,98.04412293170206,0.0254896418256632,18.050843367353252,0.05968975176949837
KIC5534910,102.0,gaulme20,kepler,Gaia DR3 2053573470824578048,851.9638796286225,0.2393254842119144,1.188619079737814,0.00013568591010612645
KIC5707338,132.0,gaulme20,kepler,Gaia DR3 2053580548928810624,885.1743661235109,0.2731336249959197,3.0628679726666985,0.002345933065986767
KIC6032639,130.0,gaulme20,kepler,Gaia DR3 2102124743207232128,979.764104054694,0.2903222637964237,6.655330204550079,0.02622276678756767
KIC6516800,54.0,gaulme20,kepler,Gaia DR3 2101872851965721600,283.11359461486114,0.1016784590209917,6.618718564398186,0.008373780699025009
KIC6522973,30.3,gaulme20,kepler,Gaia DR3 2101692978736340352,29.233327451571103,0.0629105572415146,7.436739712871091,0.0012383737892061495
KIC6590195,92.0,gaulme20,kepler,Gaia DR3 2103953196683494144,55.85504761498936,0.1695709659524985,25.573981354212197,0.09265315693742462
KIC6866251,120.0,gaulme20,kepler,Gaia DR3 2125736995932614272,370.63805473946786,0.4273201156794278,8.00827565200493,0.014575589491971233
KIC6933666,99.0,gaulme20,kepler,Gaia DR3 2105486701865509504,48.337095617761946,0.1818968828473182,6.000224079383791,0.0010286639488643191
KIC7103951,75.0,gaulme20,kepler,Gaia DR3 2105480001719302400,642.6406115121514,0.146973021510325,,
KIC7375177,106.0,gaulme20,kepler,Gaia DR3 2078007986445543552,734.142220203361,0.1493865043165059,4.011781647018963,0.004747868844224202
KIC7552750,101.0,gaulme20,kepler,Gaia DR3 2078625701520022272,1031.2180167229078,0.3803860452758655,8.95565593522519,0.06070639251619456
KIC7552750,101.0,gaulme20,kepler,Gaia DR3 2078625701520022272,852.4714175903008,0.2742458880593761,,
KIC7661609,169.0,gaulme20,kepler,Gaia DR3 2105208632802645248,106.57964124741775,0.1858599720333011,17.90780633661417,0.06016020467914332
KIC7670875,200.0,gaulme20,kepler,Gaia DR3 2105618471464560256,0.8771959555758071,0.1077595982635812,1.3088517630358154,2.0024801722504423e-07
KIC7869590,40.5,gaulme20,kepler,Gaia DR3 2105255190248353792,18.859904322722223,0.0791575999230702,17.495504588492814,0.010366526985288275
KIC7969754,69.1,gaulme20,kepler,Gaia DR3 2078114703489389184,52.25485930509783,0.4670840953722758,32.13223238648996,0.12417352893703075
KIC8013399,120.0,gaulme20,kepler,Gaia DR3 2105833842602912512,1007.5491069175868,0.281796875124692,16.365969804711177,0.4042037279765878
KIC8365782,118.0,gaulme20,kepler,Gaia DR3 2126549053987387008,702.8392954038004,0.0730261631057529,6.642000344485186,0.02116793558823185
KIC8517303,53.5,gaulme20,kepler,Gaia DR3 2079093376225156608,24.094402988885324,0.2140216992743738,14.692647330643814,0.007380417812120374
KIC8825444,87.8,gaulme20,kepler,Gaia DR3 2079915600456768256,128.51661705598596,0.041249524108432,11.707970211895494,0.021315907721334317
KIC8936339,103.0,gaulme20,kepler,Gaia DR3 2106768079588474624,796.0281960193855,0.0522881268937762,4.7002078538998,0.008529139892561963
KIC9086060,81.0,gaulme20,kepler,Gaia DR3 2127414507076699648,453.2041839291558,0.2144521849347624,4.38025863924506,0.003677323615589381
KIC9240941,123.0,gaulme20,kepler,Gaia DR3 2085243318408612608,254.07813982801437,0.1267624413568058,7.225210506832766,0.009691144657198688
KIC9651996,36.6,gaulme20,kepler,Gaia DR3 2128271129715505280,37.18451052422696,0.0116413556026869,30.951093521547985,0.11421177439467126
KIC9898373,124.0,gaulme20,kepler,Gaia DR3 2128517244222116992,617.061010304289,0.0470155235920084,6.2668301447947306,0.015683370607542185
KIC9946213,7.36,gaulme20,kepler,Gaia DR3 2127739236664163968,431.46562992974657,0.1839853317539996,11.086497814643968,0.057850200925650075
KIC10148118,91.0,gaulme20,kepler,Gaia DR3 2128545079909313792,388.242723408859,0.064351099987543,6.722968323723934,0.0121476526196148
KIC10297952,17.55,gaulme20,kepler,Gaia DR3 2085638936440087808,17.660037881028074,0.1304717581302981,21.49087503388204,0.01770019897954951
KIC10361019,120.0,gaulme20,kepler,Gaia DR3 2085675121545993856,267.6378442637797,0.3840278526245949,15.986349849712322,0.08917917017575115
KIC10480536,53.0,gaulme20,kepler,Gaia DR3 2080623106132948096,605.7396755051027,0.4979272264338533,8.725361549133533,0.027191395791680218
KIC10669568,154.0,gaulme20,kepler,Gaia DR3 2128825180495948544,1244.1114277019876,0.1563674962525444,6.735788263879458,0.037958359701825144
KIC10922167,91.0,gaulme20,kepler,Gaia DR3 2128895789759142016,586.3152092822309,0.2978859689143118,,
KIC10935853,66.0,gaulme20,kepler,Gaia DR3 2086542150882274688,882.607969114074,0.2962876407789824,5.194638311241326,0.011168317004675866
KIC11146813,164.0,gaulme20,kepler,Gaia DR3 2134744126466917632,354.5838174545779,0.0710929897273928,6.41733024675975,0.009635856256487782
KIC11289615,78.0,gaulme20,kepler,Gaia DR3 2132740713199620608,832.5673474358581,0.0498843996277243,5.485389398917727,0.0141849486329322
KIC11554998,30.35,gaulme20,kepler,Gaia DR3 2132648629101362432,30.70567975510109,0.0700071280356205,27.108727367040444,0.06291506492410685
KIC11600413,58.5,gaulme20,kepler,Gaia DR3 2132113785412645632,56.936225359461474,0.0073994576703594,30.520184796370497,0.16769634112653145
KIC11725034,56.7,gaulme20,kepler,Gaia DR3 2087247801127120512,72.83053578542247,0.1332398551128383,9.484670443861956,0.006267877623013954
KIC12104686,130.0,gaulme20,kepler,Gaia DR3 2132984766121731584,151.5862397890885,0.3673878309699842,14.642333808642611,0.039668307978098206
KIC12118682,45.0,gaulme20,kepler,Gaia DR3 2135365689832120832,45.4653056303179,0.0429825620819763,27.48156257799848,0.09750094794687932
KIC12266731,79.0,gaulme20,kepler,Gaia DR3 2135400122591847168,978.5840352193892,0.6490124227813467,4.255346541903411,0.00344021466705702
KIC12314910,104.0,gaulme20,kepler,Gaia DR3 2135591403254321536,69.53139233621434,0.0233915234410845,20.127556196255476,0.05869574702940661
KIC1572049,18.0,gaulme20,kepler,Gaia DR3 2051764945994896000,361.2983784501072,0.0109448882298566,9.294160452145228,0.03004883062380628
EPIC202092370,7.88,reinhold20,k2,Gaia DR3 3432363835186828800,1022.9809931077344,0.1321036682322438,,
EPIC202092582,16.74,reinhold20,k2,Gaia DR3 3423720952237609600,609.5363227509636,0.4181732547265712,,
EPIC202103739,16.25,reinhold20,k2,Gaia DR3 3384300368005137536,135.77401038437915,0.1061134446775508,17.753923090147676,0.07739837995800325
EPIC201199261,18.55,reinhold20,k2,Gaia DR3 3786882938445513216,215.32102656832345,0.3298592336703516,,
EPIC201308482,11.48,reinhold20,k2,Gaia DR3 3793498291888343296,427.61281660442774,0.5659919521691205,,
EPIC201359236,27.15,reinhold20,k2,Gaia DR3 3791580812329018624,638.6497968162045,0.8161782125137889,,
EPIC201402299,26.46,reinhold20,k2,Gaia DR3 3797110806060705920,566.8443949841982,0.1394371398751846,,
EPIC201447608,33.71,reinhold20,k2,Gaia DR3 3804150257459039872,292.17229917791394,0.2581053104800556,,
EPIC201507783,17.02,reinhold20,k2,Gaia DR3 3796253186991320192,1031.3964384738858,0.6879458811128081,,
EPIC201509919,13.16,reinhold20,k2,Gaia DR3 3797580675483036032,476.4290489078962,0.4416870114773793,,
EPIC201549618,26.38,reinhold20,k2,Gaia DR3 3799174658104890752,25.54298262256595,0.5480749861291737,29.84673200937871,0.041177372735197185
EPIC201574307,28.13,reinhold20,k2,Gaia DR3 3799950913314863744,817.2892976222572,0.1839129004404767,,
EPIC201576996,16.44,reinhold20,k2,Gaia DR3 3799394319912877056,662.7240597230824,0.0852433492218168,,
EPIC201616555,27.55,reinhold20,k2,Gaia DR3 3810790719279334912,29.681060166344192,0.226054548249607,22.52862120307299,0.03250293450825561
EPIC201750696,28.19,reinhold20,k2,Gaia DR3 3893353154784712704,468.9777318597813,0.0716108008355473,,
EPIC201752368,36.61,reinhold20,k2,Gaia DR3 3813719685112368384,62.854066180697274,0.2625051708549371,18.699861327212563,0.03826007890918951
EPIC201810289,25.83,reinhold20,k2,Gaia DR3 3896722092771911168,1143.7376518623453,0.118959097874024,,
EPIC201846158,35.51,reinhold20,k2,Gaia DR3 3817186513994294016,916.9812181914044,0.1184712687440926,,
EPIC201861036,29.55,reinhold20,k2,Gaia DR3 3897814629372253696,434.0437636082326,3.132889416401198e-05,,
EPIC202727128,25.13,reinhold20,k2,Gaia DR3 6041805609976926080,142.94077439781591,0.4397114650603879,,
EPIC202995762,8.04,reinhold20,k2,Gaia DR3 6042268470011907840,6.9120044379984655,0.0052606330486494,17.822027700674663,0.004053838381531197
EPIC203082085,25.89,reinhold20,k2,Gaia DR3 6044615957396993664,1.387740383963803,0.2066242299973918,7.250363908460009,5.133023016237809e-05
EPIC203082085,25.89,reinhold20,k2,Gaia DR3 6044615957396993664,783.3781473499939,0.493035740198408,,
EPIC203252923,12.47,reinhold20,k2,Gaia DR3 6043179896432504704,12.245620646064117,0.3220234654941991,43.48826653915849,0.08854966836980971
EPIC203624856,29.85,reinhold20,k2,Gaia DR3 6235684556882813184,563.6679973158098,0.6908800069086802,,
EPIC204136937,12.37,reinhold20,k2,Gaia DR3 6242345535767941888,14.724257342100788,0.4364726503913156,35.444684223969745,0.04947825578907338
EPIC204193529,5.63,reinhold20,k2,Gaia DR3 6237344819440751616,5.502163207810934,0.0144827510272357,45.480300128440504,0.05361371327445009
EPIC204319872,16.35,reinhold20,k2,Gaia DR3 6050440555824765312,541.47633277362,0.0507423134544467,,
EPIC204795331,20.48,reinhold20,k2,Gaia DR3 6243896908010520064,286.3393683645748,0.4199049084417343,,
EPIC205360933,22.67,reinhold20,k2,Gaia DR3 6248997409308964224,69.71008696080611,0.0985782044232697,6.880210467834442,0.0023181869275418674
EPIC205912859,28.71,reinhold20,k2,Gaia DR3 2594528411380615424,533.693371842002,0.3260521849165469,,
EPIC205970092,17.31,reinhold20,k2,Gaia DR3 2596698194498822400,670.2265989153381,0.4563971875349528,,
EPIC206055301,20.32,reinhold20,k2,Gaia DR3 2600593287455458432,144.84591315698412,0.1365872038407347,,
EPIC206260733,20.09,reinhold20,k2,Gaia DR3 2615436179034064000,32.321896760758975,0.0376910550036672,43.50169070145847,0.27510485095927284
EPIC206300490,18.67,reinhold20,k2,Gaia DR3 2621487165183899136,653.9833385901677,0.3308002361205099,,
EPIC210381464,20.85,reinhold20,k2,Gaia DR3 38449204366057344,21.34912901519735,0.3436505322115405,15.43321505464579,0.006734272587602328
EPIC210400363,14.72,reinhold20,k2,Gaia DR3 38068017428583168,14.775158178279383,0.0630217570081287,28.898522398133867,0.036726170724662395
EPIC210492119,28.34,reinhold20,k2,Gaia DR3 42852469260255104,504.05131519807145,0.5179696153094038,,
EPIC210604137,5.5,reinhold20,k2,Gaia DR3 3313891319853430016,5.539798634897652,0.1172568440737693,38.59661768343548,0.03232450660145731
EPIC210605557,2.84,reinhold20,k2,Gaia DR3 43689644285569024,2.8820090320368865,0.0892595441546635,46.96551122729268,0.03056543711542831
EPIC210706665,14.75,reinhold20,k2,Gaia DR3 56725458441668096,751.3738282552315,0.0001250880701154,,
EPIC210721841,14.45,reinhold20,k2,Gaia DR3 50176423589328512,98.35595591191354,0.1303905183603741,16.741385575011122,0.04660291966766735
EPIC210774216,19.49,reinhold20,k2,Gaia DR3 50890522031948032,78.67844740951146,0.3570543668615938,5.18295321064149,0.0009250261283399373
EPIC210814674,20.07,reinhold20,k2,Gaia DR3 57890425371556352,108.94083554046252,0.0489224429343609,16.725446275284746,0.052622553702804796
EPIC210847201,21.88,reinhold20,k2,Gaia DR3 51585443442985728,24.512669186244395,0.2141585179858227,31.59734397458084,0.07467357731029978
EPIC210958608,13.4,reinhold20,k2,Gaia DR3 63881870389838592,610.208796417169,0.433974456714011,,
EPIC210996805,20.34,reinhold20,k2,Gaia DR3 148919508430498816,862.6727877969552,0.3806461353372879,,
EPIC211006744,26.86,reinhold20,k2,Gaia DR3 65459081162286720,98.49969642227715,0.2519790139826974,14.130915142428387,0.026098834402904687
EPIC211023408,31.44,reinhold20,k2,Gaia DR3 148853675172253056,34.85413984102728,0.1017498023203642,19.39827039293267,0.025952126934499622
EPIC211039231,29.02,reinhold20,k2,Gaia DR3 53739872055158784,27.76708198090125,0.2854548306859878,18.02189032954148,0.014824161564358678
EPIC211055343,9.56,reinhold20,k2,Gaia DR3 65801926929387520,34.918801534096666,0.2064204839482797,12.761182540597474,0.007043279576207995
EPIC211059002,2.74,reinhold20,k2,Gaia DR3 65805809580420096,2.723690700107136,0.083174406355975,69.5434681410059,0.09393200835026383
EPIC211093684,7.35,reinhold20,k2,Gaia DR3 66747816167123712,7.049910929183956,0.1517367461059482,20.405336724084457,0.005993076903787115
EPIC211104722,4.28,reinhold20,k2,Gaia DR3 66771146429454592,30.19125131422462,0.2790142161178992,14.374417684432624,0.008227428390401375
EPIC211358920,6.8,reinhold20,k2,Gaia DR3 598841693739755520,581.3597906800956,0.1112438908578306,,
EPIC211358920,6.8,reinhold20,k2,Gaia DR3 598841693739755520,769.3970745519027,0.2348030042286263,12.825372481957244,0.1544635455982176
EPIC211368514,22.73,reinhold20,k2,Gaia DR3 604678691733846784,455.57605850465455,0.4358468822210897,,
EPIC211377394,18.43,reinhold20,k2,Gaia DR3 598890862525289216,14.59439908464628,0.3224364055188075,40.89837469682471,0.08774063298953774
EPIC211404931,28.64,reinhold20,k2,Gaia DR3 601770586557979904,239.39539787612105,0.3311813959037532,,
EPIC211405448,14.91,reinhold20,k2,Gaia DR3 604725524057126912,1027.5539591467034,0.4773906502925005,,
EPIC211434114,16.84,reinhold20,k2,Gaia DR3 604851315059225728,203.00874209937288,0.2996254103491538,,
EPIC211478114,18.88,reinhold20,k2,Gaia DR3 650357008958965632,495.5453236866005,0.2812655317623763,,
EPIC211483910,30.46,reinhold20,k2,Gaia DR3 650361303926256128,440.72044873603915,0.0742889545101788,,
EPIC211490678,5.11,reinhold20,k2,Gaia DR3 602348826595054080,580.7974894713902,0.3593291609695927,,
EPIC211514629,21.56,reinhold20,k2,Gaia DR3 603167928398316800,34.32046133723535,0.6974146061443124,18.198249353073823,0.007888690208678368
EPIC211520394,8.75,reinhold20,k2,Gaia DR3 650976235866638592,1481.248089606922,0.3229727643427666,,
EPIC211535970,4.73,reinhold20,k2,Gaia DR3 650665593769216128,4.674552891043407,0.0550429907500652,47.78882469299653,0.0526200850223495
EPIC211553090,3.54,reinhold20,k2,Gaia DR3 605675811341057280,3.0379992187978533,0.0518019013054022,75.32005705525464,0.1339609545966657
EPIC211555255,2.43,reinhold20,k2,Gaia DR3 607001272608513152,2.511183967473094,0.0191077167773755,31.09160296655266,0.007815901705208505
EPIC211596308,10.38,reinhold20,k2,Gaia DR3 609478609745444992,1104.5444813854408,0.0006312524706803,,
EPIC211631106,12.01,reinhold20,k2,Gaia DR3 651834786944912768,1176.162884525106,0.057448843677067,,
EPIC211679662,22.82,reinhold20,k2,Gaia DR3 609814300093357568,110.26727350219431,0.3049960051824673,8.505722539401011,0.00607273183145243
EPIC211680303,7.12,reinhold20,k2,Gaia DR3 655468187542183168,6.620858783739838,0.006090289094579,31.46205439959876,0.021362914466141726
EPIC211704146,20.72,reinhold20,k2,Gaia DR3 655845221248888064,415.4998726674176,0.2864431641823579,,
EPIC211705654,2.52,reinhold20,k2,Gaia DR3 610081416995398656,847.7240382135332,0.515373488446674,19.13230239106301,0.38712890135135647
EPIC211705654,2.52,reinhold20,k2,Gaia DR3 610081416995398656,789.9267796767891,0.4608156281708833,,
EPIC211715319,11.93,reinhold20,k2,Gaia DR3 658678903230814720,563.4342571779274,0.3518405145689412,,
EPIC211745399,8.7,reinhold20,k2,Gaia DR3 656122263818507904,7.547571775829317,,66.04689828080028,
EPIC211768304,10.25,reinhold20,k2,Gaia DR3 611581975489304704,9.719039403262563,0.1786975019276113,29.680886481474772,0.025079640923033306
EPIC211795063,16.9,reinhold20,k2,Gaia DR3 659223058407801856,522.3573821323689,0.4443854419760151,,
EPIC211805237,18.82,reinhold20,k2,Gaia DR3 611815003235123584,149.96929387536974,0.156717255206113,,
EPIC211826969,22.86,reinhold20,k2,Gaia DR3 659920080059683072,657.8760685963739,0.7129864923983288,,
EPIC211834473,28.61,reinhold20,k2,Gaia DR3 662153428694854528,600.2176509890843,0.6417544922860307,,
EPIC211843564,18.99,reinhold20,k2,Gaia DR3 657259051465475328,944.1552556944856,0.5043967568367907,,
EPIC211887839,13.01,reinhold20,k2,Gaia DR3 660918127380096640,581.2367655021407,0.3738115490947374,,
EPIC211888642,14.83,reinhold20,k2,Gaia DR3 660353248984946816,11.870439306337373,0.0527250950335795,20.67034167974046,0.010816963837932616
EPIC211899094,12.28,reinhold20,k2,Gaia DR3 660196774736045184,249.38395493508827,0.3335846679872,,
EPIC211906287,12.25,reinhold20,k2,Gaia DR3 660958671871347584,753.4608890658646,0.2806384993414396,,
EPIC211917420,15.87,reinhold20,k2,Gaia DR3 660486667848668672,553.6261118926906,0.5035946406858381,,
EPIC211925243,14.03,reinhold20,k2,Gaia DR3 661008321693147520,1003.8568269041032,0.3195206846480251,,
EPIC211933215,6.09,reinhold20,k2,Gaia DR3 661200083396357248,855.848285523241,0.0323722213092606,,
EPIC211935518,4.21,reinhold20,k2,Gaia DR3 661220969817342848,3.9324435998194143,0.0077944309927396,33.389061739749216,0.01516507900162608
EPIC211940169,18.77,reinhold20,k2,Gaia DR3 612484605816143616,744.3226393437225,0.0233312263150651,,
EPIC211944807,10.16,reinhold20,k2,Gaia DR3 661229564050262528,652.6951079478522,0.7724319196670661,,
EPIC211959098,26.64,reinhold20,k2,Gaia DR3 663579392197227264,114.57371287458884,0.2770517227768747,11.646324325342167,0.016635440539729145
EPIC211970520,10.34,reinhold20,k2,Gaia DR3 661310923612365312,625.1498338238227,0.327936456857511,,
EPIC211972627,9.06,reinhold20,k2,Gaia DR3 661302887731820416,76.72910959377283,0.1667808632862472,14.202501102258474,0.021831650031990266
EPIC211975006,3.08,reinhold20,k2,Gaia DR3 661306319407420160,3.0576741710865996,,71.85795429800629,
EPIC211975638,22.36,reinhold20,k2,Gaia DR3 661306907821119488,13.567069134001642,0.2487308567314298,9.72862851650796,0.001176106361063187
EPIC211981119,9.48,reinhold20,k2,Gaia DR3 661505060430616832,1766.0370934198836,0.90780980965548,,
EPIC211993195,27.45,reinhold20,k2,Gaia DR3 675645673317406976,622.6664201320341,0.5325890224440308,,
EPIC212006227,3.64,reinhold20,k2,Gaia DR3 661766778557840000,361.42106833902267,0.3961868726850925,2.744448499469141,0.0005991795474250716
EPIC212019252,10.64,reinhold20,k2,Gaia DR3 661462312620257664,733.0359811630185,0.3381561007211272,,
EPIC212026390,8.7,reinhold20,k2,Gaia DR3 661782412238768256,577.4974905926111,0.2208417061917088,,
EPIC212119062,4.78,reinhold20,k2,Gaia DR3 665856549496351232,5.1158548978546206,0.1518191308012889,28.561588840380193,0.01192569105723539
EPIC212134948,28.03,reinhold20,k2,Gaia DR3 665923855928018048,1.8117349573601351,0.0644421509146976,7.748103670000131,8.677189982613626e-05
EPIC212138181,21.19,reinhold20,k2,Gaia DR3 665892421063238144,547.5786815011184,0.2026770796028896,,
EPIC212141828,15.19,reinhold20,k2,Gaia DR3 686523652950300800,13.562416498253343,0.3668163405131013,8.947599186025815,0.0008104487182330434
EPIC212158768,31.53,reinhold20,k2,Gaia DR3 677975641541260416,296.21184172453593,0.1573479417440957,,
EPIC212287466,15.12,reinhold20,k2,Gaia DR3 6294223105695791616,870.2774211964281,0.0798380827801085,,
EPIC212324124,23.65,reinhold20,k2,Gaia DR3 3604245505792474496,657.6838925710343,0.3112740021983438,,
EPIC212351777,24.61,reinhold20,k2,Gaia DR3 3603977809070812032,283.73916698841504,0.106383545438137,,
EPIC212375049,32.83,reinhold20,k2,Gaia DR3 6300930672085463168,115.02643546314938,0.3492214643648366,,
EPIC212386520,11.4,reinhold20,k2,Gaia DR3 3606298534519649792,11.302667618468622,0.0953041466065967,23.808517494735984,0.015589892552672636
EPIC212387105,4.43,reinhold20,k2,Gaia DR3 6300990737203773056,3.9333036774543264,0.0576623146895159,41.05886458064822,0.028068407730108342
EPIC212405277,11.47,reinhold20,k2,Gaia DR3 3608063628639466240,21.21740367943575,0.2898350020022748,13.758568317754682,0.005019508716768789
EPIC212411548,26.11,reinhold20,k2,Gaia DR3 3605128271894676224,299.6442464107856,0.2660800450237738,,
EPIC212450421,21.35,reinhold20,k2,Gaia DR3 6302146873680409984,490.77526989091706,0.4584077916840739,,
EPIC212481031,11.74,reinhold20,k2,Gaia DR3 3609872183533157504,542.5601346229178,0.042975043334451,,
EPIC212483562,25.59,reinhold20,k2,Gaia DR3 3609983307222030464,0.2997556001825188,0.3419211608005185,19.846611218035473,0.00020148507936149128
EPIC212496753,3.2,reinhold20,k2,Gaia DR3 3610133283184160256,704.4075341208933,0.2099891100161363,,
EPIC212537960,10.65,reinhold20,k2,Gaia DR3 3610446064178299904,7.459301503139627,0.1424774917610481,14.1689557098159,0.0021318692651647983
EPIC212584855,23.19,reinhold20,k2,Gaia DR3 3623284202462686976,498.2991787039371,0.3526714408263749,,
EPIC212595117,29.64,reinhold20,k2,Gaia DR3 3616955241734146432,29.983772597421748,0.1739008159275101,21.97423911608891,0.03147982558121182
EPIC212615461,20.54,reinhold20,k2,Gaia DR3 3623743690948104448,93.30854738891269,0.3352365299781683,10.434072442687173,0.009183962592475206
EPIC212645284,28.34,reinhold20,k2,Gaia DR3 3617320344018234496,17.51264546349055,0.0164318205564289,45.48050716401497,0.17063214242295494
EPIC212659433,24.8,reinhold20,k2,Gaia DR3 3617224622082914304,466.37729255837985,0.0540293241890999,,
EPIC212708023,12.7,reinhold20,k2,Gaia DR3 3630169069397705088,891.2847995497898,0.4467117838673419,,
EPIC212714091,8.72,reinhold20,k2,Gaia DR3 3618531185494134784,7.372837915413633,0.0691380189516129,31.058209540520476,0.022722266039329073
EPIC212723828,35.54,reinhold20,k2,Gaia DR3 3631170449612422912,301.19148004234415,0.4152215333835488,,
EPIC212794335,33.69,reinhold20,k2,Gaia DR3 3631856609292100096,207.78500687572665,0.0956058902566606,,
EPIC212799338,9.94,reinhold20,k2,Gaia DR3 3632084727890642048,7.002096702898483,0.1382567238164315,16.484778885399216,0.0031572849693195034
EPIC212828958,27.81,reinhold20,k2,Gaia DR3 3635217889353318656,26.02680823940168,0.5082608908230506,10.480110736972202,0.0019826427419054847
EPIC215329222,13.43,reinhold20,k2,Gaia DR3 6770426917454681472,0.574507318648425,0.2175490448729102,40.42193791398224,0.0036557075771456804
EPIC215438838,31.37,reinhold20,k2,Gaia DR3 6768372926648973440,469.147142572484,0.2721001477827229,,
EPIC215517571,25.57,reinhold20,k2,Gaia DR3 6767642777910975104,2.0703869987271233,0.4479764897542768,42.33394652762151,0.011630691517425875
EPIC215620011,26.81,reinhold20,k2,Gaia DR3 6770566246193782400,734.0932231841336,0.0337978042034044,,
EPIC216135859,21.08,reinhold20,k2,Gaia DR3 6771574906371092480,257.16790886165944,0.1262538125721051,,
EPIC216256002,6.18,reinhold20,k2,Gaia DR3 6768824447971287296,6.236277385257271,0.1237713823612301,49.18285580585241,0.07511364908563113
EPIC217921499,9.34,reinhold20,k2,Gaia DR3 4082505640511212032,7.09790437174326,0.0920446078115608,23.81537446140453,0.009807737446279965
EPIC220229561,5.66,reinhold20,k2,Gaia DR3 2535100808627312000,5.329390873716562,0.0894836496118856,41.54315831638493,0.039115412274536396
EPIC220244538,4.13,reinhold20,k2,Gaia DR3 2535370773091728256,237.2373531115715,0.4765921187748095,,
EPIC220266075,17.75,reinhold20,k2,Gaia DR3 2558891044796725760,514.7537977647573,0.7110381379775609,,
EPIC220283275,7.93,reinhold20,k2,Gaia DR3 2539043004489584768,8.077074373630579,0.1405634599598826,26.01445017422428,0.014299045422707825
EPIC220301595,22.88,reinhold20,k2,Gaia DR3 2539300045396972288,68.57651218794872,0.0673422635551158,6.354924126822186,0.0018111508124464828
EPIC220304985,21.13,reinhold20,k2,Gaia DR3 2559432760431767552,225.55052299538383,0.110448899025834,,
EPIC220332115,7.34,reinhold20,k2,Gaia DR3 2539594439635466752,6.298861249180152,0.0754019937731629,42.67415294994618,0.05028651772772133
EPIC220362145,2.89,reinhold20,k2,Gaia DR3 2551220198846430336,2.80268460900547,0.1306315344616974,23.76848037648046,0.003799925224014987
EPIC220384150,19.71,reinhold20,k2,Gaia DR3 2554207949896176640,1081.3880335195536,0.3742157580399511,,
EPIC220401506,18.64,reinhold20,k2,Gaia DR3 2552042358666125440,12.575227918332406,0.067341241018518,13.857831765927518,0.003443895159554893
EPIC220438470,17.78,reinhold20,k2,Gaia DR3 2552370562886958592,15.877293748352256,0.3147007202078146,6.24227580376929,0.000342196222680606
EPIC220451620,14.78,reinhold20,k2,Gaia DR3 2576223535642975744,27.676667242624152,0.416339702285146,25.67230038172005,0.03646772144731897
EPIC220455756,19.33,reinhold20,k2,Gaia DR3 2564230097166928256,555.8060352483554,0.3258991464224015,,
EPIC220475513,39.14,reinhold20,k2,Gaia DR3 2576456464604945408,461.41633302577645,0.213713897792731,,
EPIC220536341,15.82,reinhold20,k2,Gaia DR3 2556630032277951232,583.1871670089345,0.1610927277815789,,
EPIC220545568,11.3,reinhold20,k2,Gaia DR3 2577665755596913024,9.303981234394673,0.0487961352531477,45.14343940675669,0.08837082153647896
EPIC220546117,15.51,reinhold20,k2,Gaia DR3 2580654331280283904,610.8962785888915,0.0664023873097843,,
EPIC220662713,28.36,reinhold20,k2,Gaia DR3 2580151884530871040,58.25541562606147,0.1072463419440888,24.805797235695668,0.09054590617862834
EPIC220691723,3.68,reinhold20,k2,Gaia DR3 2584013472446936576,3.2098653490101214,0.0448515650539806,35.42653745303127,0.014742469628344365
EPIC220709966,6.66,reinhold20,k2,Gaia DR3 2582792018107748736,7.503911359327493,0.388891257066741,22.32370977780658,0.00676357044332765
EPIC201087710,13.41,reinhold20,k2,Gaia DR3 3594645871632846080,864.987172294985,0.2761534484989802,,
EPIC201134246,6.06,reinhold20,k2,Gaia DR3 3595998034713603456,671.3027737315118,0.6635010563156154,,
EPIC201168418,10.58,reinhold20,k2,Gaia DR3 3596905681562550400,14.10484778536917,0.1658021721909912,16.535938157346877,0.006337309264946805
EPIC201198089,19.67,reinhold20,k2,Gaia DR3 3600677350043253376,905.3797407699006,0.1099368511703296,,
EPIC201306427,3.72,reinhold20,k2,Gaia DR3 3694409921740429056,698.8207086498709,0.0009772339175327,,
EPIC201354185,11.63,reinhold20,k2,Gaia DR3 3694742390864909824,8.146047409426949,0.0114730774960142,42.33415672069474,0.06402403250429173
EPIC201416741,21.12,reinhold20,k2,Gaia DR3 3698051405468782464,444.2018754888859,0.7039149087833779,,
EPIC201454397,12.03,reinhold20,k2,Gaia DR3 3698232305194634112,12.603863520241845,0.5593471607788546,42.43482256981001,0.05683803443988398
EPIC201502299,18.5,reinhold20,k2,Gaia DR3 3698530414580547328,494.1960144414612,0.2652645946190043,,
EPIC201619611,17.7,reinhold20,k2,Gaia DR3 3701054755838894848,530.8812872372828,0.6067070779586786,,
EPIC228710535,15.2,reinhold20,k2,Gaia DR3 3578334788433816192,1028.4366295082782,0.0999594794520798,,
EPIC228715177,16.9,reinhold20,k2,Gaia DR3 3577975733463524864,101.6035221288212,0.2087981023691313,17.425857589668425,0.05210291082600332
EPIC228730309,15.8,reinhold20,k2,Gaia DR3 3581078417838282752,712.5051992113335,0.2266180958104965,,
EPIC228736440,22.38,reinhold20,k2,Gaia DR3 3581303302325728640,883.0702484777662,0.2178882627749393,,
EPIC228738476,20.76,reinhold20,k2,Gaia DR3 3582618593110736256,629.0422418798138,0.2462982557207148,,
EPIC228744349,22.05,reinhold20,k2,Gaia DR3 3579686917152915200,18.357999293508183,0.0517368616965788,33.11387085919691,0.06878888254656683
EPIC228761621,21.76,reinhold20,k2,Gaia DR3 3627452760280891520,492.77383166934095,0.3579206513872957,,
EPIC228765921,9.14,reinhold20,k2,Gaia DR3 3675145657683668992,9.311573749754888,0.3025141399261774,44.61081281791984,0.07417018886264423
EPIC228785354,11.33,reinhold20,k2,Gaia DR3 3676240805624694016,910.2727566104876,0.2944189207449759,,
EPIC228786901,18.59,reinhold20,k2,Gaia DR3 3583909522840885120,150.8182582609898,0.1731287638539611,,
EPIC228807399,19.48,reinhold20,k2,Gaia DR3 3583697179657730816,920.1931818712892,0.0919786699143032,,
EPIC228822639,21.09,reinhold20,k2,Gaia DR3 3584649008833901952,572.4950683359273,0.514745563555399,,
EPIC228822639,21.09,reinhold20,k2,Gaia DR3 3584649008833901952,15.917224590358432,0.0593128160346066,15.736245131316752,0.006392694768248918
EPIC228851011,18.16,reinhold20,k2,Gaia DR3 3680912527451428352,927.099120027936,0.4827429910881324,,
EPIC228868561,22.84,reinhold20,k2,Gaia DR3 3681982833302260096,533.8890839160756,0.1211731873446897,,
EPIC228992381,10.64,reinhold20,k2,Gaia DR3 3694037535192314368,102.27757894613734,0.4168298752095911,15.74150436097159,0.03104543205803609
EPIC228994648,24.36,reinhold20,k2,Gaia DR3 3695327193611722752,916.8273785321394,0.1917903176959369,,
EPIC229062494,20.64,reinhold20,k2,Gaia DR3 3696499994561782272,17.35440269034836,0.0988947031713748,21.937682175209343,0.01870632315594188
EPIC229099034,17.57,reinhold20,k2,Gaia DR3 3696862455442130944,722.6312416931564,0.4519143742086851,,
EPIC203616858,16.83,reinhold20,k2,Gaia DR3 6034710594576994176,768.6573823340225,0.7753326016234494,,
EPIC204787769,16.95,reinhold20,k2,Gaia DR3 4127168386949035008,16.537775632859766,0.2973487106264216,13.828762016683232,0.003943946084665878
EPIC226710325,3.3,reinhold20,k2,Gaia DR3 4121421823782151296,276.950659631187,0.3915944165285798,,
EPIC226710325,3.3,reinhold20,k2,Gaia DR3 4121421823782151296,7.880868777128803,0.3632415726407225,13.644405516406003,0.0016775224580334142
EPIC229451208,11.59,reinhold20,k2,Gaia DR3 6033006974364005376,1124.1815407761446,0.3370774415910196,4.320495081742042,0.007839261315947836
EPIC230737517,6.07,reinhold20,k2,Gaia DR3 4128437536921661184,6.299918165856422,0.2119295351319699,51.6283666545836,0.08384415724574819
EPIC230825032,3.74,reinhold20,k2,Gaia DR3 4129344737087438592,3.5320527610980923,0.0995882894173753,36.26396613635016,0.017193688415657025
EPIC231072354,23.73,reinhold20,k2,Gaia DR3 4112640715948057856,14.634943672146017,0.2476863625210301,14.51063434851725,0.00421323712296762
EPIC231298215,18.73,reinhold20,k2,Gaia DR3 4113669991935819776,509.19761335686815,0.4012273493579741,,
EPIC231855337,5.74,reinhold20,k2,Gaia DR3 6030107940206276352,159.73778661388883,0.2585836202440352,8.722712985988878,0.00990120141358124
EPIC234607568,11.38,reinhold20,k2,Gaia DR3 4122620841212261760,672.3053938589794,0.3243927138244599,6.520217414204969,0.01634288016001057
EPIC234956536,21.04,reinhold20,k2,Gaia DR3 4112518532718086144,13.051798032272616,0.0506060229520517,13.662822814310417,0.00343581916958139
EPIC235044372,14.77,reinhold20,k2,Gaia DR3 4111226636572343296,1.007747293224883,0.2267945422019287,20.864769256473064,0.0008761967247117006
EPIC235091494,20.38,reinhold20,k2,Gaia DR3 4111073190338385536,893.0463344457895,0.1777866128704754,5.76302095412341,0.016877589955823332
EPIC235091494,20.38,reinhold20,k2,Gaia DR3 4111073190338385536,513.8952198932608,0.5545516611896618,,
EPIC235354270,12.03,reinhold20,k2,Gaia DR3 4111629165296041472,1272.1485240771756,0.6324944502630142,,
EPIC242169936,19.39,reinhold20,k2,Gaia DR3 4058619923030874240,532.3999794171143,0.4516760070892494,,
EPIC245995520,16.06,reinhold20,k2,Gaia DR3 2434195564234302592,755.1961766583798,0.2807421438341378,,
EPIC246010919,28.97,reinhold20,k2,Gaia DR3 2435814874279468416,25.130941823040143,0.3250238759470511,19.031030101766785,0.015180040590826446
EPIC246047874,34.87,reinhold20,k2,Gaia DR3 2442077864310366848,1.7350016298757855,0.0661771728485847,4.991600881757591,2.221106338714698e-05
EPIC246052859,36.07,reinhold20,k2,Gaia DR3 2436149435051918976,467.22209579638354,0.6487906627195336,,
EPIC246147255,14.49,reinhold20,k2,Gaia DR3 2634916570141100672,294.7597120306609,0.2248088029514507,,
EPIC246197635,9.94,reinhold20,k2,Gaia DR3 2635884346531701248,661.2551216400293,0.2021719914703633,8.554418298511846,0.04028686103710875
EPIC246198482,31.18,reinhold20,k2,Gaia DR3 2633045544947868928,11.241491898608167,0.1289602385490927,12.467732919549189,0.0022012555826380607
EPIC246217666,32.41,reinhold20,k2,Gaia DR3 2633681990381626752,680.2769823395995,0.676234718372436,,
EPIC246244474,34.24,reinhold20,k2,Gaia DR3 2639201160795895168,555.8818609024454,0.6154692040459693,,
EPIC246246343,32.72,reinhold20,k2,Gaia DR3 2639195968179921152,1294.7572542846929,0.7046195835555219,,
EPIC246258343,23.41,reinhold20,k2,Gaia DR3 2634204052246534784,2.702077862322938,0.055524067889943,8.172321514782253,0.00015210092430084418
EPIC246269370,38.88,reinhold20,k2,Gaia DR3 2634261020692465792,270.73252518656176,0.3131567694457958,,
EPIC246275104,22.83,reinhold20,k2,Gaia DR3 2634408870646742784,4.144736223808977,,53.89236490522534,
EPIC246288897,16.05,reinhold20,k2,Gaia DR3 2637992243465942656,902.2397429952402,0.4790691131383995,,
EPIC246289027,32.01,reinhold20,k2,Gaia DR3 2448853329839520256,725.8207504958611,0.3968270443173767,,
EPIC246308230,21.65,reinhold20,k2,Gaia DR3 2637703488520041856,727.3042388650475,0.6721379010110027,,
EPIC246320887,23.14,reinhold20,k2,Gaia DR3 2637577216481371136,84.77650186846469,0.0682728099317841,15.55621162512842,0.03283617364722968
EPIC246332117,23.07,reinhold20,k2,Gaia DR3 2640595685137346048,14.531695483634085,0.1913747293793747,42.71540425090196,0.11096154581295775
EPIC246344376,22.96,reinhold20,k2,Gaia DR3 2640816996212263680,1.2822311303431737,0.1780764724994609,16.5088530158661,0.0005695521150881028
EPIC246421027,17.06,reinhold20,k2,Gaia DR3 2651085541462636544,1099.0024936408677,0.0005366861463218,,
EPIC246461716,24.75,reinhold20,k2,Gaia DR3 2657441749463313024,455.57887579225905,0.3005050296980684,,
EPIC210633430,35.11,reinhold20,k2,Gaia DR3 3314174341018151680,642.1575653730902,0.6546035673441062,,
EPIC246677610,24.6,reinhold20,k2,Gaia DR3 3308635168940258432,41.24648990974431,0.5393603413256227,,
EPIC246842607,9.4,reinhold20,k2,Gaia DR3 3393880855198154496,1568.0415493656258,0.1540590888564044,,
EPIC246889877,7.3,reinhold20,k2,Gaia DR3 3406011462045130752,7.15328573270159,0.0273473128796,14.050542818167736,0.0020535562766767356
EPIC246956249,24.41,reinhold20,k2,Gaia DR3 3406422782473326720,1217.5527265504531,0.126735691915887,,
EPIC247970250,24.78,reinhold20,k2,Gaia DR3 151033899353872128,532.2237802198968,0.280619042592337,,
EPIC248171258,36.38,reinhold20,k2,Gaia DR3 154584261055973120,579.308643237324,0.5565885967775713,,
EPIC248698941,14.67,reinhold20,k2,Gaia DR3 3863709354930753792,83.04513052514936,0.0764268442694497,21.60321995301701,0.085992875869668
EPIC248710987,23.48,reinhold20,k2,Gaia DR3 3875600989797490432,756.5464529272459,0.0198352655036197,,
EPIC248782219,19.02,reinhold20,k2,Gaia DR3 3870949677655025536,837.7249250290048,0.6069229919831965,,
EPIC203774287,23.22,reinhold20,k2,Gaia DR3 6236477270407898368,827.0995629185084,0.256482075773585,7.283287736206757,0.02989653881424392
EPIC203774287,23.22,reinhold20,k2,Gaia DR3 6236477270407898368,1187.2929236275245,0.5856096835741752,,
EPIC204007421,12.98,reinhold20,k2,Gaia DR3 6237002665165348608,13.120555270323704,0.4050637125120548,6.381931182294587,0.00027006443035486105
EPIC204136937,13.0,reinhold20,k2,Gaia DR3 6242345535767941888,14.724257342100788,0.4364726503913156,35.444684223969745,0.04947825578907338
EPIC249366305,42.0,reinhold20,k2,Gaia DR3 6228087481292752640,0.3748710906453033,0.0692638828657556,5.228455936954404,5.511611669901931e-06
EPIC249418562,31.1,reinhold20,k2,Gaia DR3 6251450282314990080,530.6130593595136,0.231047210853279,,
EPIC249468012,15.5,reinhold20,k2,Gaia DR3 6252295669319972864,621.8315744584677,0.4617945226280469,,
EPIC249496938,23.33,reinhold20,k2,Gaia DR3 6251823910110770048,508.37225838185304,0.281050322207269,,
EPIC249551762,8.69,reinhold20,k2,Gaia DR3 6241718431878561280,6.3267299626995905,0.0662410239927874,16.304205189895264,0.002822426032891362
EPIC249572599,18.83,reinhold20,k2,Gaia DR3 6255858808541270528,830.8000802252185,0.1520929387708086,,
EPIC249581936,32.2,reinhold20,k2,Gaia DR3 6253471768801196032,726.4739380695196,0.2657391679855868,,
EPIC249638885,27.41,reinhold20,k2,Gaia DR3 6254515652013432192,433.0662047757922,0.1418168482869625,,
EPIC249647450,27.31,reinhold20,k2,Gaia DR3 6241952048036864640,634.5194249626998,0.6430780182260503,,
EPIC249695386,20.03,reinhold20,k2,Gaia DR3 6247965380208060928,478.7696410094129,0.4432965321806384,,
EPIC249772573,11.31,reinhold20,k2,Gaia DR3 6257946815486608640,905.294615565107,0.3463336838708997,,
EPIC249784313,36.02,reinhold20,k2,Gaia DR3 6255173950240539136,262.92017835389487,0.3526597138045379,,
EPIC249788175,24.97,reinhold20,k2,Gaia DR3 6260572105657327360,276.8634216636631,0.5184911806137587,,
EPIC249814920,10.47,reinhold20,k2,Gaia DR3 6260423053110694400,534.4593707669401,0.5094470014317893,,
EPIC249941472,15.76,reinhold20,k2,Gaia DR3 6259739706630169472,1.744789955047448,0.1909442655857371,48.16561985311652,0.01910594563678005
EPIC249946723,13.07,reinhold20,k2,Gaia DR3 6259730292061855488,778.3988674669991,0.3178762136513427,,
EPIC249950332,9.95,reinhold20,k2,Gaia DR3 6259730700082092544,9.529851791150078,0.1987424588999554,25.105416483347856,0.014707693546698892
EPIC250167111,3.92,reinhold20,k2,Gaia DR3 6266424943490620288,229.544452351102,0.178855537999929,,
EPIC250173321,3.85,reinhold20,k2,Gaia DR3 6266384085459931648,3.74240198446662,0.0624431852281173,25.520800917546534,0.006407629708153922
EPIC250174298,35.93,reinhold20,k2,Gaia DR3 6266984594907577984,1.4596614054399262,0.1911575053693849,25.071349943352963,0.0022539491602087815
EPIC211401937,19.7,reinhold20,k2,Gaia DR3 604760089953968256,17.530879055390294,0.2842832758868754,25.14710963446244,0.025455405249365622
EPIC211434114,15.97,reinhold20,k2,Gaia DR3 604851315059225728,203.00874209937288,0.2996254103491538,,
EPIC211514629,20.47,reinhold20,k2,Gaia DR3 603167928398316800,34.32046133723535,0.6974146061443124,18.198249353073823,0.007888690208678368
EPIC211542140,10.72,reinhold20,k2,Gaia DR3 605667663787599488,8.608830819846268,0.0545831094819829,19.90729914539247,0.0070056197440389115
EPIC211663683,19.0,reinhold20,k2,Gaia DR3 609651611028044544,451.8838369902109,0.1939966152548203,,
EPIC211705654,2.52,reinhold20,k2,Gaia DR3 610081416995398656,847.7240382135332,0.515373488446674,19.13230239106301,0.38712890135135647
EPIC211705654,2.52,reinhold20,k2,Gaia DR3 610081416995398656,789.9267796767891,0.4608156281708833,,
EPIC211741214,18.89,reinhold20,k2,Gaia DR3 658196217625451776,621.8563163469721,0.4530984720285066,,
EPIC211805237,19.26,reinhold20,k2,Gaia DR3 611815003235123584,149.96929387536974,0.156717255206113,,
EPIC211862497,3.14,reinhold20,k2,Gaia DR3 612292809756795392,3.2572633979995453,0.0206454362292839,68.64685145792028,0.10910537061931809
EPIC211863876,20.66,reinhold20,k2,Gaia DR3 635380664153784832,317.36793937056706,0.4267978440415548,,
EPIC211899094,12.13,reinhold20,k2,Gaia DR3 660196774736045184,249.38395493508827,0.3335846679872,,
EPIC211906287,13.29,reinhold20,k2,Gaia DR3 660958671871347584,753.4608890658646,0.2806384993414396,,
EPIC211917420,15.94,reinhold20,k2,Gaia DR3 660486667848668672,553.6261118926906,0.5035946406858381,,
EPIC211918163,10.11,reinhold20,k2,Gaia DR3 636233713378308352,807.1977287328343,0.3095479515299098,,
EPIC211925243,12.68,reinhold20,k2,Gaia DR3 661008321693147520,1003.8568269041032,0.3195206846480251,,
EPIC211925736,26.34,reinhold20,k2,Gaia DR3 660467980447237888,86.51021928685796,0.2460151273509581,17.546349108795457,0.04409260314164396
EPIC211928470,8.57,reinhold20,k2,Gaia DR3 635864170096535040,8.321331215304982,0.1175203003961922,12.853813057475422,0.001793238569543638
EPIC211935518,4.04,reinhold20,k2,Gaia DR3 661220969817342848,3.9324435998194143,0.0077944309927396,33.389061739749216,0.01516507900162608
EPIC211944807,9.66,reinhold20,k2,Gaia DR3 661229564050262528,652.6951079478522,0.7724319196670661,,
EPIC211965662,4.44,reinhold20,k2,Gaia DR3 661148268907314432,142.76272558382473,0.1913661898820719,,
EPIC211967046,21.44,reinhold20,k2,Gaia DR3 661344600452915200,950.4778493956924,0.1599474945513126,,
EPIC211970520,10.34,reinhold20,k2,Gaia DR3 661310923612365312,625.1498338238227,0.327936456857511,,
EPIC211972627,9.25,reinhold20,k2,Gaia DR3 661302887731820416,76.72910959377283,0.1667808632862472,14.202501102258474,0.021831650031990266
EPIC212023920,25.73,reinhold20,k2,Gaia DR3 684917957953033600,709.9032682142202,0.2447895219079239,,
EPIC212060301,17.84,reinhold20,k2,Gaia DR3 637149331686577280,881.7649248569312,0.6239076979313528,,
EPIC212060461,2.87,reinhold20,k2,Gaia DR3 685046940114764416,2.8445184782804724,0.1872491629957077,31.307391533665747,0.008572499465719908
EPIC212072624,20.2,reinhold20,k2,Gaia DR3 685079483083118976,222.1692974976727,0.166454352800713,,
EPIC212074445,6.52,reinhold20,k2,Gaia DR3 685209805274547840,105.04869483994506,0.1328621119371224,10.917748129818184,0.013791033174880058
EPIC212112598,26.62,reinhold20,k2,Gaia DR3 685540556412756480,590.1023629125194,0.1452306028617127,13.687424483477168,0.15184990821247382
EPIC212112598,26.62,reinhold20,k2,Gaia DR3 685540556412756480,573.6912547206432,0.3590098715730112,,
EPIC212119062,4.81,reinhold20,k2,Gaia DR3 665856549496351232,5.1158548978546206,0.1518191308012889,28.561588840380193,0.01192569105723539
EPIC212174143,14.62,reinhold20,k2,Gaia DR3 686666726901532800,14.25381096155937,0.0911809395926078,31.417125329889668,0.0452273073845785
EPIC212180935,20.95,reinhold20,k2,Gaia DR3 690204100622969216,14.361249359103,0.1341598253603786,13.702555730129836,0.0037254097801427623
EPIC212205776,24.05,reinhold20,k2,Gaia DR3 689786698520369408,874.0603012868545,0.061087507397789,,
EPIC212211957,17.82,reinhold20,k2,Gaia DR3 690520244575556480,736.6584482699143,0.3292232108832071,,
EPIC212222762,11.95,reinhold20,k2,Gaia DR3 690107309239091328,10.7163998013161,0.1179268365964009,8.681495812697527,0.0007114078967861494
EPIC251336585,24.39,reinhold20,k2,Gaia DR3 637347449937612160,449.1039991949468,0.2925428960234725,,
EPIC251337480,20.85,reinhold20,k2,Gaia DR3 636071290599400832,15.434895328158143,0.0304235958956819,35.79445139177938,0.07324140671255423
EPIC251411094,16.12,reinhold20,k2,Gaia DR3 690135965260821632,822.8831759696698,0.4695990573126831,,
EPIC212441282,18.53,reinhold20,k2,Gaia DR3 3608444300180710400,502.05555547735605,0.484705085365526,,
EPIC212496753,3.1,reinhold20,k2,Gaia DR3 3610133283184160256,704.4075341208933,0.2099891100161363,,
EPIC212498802,27.22,reinhold20,k2,Gaia DR3 3621498556923261824,265.20115271158124,0.3234672535725016,,
EPIC212537960,9.28,reinhold20,k2,Gaia DR3 3610446064178299904,7.459301503139627,0.1424774917610481,14.1689557098159,0.0021318692651647983
EPIC212606725,13.82,reinhold20,k2,Gaia DR3 3613849636781863424,14.175837493057587,0.2429517119179104,37.76785056342678,0.07222563989274834
EPIC212711564,17.05,reinhold20,k2,Gaia DR3 3618529570586364032,449.936103952824,0.1750986480589457,,
EPIC212777698,22.78,reinhold20,k2,Gaia DR3 3620639945716808704,558.1525851916848,0.0736471604074419,,
EPIC212799338,10.36,reinhold20,k2,Gaia DR3 3632084727890642048,7.002096702898483,0.1382567238164315,16.484778885399216,0.0031572849693195034
EPIC212828958,22.13,reinhold20,k2,Gaia DR3 3635217889353318656,26.02680823940168,0.5082608908230506,10.480110736972202,0.0019826427419054847
EPIC212874946,5.07,reinhold20,k2,Gaia DR3 3637163436523208064,5.0255474293554165,0.1099046997316383,19.08747547777672,0.003555668441510859
EPIC251566115,16.58,reinhold20,k2,Gaia DR3 3638241095357854208,11.8516506251727,0.1880523519381453,41.106648731832706,0.08081083106152073
EPIC211377394,15.4,reinhold20,k2,Gaia DR3 598890862525289216,14.59439908464628,0.3224364055188075,40.89837469682471,0.08774063298953774
EPIC211440176,22.4,reinhold20,k2,Gaia DR3 602178844673181056,30.882688094741532,0.4706269159388049,26.05353326632681,0.038870545728639495
EPIC211490678,5.36,reinhold20,k2,Gaia DR3 602348826595054080,580.7974894713902,0.3593291609695927,,
EPIC211520394,9.17,reinhold20,k2,Gaia DR3 650976235866638592,1481.248089606922,0.3229727643427666,,
EPIC211535970,4.65,reinhold20,k2,Gaia DR3 650665593769216128,4.674552891043407,0.0550429907500652,47.78882469299653,0.0526200850223495
EPIC211540652,14.47,reinhold20,k2,Gaia DR3 651406939482527744,580.2318231842087,0.2503346890420212,,
EPIC211547541,15.91,reinhold20,k2,Gaia DR3 651281320279239680,942.550013136835,0.4781844271026205,9.215269116515229,0.051773326116470494
EPIC211607706,13.88,reinhold20,k2,Gaia DR3 652242327802972160,9.726729289534587,0.1701185334349847,13.948669300544264,0.0026172376315656996
EPIC211611521,22.74,reinhold20,k2,Gaia DR3 652246519690930048,787.6891273327591,0.6139738698912303,,
EPIC211680303,6.95,reinhold20,k2,Gaia DR3 655468187542183168,6.620858783739838,0.006090289094579,31.46205439959876,0.021362914466141726
EPIC211705654,2.5,reinhold20,k2,Gaia DR3 610081416995398656,847.7240382135332,0.515373488446674,19.13230239106301,0.38712890135135647
EPIC211705654,2.5,reinhold20,k2,Gaia DR3 610081416995398656,789.9267796767891,0.4608156281708833,,
EPIC211711456,19.02,reinhold20,k2,Gaia DR3 658124027815265152,114.2052765521015,0.0686683388889911,,
EPIC211731148,17.63,reinhold20,k2,Gaia DR3 658734325488689280,480.0540747856385,0.2957767169071709,,
EPIC211745399,8.57,reinhold20,k2,Gaia DR3 656122263818507904,7.547571775829317,,66.04689828080028,
EPIC211768304,9.52,reinhold20,k2,Gaia DR3 611581975489304704,9.719039403262563,0.1786975019276113,29.680886481474772,0.025079640923033306
EPIC211887839,13.29,reinhold20,k2,Gaia DR3 660918127380096640,581.2367655021407,0.3738115490947374,,
EPIC211888642,21.95,reinhold20,k2,Gaia DR3 660353248984946816,11.870439306337373,0.0527250950335795,20.67034167974046,0.010816963837932616
EPIC211899094,11.07,reinhold20,k2,Gaia DR3 660196774736045184,249.38395493508827,0.3335846679872,,
EPIC211906287,14.15,reinhold20,k2,Gaia DR3 660958671871347584,753.4608890658646,0.2806384993414396,,
EPIC211917420,15.31,reinhold20,k2,Gaia DR3 660486667848668672,553.6261118926906,0.5035946406858381,,
EPIC211925736,16.46,reinhold20,k2,Gaia DR3 660467980447237888,86.51021928685796,0.2460151273509581,17.546349108795457,0.04409260314164396
EPIC211933215,6.0,reinhold20,k2,Gaia DR3 661200083396357248,855.848285523241,0.0323722213092606,,
EPIC211935518,4.16,reinhold20,k2,Gaia DR3 661220969817342848,3.9324435998194143,0.0077944309927396,33.389061739749216,0.01516507900162608
EPIC211944807,9.96,reinhold20,k2,Gaia DR3 661229564050262528,652.6951079478522,0.7724319196670661,,
EPIC211967046,17.12,reinhold20,k2,Gaia DR3 661344600452915200,950.4778493956924,0.1599474945513126,,
EPIC211975006,3.29,reinhold20,k2,Gaia DR3 661306319407420160,3.0576741710865996,,71.85795429800629,
EPIC211994370,13.34,reinhold20,k2,Gaia DR3 660822435508550528,662.1751795801212,0.5935778129520155,,
EPIC212006227,3.69,reinhold20,k2,Gaia DR3 661766778557840000,361.42106833902267,0.3961868726850925,2.744448499469141,0.0005991795474250716
EPIC212019252,10.02,reinhold20,k2,Gaia DR3 661462312620257664,733.0359811630185,0.3381561007211272,,
EPIC212026390,9.19,reinhold20,k2,Gaia DR3 661782412238768256,577.4974905926111,0.2208417061917088,,
EPIC212119062,4.73,reinhold20,k2,Gaia DR3 665856549496351232,5.1158548978546206,0.1518191308012889,28.561588840380193,0.01192569105723539
EPIC212134948,19.13,reinhold20,k2,Gaia DR3 665923855928018048,1.8117349573601351,0.0644421509146976,7.748103670000131,8.677189982613626e-05
EPIC212156520,4.06,reinhold20,k2,Gaia DR3 678115038994836480,4.0235900211059885,0.0295376551782448,27.577867820138955,0.008732453331640895
EPIC212158768,23.88,reinhold20,k2,Gaia DR3 677975641541260416,296.21184172453593,0.1573479417440957,,
EPIC212160907,24.48,reinhold20,k2,Gaia DR3 689413173804883072,494.6271930724,0.1706621975555414,,
EPIC212166371,15.93,reinhold20,k2,Gaia DR3 690177506185570176,519.7500558390175,0.1872501470364148,,
EPIC212175472,4.93,reinhold20,k2,Gaia DR3 689493330777861504,5.04073155416786,0.1903713168903162,34.201787656676146,0.01976976945399492
KIC1026032,10.778,lurie17,kepler,Gaia DR3 2050236727912831872,8.46,,,
KIC1026957,20.358,lurie17,kepler,Gaia DR3 2050239300586448000,21.761,,,
KIC1161345,7.994,lurie17,kepler,Gaia DR3 2050249406650364160,8.575,,,
KIC1575690,2.243,lurie17,kepler,Gaia DR3 2051729933420237184,2.252,,,
KIC1722276,2.1,lurie17,kepler,Gaia DR3 2051754603713617920,569.95,,,
KIC2019076,8.188,lurie17,kepler,Gaia DR3 2051819646696567168,7.129,,,
KIC2162994,4.054,lurie17,kepler,Gaia DR3 2051789616287627136,4.102,,,
KIC2167890,2.56,lurie17,kepler,Gaia DR3 2051656094340873856,2.648,,,
KIC2305543,1.339,lurie17,kepler,Gaia DR3 2051789650647359488,1.362,,,
KIC2306740,0.733,lurie17,kepler,Gaia DR3 2051885033280089216,10.307,,,
KIC2309719,11.015,lurie17,kepler,Gaia DR3 2051660045715846784,54.356,,,
KIC2438061,4.709,lurie17,kepler,Gaia DR3 2051105784476572032,4.886,,,
KIC2438490,3.194,lurie17,kepler,Gaia DR3 2051105548255223680,3.316,,,
KIC2442084,21.614,lurie17,kepler,Gaia DR3 2052546045924346880,49.789,,,
KIC2447893,0.659,lurie17,kepler,Gaia DR3 2051844729305806848,0.662,,,
KIC2449090,4.885,lurie17,kepler,Gaia DR3 2051829336143169664,4.944,,,
KIC2452440,9.267,lurie17,kepler,Gaia DR3 2052028588272433408,8.097,,,
KIC2558370,1.091,lurie17,kepler,Gaia DR3 2099154618702450176,1.092,,,
KIC2580872,14.077,lurie17,kepler,Gaia DR3 2051845450860402816,15.927,,,
KIC2711114,2.831,lurie17,kepler,Gaia DR3 2052598753764365696,2.859,,,
KIC2719873,26.204,lurie17,kepler,Gaia DR3 2051862184053581184,17.279,,,
KIC2852560,7.152,lurie17,kepler,Gaia DR3 2052577931762164608,11.961,,,
KIC2854948,0.971,lurie17,kepler,Gaia DR3 2051908500981625216,0.974,,,
KIC2860788,4.996,lurie17,kepler,Gaia DR3 2052234574899303552,5.26,,,
KIC2997455,1.127,lurie17,kepler,Gaia DR3 2052240141176935808,1.13,,,
KIC3097352,3.957,lurie17,kepler,Gaia DR3 2099920978307195648,4.03,,,
KIC3098194,26.521,lurie17,kepler,Gaia DR3 2099963824899494016,30.477,,,
KIC3102000,13.998,lurie17,kepler,Gaia DR3 2099544464292842496,57.06,,,
KIC3120320,12.473,lurie17,kepler,Gaia DR3 2051939974503779328,10.266,,,
KIC3122985,1.453,lurie17,kepler,Gaia DR3 2051880738312545792,0.993,,,
KIC3222471,25.369,lurie17,kepler,Gaia DR3 2099534259450792448,618.42,,,
KIC3230787,11.873,lurie17,kepler,Gaia DR3 2052818415569395200,17.734,,,
KIC3231120,3.8,lurie17,kepler,Gaia DR3 2052824600322960384,3.9,,,
KIC3241344,3.937,lurie17,kepler,Gaia DR3 2052258317478807040,3.913,,,
KIC3248019,2.61,lurie17,kepler,Gaia DR3 2052120191332866304,2.668,,,
KIC3323289,29.317,lurie17,kepler,Gaia DR3 2099940769516440320,33.693,,,
KIC3339538,13.565,lurie17,kepler,Gaia DR3 2052833843093501824,14.658,,,
KIC3344427,0.651,lurie17,kepler,Gaia DR3 2052673451835469568,0.652,,,
KIC3348093,8.185,lurie17,kepler,Gaia DR3 2052307859917270528,7.964,,,
KIC3351945,1.078,lurie17,kepler,Gaia DR3 2052086553150010240,1.081,,,
KIC3354616,13.44,lurie17,kepler,Gaia DR3 2052124142702770432,0.277,,,
KIC3433668,8.624,lurie17,kepler,Gaia DR3 2099457980827307264,15.022,,,
KIC3443790,4.811,lurie17,kepler,Gaia DR3 2052730248474820224,1.666,,,
KIC3449540,3.234,lurie17,kepler,Gaia DR3 2052317622388655744,3.212,,,
KIC3458919,0.889,lurie17,kepler,Gaia DR3 2052138951750886272,0.892,,,
KIC3459199,11.212,lurie17,kepler,Gaia DR3 2049135356559237376,3.141,,,
KIC3530668,1.937,lurie17,kepler,Gaia DR3 2099611775020988288,1.946,,,
KIC3542573,7.1,lurie17,kepler,Gaia DR3 2052845555465143296,6.943,,,
KIC3543270,4.077,lurie17,kepler,Gaia DR3 2052843738696943360,4.177,,,
KIC3547091,3.203,lurie17,kepler,Gaia DR3 2052711453706462336,3.306,,,
KIC3547315,1.281,lurie17,kepler,Gaia DR3 2052699771395437440,1.285,,,
KIC3558981,3.403,lurie17,kepler,Gaia DR3 2052143143639171072,2.988,,,
KIC3654950,8.832,lurie17,kepler,Gaia DR3 2052282090116043776,8.135,,,
KIC3659940,0.888,lurie17,kepler,Gaia DR3 2052155547504535040,0.896,,,
KIC3662635,0.929,lurie17,kepler,Gaia DR3 2073155321936173568,0.939,,,
KIC3734868,9.774,lurie17,kepler,Gaia DR3 2099630535438411136,10.328,,,
KIC3749508,1.062,lurie17,kepler,Gaia DR3 2052722792420263808,1.066,,,
KIC3834364,2.898,lurie17,kepler,Gaia DR3 2100067934907465216,2.908,,,
KIC3838496,5.68,lurie17,kepler,Gaia DR3 2099636612812959872,5.98,,,
KIC3848919,1.04,lurie17,kepler,Gaia DR3 2052945649682442752,1.047,,,
KIC3848972,20.621,lurie17,kepler,Gaia DR3 2052946268157761280,0.741,,,
KIC3852655,16.74,lurie17,kepler,Gaia DR3 2052724029370990208,11.629,,,
KIC3957477,0.969,lurie17,kepler,Gaia DR3 2053099753112637056,0.979,,,
KIC3965242,0.992,lurie17,kepler,Gaia DR3 2052221999240090624,0.997,,,
KIC3973002,3.932,lurie17,kepler,Gaia DR3 2073177075964822272,3.984,,,
KIC3973504,4.263,lurie17,kepler,Gaia DR3 2073182470441834752,4.319,,,
KIC4037428,4.189,lurie17,kepler,Gaia DR3 2100296938265705984,4.265,,,
KIC4044005,11.552,lurie17,kepler,Gaia DR3 2099654346737161728,17.512,,,
KIC4049124,5.519,lurie17,kepler,Gaia DR3 2100999977171956096,4.804,,,
KIC4075064,20.477,lurie17,kepler,Gaia DR3 2073193774796073344,61.423,,,
KIC4078693,2.808,lurie17,kepler,Gaia DR3 2073228306328271872,2.757,,,
KIC4149684,4.218,lurie17,kepler,Gaia DR3 2100955373933077760,4.321,,,
KIC4159347,4.515,lurie17,kepler,Gaia DR3 2053154488174509568,12.284,,,
KIC4174507,3.921,lurie17,kepler,Gaia DR3 2076176784194667520,3.892,,,
KIC4178389,13.81,lurie17,kepler,Gaia DR3 2073198069763653888,23.211,,,
KIC4252226,11.889,lurie17,kepler,Gaia DR3 2099702141132734976,21.859,,,
KIC4252322,13.512,lurie17,kepler,Gaia DR3 2099707982288265600,14.592,,,
KIC4263529,15.804,lurie17,kepler,Gaia DR3 2053170843410198656,10.104,,,
KIC4275739,4.249,lurie17,kepler,Gaia DR3 2076247874494772096,4.344,,,
KIC4285087,4.524,lurie17,kepler,Gaia DR3 2073236617076588288,4.486,,,
KIC4346875,4.759,lurie17,kepler,Gaia DR3 2100283748423706240,4.694,,,
KIC4352168,10.188,lurie17,kepler,Gaia DR3 2099755604886265472,10.644,,,
KIC4357272,2.048,lurie17,kepler,Gaia DR3 2101014339542884608,2.086,,,
KIC4366923,3.635,lurie17,kepler,Gaia DR3 2053175585054179968,646.29,,,
KIC4380283,1.733,lurie17,kepler,Gaia DR3 2076265020004934912,1.745,,,
KIC4455763,0.764,lurie17,kepler,Gaia DR3 2101212938829392768,0.766,,,
KIC4456622,5.472,lurie17,kepler,Gaia DR3 2101027705481135360,1.503,,,
KIC4473933,68.277,lurie17,kepler,Gaia DR3 2052434892175460864,103.593,,,
KIC4480676,1.421,lurie17,kepler,Gaia DR3 2076223479079929984,1.424,,,
KIC4540632,9.361,lurie17,kepler,Gaia DR3 2103291771718760320,31.005,,,
KIC4547480,4.308,lurie17,kepler,Gaia DR3 2100434003559564544,4.427,,,
KIC4579321,2.087,lurie17,kepler,Gaia DR3 2076303464247984640,2.112,,,
KIC4639868,16.724,lurie17,kepler,Gaia DR3 2100479942530040320,53.101,,,
KIC4678171,20.287,lurie17,kepler,Gaia DR3 2073644299678677504,15.289,,,
KIC4679687,1.026,lurie17,kepler,Gaia DR3 2073635331787164800,1.028,,,
KIC4743508,2.072,lurie17,kepler,Gaia DR3 2053065771328881920,2.086,,,
KIC4751083,4.408,lurie17,kepler,Gaia DR3 2053239386786316544,4.532,,,
KIC4757331,2.346,lurie17,kepler,Gaia DR3 2076455372950776320,2.362,,,
KIC4773155,18.99,lurie17,kepler,Gaia DR3 2073474596941895168,25.706,,,
KIC4815612,3.702,lurie17,kepler,Gaia DR3 2103347434494336768,3.857,,,
KIC4839180,11.029,lurie17,kepler,Gaia DR3 2053290861976304640,8.853,,,
KIC4840263,1.883,lurie17,kepler,Gaia DR3 2053250111325437056,1.916,,,
KIC4840818,12.644,lurie17,kepler,Gaia DR3 2053234546364012160,10.05,,,
KIC4847843,16.319,lurie17,kepler,Gaia DR3 2076290755449424128,30.96,,,
KIC4902030,1.738,lurie17,kepler,Gaia DR3 2103503805663484672,1.758,,,
KIC4912589,11.008,lurie17,kepler,Gaia DR3 2099797833004945664,68.377,,,
KIC4912991,4.14,lurie17,kepler,Gaia DR3 2101298868241975424,4.443,,,
KIC4929299,21.966,lurie17,kepler,Gaia DR3 2053248805657889024,0.869,,,
KIC4935914,3.354,lurie17,kepler,Gaia DR3 2076478801986129408,3.486,,,
KIC4940201,10.296,lurie17,kepler,Gaia DR3 2076331952772892288,8.817,,,
KIC4946584,2.267,lurie17,kepler,Gaia DR3 2073657974855110016,0.454,,,
KIC4947726,4.401,lurie17,kepler,Gaia DR3 2073678968655796352,4.726,,,
KIC5014753,3.622,lurie17,kepler,Gaia DR3 2053296634412775296,3.171,,,
KIC5016163,5.213,lurie17,kepler,Gaia DR3 2053276465245468416,5.246,,,
KIC5021174,4.17,lurie17,kepler,Gaia DR3 2076475812693680128,4.045,,,
KIC5022440,3.603,lurie17,kepler,Gaia DR3 2076496020521911808,3.694,,,
KIC5023948,3.593,lurie17,kepler,Gaia DR3 2076487121349914752,3.649,,,
KIC5024292,3.077,lurie17,kepler,Gaia DR3 2076299929499734912,4.301,,,
KIC5024450,2.974,lurie17,kepler,Gaia DR3 2076299826420588288,3.052,,,
KIC5077629,11.979,lurie17,kepler,Gaia DR3 2103517446480099584,7.919,,,
KIC5080652,4.693,lurie17,kepler,Gaia DR3 2103378873656481152,4.144,,,
KIC5091614,20.101,lurie17,kepler,Gaia DR3 2101261660939025536,21.142,,,
KIC5103998,3.933,lurie17,kepler,Gaia DR3 2053301650934570112,174.77,,,
KIC5113053,3.058,lurie17,kepler,Gaia DR3 2076393044389355008,3.185,,,
KIC5122112,3.205,lurie17,kepler,Gaia DR3 2073708277513822208,3.055,,,
KIC5130740,5.521,lurie17,kepler,Gaia DR3 2073535001359876736,210.303,,,
KIC5181455,5.476,lurie17,kepler,Gaia DR3 2101157172975756160,5.58,,,
KIC5181804,4.324,lurie17,kepler,Gaia DR3 2101157413494010368,4.351,,,
KIC5193386,25.554,lurie17,kepler,Gaia DR3 2053283131034904064,21.378,,,
KIC5216727,1.501,lurie17,kepler,Gaia DR3 2073571972440041856,1.513,,,
KIC5269407,0.95,lurie17,kepler,Gaia DR3 2101170538914684800,0.959,,,
KIC5282049,8.536,lurie17,kepler,Gaia DR3 2077290555100531328,5.91,,,
KIC5288543,3.453,lurie17,kepler,Gaia DR3 2076396892680237696,3.457,,,
KIC5300878,1.274,lurie17,kepler,Gaia DR3 2073774591808198784,1.279,,,
KIC5347784,10.112,lurie17,kepler,Gaia DR3 2100796498799818752,9.584,,,
KIC5359678,6.236,lurie17,kepler,Gaia DR3 2101510803402761344,6.231,,,
KIC5370302,3.889,lurie17,kepler,Gaia DR3 2077295674713059968,3.904,,,
KIC5372966,17.475,lurie17,kepler,Gaia DR3 2076556768540896896,9.286,,,
KIC5393558,9.437,lurie17,kepler,Gaia DR3 2073554032343108608,10.217,,,
KIC5462901,5.912,lurie17,kepler,Gaia DR3 2076428606719468416,5.271,,,
KIC5527172,3.122,lurie17,kepler,Gaia DR3 2101368347927179136,3.184,,,
KIC5534814,12.153,lurie17,kepler,Gaia DR3 2053573539541380864,9.719,,,
KIC5553624,13.118,lurie17,kepler,Gaia DR3 2076762377214436352,25.762,,,
KIC5642620,19.65,lurie17,kepler,Gaia DR3 2073761019713191680,0.987,,,
KIC5643492,8.582,lurie17,kepler,Gaia DR3 2073842452293535488,41.865,,,
KIC5647008,0.799,lurie17,kepler,Gaia DR3 2073805893519055104,0.8,,,
KIC5649206,4.798,lurie17,kepler,Gaia DR3 2073620625831023360,4.893,,,
KIC5652260,10.953,lurie17,kepler,Gaia DR3 2075066724134652672,8.929,,,
KIC5730394,6.285,lurie17,kepler,Gaia DR3 2073848396528601984,5.519,,,
KIC5736461,6.675,lurie17,kepler,Gaia DR3 2075117507830235520,7.346,,,
KIC5768927,4.465,lurie17,kepler,Gaia DR3 2104355239980167040,4.391,,,
KIC5771589,14.581,lurie17,kepler,Gaia DR3 2103649383576941312,10.739,,,
KIC5771719,14.928,lurie17,kepler,Gaia DR3 2103650727904925312,12.265,,,
KIC5785586,0.459,lurie17,kepler,Gaia DR3 2101401848672551552,0.46,,,
KIC5795648,4.434,lurie17,kepler,Gaia DR3 2077379340674822016,4.553,,,
KIC5796185,13.502,lurie17,kepler,Gaia DR3 2077377206070266624,42.559,,,
KIC5796675,16.901,lurie17,kepler,Gaia DR3 2077382707929304832,16.081,,,
KIC5802285,2.403,lurie17,kepler,Gaia DR3 2076667784854673408,2.417,,,
KIC5802470,3.778,lurie17,kepler,Gaia DR3 2076667544336262400,3.792,,,
KIC5866099,23.98,lurie17,kepler,Gaia DR3 2102116531229222144,36.977,,,
KIC5871918,12.447,lurie17,kepler,Gaia DR3 2101775201588409856,12.643,,,
KIC5876360,1.048,lurie17,kepler,Gaia DR3 2101633738247514112,1.051,,,
KIC5887316,0.603,lurie17,kepler,Gaia DR3 2076667372537793664,0.603,,,
KIC5955321,4.968,lurie17,kepler,Gaia DR3 2101415970525160192,11.638,,,
KIC5983532,25.296,lurie17,kepler,Gaia DR3 2073867294384826112,147.288,,,
KIC5986209,16.836,lurie17,kepler,Gaia DR3 2073834996229746432,23.738,,,
KIC5992270,10.98,lurie17,kepler,Gaia DR3 2075142178123255168,58.431,,,
KIC6023859,13.8,lurie17,kepler,Gaia DR3 2104047445444519040,27.01,,,
KIC6025124,7.015,lurie17,kepler,Gaia DR3 2103872691816219776,26.838,,,
KIC6025466,1.112,lurie17,kepler,Gaia DR3 2103868980964488832,1.128,,,
KIC6029130,17.319,lurie17,kepler,Gaia DR3 2100904560177807360,12.592,,,
KIC6041734,10.576,lurie17,kepler,Gaia DR3 2101651781408908160,24.34,,,
KIC6048024,3.696,lurie17,kepler,Gaia DR3 2077390026553647616,62.816,,,
KIC6056992,7.28,lurie17,kepler,Gaia DR3 2077023717382584576,10.431,,,
KIC6058875,1.12,lurie17,kepler,Gaia DR3 2076827901231469952,1.13,,,
KIC6103049,0.642,lurie17,kepler,Gaia DR3 2103732332283777920,0.643,,,
KIC6128027,6.242,lurie17,kepler,Gaia DR3 2077581440350287360,5.456,,,
KIC6128141,1.87,lurie17,kepler,Gaia DR3 2077581513373162624,1.873,,,
KIC6153672,3.329,lurie17,kepler,Gaia DR3 2075163275002509184,3.364,,,
KIC6182019,3.945,lurie17,kepler,Gaia DR3 2104442238838067840,3.665,,,
KIC6182849,7.384,lurie17,kepler,Gaia DR3 2104520510321672704,6.399,,,
KIC6191574,1.033,lurie17,kepler,Gaia DR3 2102408554644740864,1.035,,,
KIC6200709,4.228,lurie17,kepler,Gaia DR3 2101800971392454656,3.724,,,
KIC6209347,2.089,lurie17,kepler,Gaia DR3 2077595154189342592,2.137,,,
KIC6231401,6.055,lurie17,kepler,Gaia DR3 2075341189719889792,6.092,,,
KIC6268722,2.661,lurie17,kepler,Gaia DR3 2103880109221172992,2.638,,,
KIC6283224,0.763,lurie17,kepler,Gaia DR3 2101628176270469760,0.766,,,
KIC6305192,8.793,lurie17,kepler,Gaia DR3 2076942628402548608,8.025,,,
KIC6307083,21.966,lurie17,kepler,Gaia DR3 2076904282933527424,376.94,,,
KIC6311637,1.613,lurie17,kepler,Gaia DR3 2075347340113181184,1.621,,,
KIC6312521,2.973,lurie17,kepler,Gaia DR3 2075345583459289088,3.016,,,
KIC6359798,3.407,lurie17,kepler,Gaia DR3 2101855564714976256,14.154,,,
KIC6370120,18.766,lurie17,kepler,Gaia DR3 2077611303266863360,1.355,,,
KIC6387450,4.034,lurie17,kepler,Gaia DR3 2076909883571157376,3.661,,,
KIC6422170,14.237,lurie17,kepler,Gaia DR3 2104506319750392576,624.312,,,
KIC6436029,24.69,lurie17,kepler,Gaia DR3 2102247132595492608,505.467,,,
KIC6443392,0.776,lurie17,kepler,Gaia DR3 2101692871353628288,0.777,,,
KIC6449552,18.334,lurie17,kepler,Gaia DR3 2077520421762328064,20.149,,,
KIC6452742,1.369,lurie17,kepler,Gaia DR3 2077481938852884736,1.376,,,
KIC6464285,0.835,lurie17,kepler,Gaia DR3 2076920157133013376,0.844,,,
KIC6466939,2.248,lurie17,kepler,Gaia DR3 2075409840479088512,2.286,,,
KIC6468938,6.813,lurie17,kepler,Gaia DR3 2075401353624216320,7.217,,,
KIC6504534,23.948,lurie17,kepler,Gaia DR3 2104078025612319360,28.163,,,
KIC6525196,3.307,lurie17,kepler,Gaia DR3 2077667962475652864,3.421,,,
KIC6548447,9.411,lurie17,kepler,Gaia DR3 2075414096779006848,10.768,,,
KIC6579806,12.298,lurie17,kepler,Gaia DR3 2104699936875918336,9.88,,,
KIC6595662,2.632,lurie17,kepler,Gaia DR3 2102299359397858048,2.681,,,
KIC6599919,17.234,lurie17,kepler,Gaia DR3 2101875463305773312,13.61,,,
KIC6606282,2.107,lurie17,kepler,Gaia DR3 2101747262819457792,2.107,,,
KIC6606934,7.457,lurie17,kepler,Gaia DR3 2101701637390554112,37.807,,,
KIC6614926,2.907,lurie17,kepler,Gaia DR3 2077549661899258368,3.027,,,
KIC6634112,10.065,lurie17,kepler,Gaia DR3 2075427089068650368,9.942,,,
KIC6697716,1.439,lurie17,kepler,Gaia DR3 2077726889425367808,1.443,,,
KIC6707942,12.699,lurie17,kepler,Gaia DR3 2077119512331147904,9.014,,,
KIC6756202,14.777,lurie17,kepler,Gaia DR3 2104886475895317888,290.786,,,
KIC6758917,2.198,lurie17,kepler,Gaia DR3 2104193955369284992,2.236,,,
KIC6778050,0.941,lurie17,kepler,Gaia DR3 2125723183317253376,0.946,,,
KIC6781535,8.031,lurie17,kepler,Gaia DR3 2077687684967175552,9.122,,,
KIC6847018,4.264,lurie17,kepler,Gaia DR3 2105505810180269952,16.662,,,
KIC6859813,6.693,lurie17,kepler,Gaia DR3 2101942327356009216,10.882,,,
KIC6863840,3.759,lurie17,kepler,Gaia DR3 2125724763865270528,3.853,,,
KIC6866228,8.009,lurie17,kepler,Gaia DR3 2125736583615734784,7.702,,,
KIC6891512,3.459,lurie17,kepler,Gaia DR3 2075449835211738752,3.505,,,
KIC6927629,8.877,lurie17,kepler,Gaia DR3 2104911008748830336,7.735,,,
KIC6934587,1.555,lurie17,kepler,Gaia DR3 2105477910072972928,1.571,,,
KIC6939670,4.113,lurie17,kepler,Gaia DR3 2102695389742067072,4.239,,,
KIC6949550,6.934,lurie17,kepler,Gaia DR3 2125731773252011136,7.841,,,
KIC6956014,4.153,lurie17,kepler,Gaia DR3 2077749876091266304,1.851,,,
KIC6962018,1.267,lurie17,kepler,Gaia DR3 2077886593491156864,1.27,,,
KIC6965293,5.069,lurie17,kepler,Gaia DR3 2077223759780704000,5.078,,,
KIC7009828,10.98,lurie17,kepler,Gaia DR3 2104784633631120256,10.642,,,
KIC7024530,10.481,lurie17,kepler,Gaia DR3 2102696557973186304,66.153,,,
KIC7025540,2.138,lurie17,kepler,Gaia DR3 2102699615990109952,2.148,,,
KIC7038831,0.627,lurie17,kepler,Gaia DR3 2077788633875759616,0.627,,,
KIC7047299,16.334,lurie17,kepler,Gaia DR3 2077894839828760576,35.882,,,
KIC7049486,8.797,lurie17,kepler,Gaia DR3 2077222488470323328,26.718,,,
KIC7051984,21.993,lurie17,kepler,Gaia DR3 2077198127417428224,0.678,,,
KIC7105574,8.445,lurie17,kepler,Gaia DR3 2102560459048276608,20.726,,,
KIC7133286,37.955,lurie17,kepler,Gaia DR3 2077241558125153664,38.511,,,
KIC7174349,2.963,lurie17,kepler,Gaia DR3 2116834761375779456,2.974,,,
KIC7174617,1.581,lurie17,kepler,Gaia DR3 2104824456567565696,1.608,,,
KIC7177553,11.841,lurie17,kepler,Gaia DR3 2104965400212348032,17.996,,,
KIC7200102,6.595,lurie17,kepler,Gaia DR3 2125797950108838656,14.666,,,
KIC7212066,4.051,lurie17,kepler,Gaia DR3 2077914699757591808,3.84,,,
KIC7257373,11.809,lurie17,kepler,Gaia DR3 2104838853298097536,10.467,,,
KIC7269493,18.548,lurie17,kepler,Gaia DR3 2102600488143944192,1.908,,,
KIC7284688,0.643,lurie17,kepler,Gaia DR3 2125845710144254720,0.646,,,
KIC7287391,4.979,lurie17,kepler,Gaia DR3 2077820137456443904,4.286,,,
KIC7336754,13.247,lurie17,kepler,Gaia DR3 2104832462386636800,12.155,,,
KIC7362852,7.143,lurie17,kepler,Gaia DR3 2125824269668584960,7.037,,,
KIC7374746,2.658,lurie17,kepler,Gaia DR3 2077917345457338368,2.734,,,
KIC7376983,30.597,lurie17,kepler,Gaia DR3 2078000289864478976,5.645,,,
KIC7377422,54.478,lurie17,kepler,Gaia DR3 2077249907541838208,107.623,,,
KIC7383021,6.959,lurie17,kepler,Gaia DR3 2078703187033543296,0.466,,,
KIC7593110,4.05,lurie17,kepler,Gaia DR3 2105650739556560640,3.549,,,
KIC7601633,9.301,lurie17,kepler,Gaia DR3 2102788126675218048,15.664,,,
KIC7605600,3.809,lurie17,kepler,Gaia DR3 2126014141581543424,3.326,,,
KIC7670485,9.768,lurie17,kepler,Gaia DR3 2105616414178194688,8.468,,,
KIC7678434,21.195,lurie17,kepler,Gaia DR3 2126073961886389888,10.372,,,
KIC7684873,5.695,lurie17,kepler,Gaia DR3 2125873502870708864,2.947,,,
KIC7732791,2.047,lurie17,kepler,Gaia DR3 2105207842528705152,2.064,,,
KIC7733540,1.545,lurie17,kepler,Gaia DR3 2105292608003774464,0.773,,,
KIC7750740,5.932,lurie17,kepler,Gaia DR3 2126086400111993088,5.874,,,
KIC7767559,5.024,lurie17,kepler,Gaia DR3 2078784688334054272,4.409,,,
KIC7798259,1.721,lurie17,kepler,Gaia DR3 2116934374556640896,1.734,,,
KIC7802136,13.92,lurie17,kepler,Gaia DR3 2105297658883991936,10.98,,,
KIC7811211,0.901,lurie17,kepler,Gaia DR3 2102995144098606464,0.902,,,
KIC7816680,11.056,lurie17,kepler,Gaia DR3 2102821283823443328,8.585,,,
KIC7836330,0.655,lurie17,kepler,Gaia DR3 2078789017661319040,0.658,,,
KIC7837526,20.549,lurie17,kepler,Gaia DR3 2078780187208506368,28.297,,,
KIC7838639,4.147,lurie17,kepler,Gaia DR3 2078800459454518912,4.226,,,
KIC7838906,2.096,lurie17,kepler,Gaia DR3 2078754176885806080,5.615,,,
KIC7840035,5.762,lurie17,kepler,Gaia DR3 2078756719506625536,13.542,,,
KIC7846730,13.713,lurie17,kepler,Gaia DR3 2078603608206614400,11.028,,,
KIC7877824,8.701,lurie17,kepler,Gaia DR3 2105673794941783040,9.449,,,
KIC7885570,1.704,lurie17,kepler,Gaia DR3 2126842864110258048,1.729,,,
KIC7919653,4.179,lurie17,kepler,Gaia DR3 2075945268278366464,4.21,,,
KIC7941635,0.76,lurie17,kepler,Gaia DR3 2105124485803706880,0.763,,,
KIC7943602,14.413,lurie17,kepler,Gaia DR3 2106569965636548992,14.692,,,
KIC7950775,7.98,lurie17,kepler,Gaia DR3 2102969580454252672,8.967,,,
KIC7967100,1.915,lurie17,kepler,Gaia DR3 2078292485078110336,1.927,,,
KIC7971389,11.738,lurie17,kepler,Gaia DR3 2078058941938623616,26.35,,,
KIC7985167,1.368,lurie17,kepler,Gaia DR3 2078986002040888960,1.384,,,
KIC7987749,17.545,lurie17,kepler,Gaia DR3 2075994265266955776,17.031,,,
KIC8005892,19.672,lurie17,kepler,Gaia DR3 2117325697617090304,958.0,,,
KIC8008128,8.662,lurie17,kepler,Gaia DR3 2105363079825955200,14.854,,,
KIC8019043,1.963,lurie17,kepler,Gaia DR3 2103020948262373120,1.986,,,
KIC8075618,7.9,lurie17,kepler,Gaia DR3 2117292059433422720,17.561,,,
KIC8081482,2.745,lurie17,kepler,Gaia DR3 2106596766233132416,2.819,,,
KIC8088354,2.876,lurie17,kepler,Gaia DR3 2103113101079607168,2.898,,,
KIC8094140,0.705,lurie17,kepler,Gaia DR3 2126862998917377792,0.706,,,
KIC8095099,4.134,lurie17,kepler,Gaia DR3 2126103030225852288,4.206,,,
KIC8097825,2.872,lurie17,kepler,Gaia DR3 2126158521201687808,2.937,,,
KIC8098300,4.306,lurie17,kepler,Gaia DR3 2125971226269667584,4.306,,,
KIC8111622,6.56,lurie17,kepler,Gaia DR3 2078824476911805440,15.446,,,
KIC8127648,2.034,lurie17,kepler,Gaia DR3 2076035698801401728,2.047,,,
KIC8128067,3.213,lurie17,kepler,Gaia DR3 2076059411327132160,12.43,,,
KIC8128965,7.155,lurie17,kepler,Gaia DR3 2076056490749514240,7.14,,,
KIC8145789,1.667,lurie17,kepler,Gaia DR3 2105322535334781312,1.671,,,
KIC8155368,0.716,lurie17,kepler,Gaia DR3 2103038299930305280,0.719,,,
KIC8176653,22.706,lurie17,kepler,Gaia DR3 2079615231927255808,2.867,,,
KIC8179747,14.954,lurie17,kepler,Gaia DR3 2079581421944570496,17.946,,,
KIC8195877,1.487,lurie17,kepler,Gaia DR3 2076059995442715392,1.51,,,
KIC8211824,0.839,lurie17,kepler,Gaia DR3 2117301405282330496,0.841,,,
KIC8223328,7.109,lurie17,kepler,Gaia DR3 2103129696833160576,35.516,,,
KIC8229048,6.256,lurie17,kepler,Gaia DR3 2126868255957307008,5.479,,,
KIC8231877,2.614,lurie17,kepler,Gaia DR3 2126203910416539264,2.616,,,
KIC8242681,3.933,lurie17,kepler,Gaia DR3 2078317327170469760,4.021,,,
KIC8244173,2.167,lurie17,kepler,Gaia DR3 2079615025768875776,2.184,,,
KIC8279765,2.732,lurie17,kepler,Gaia DR3 2105352840624048640,2.758,,,
KIC8285254,7.419,lurie17,kepler,Gaia DR3 2105915824938182656,7.536,,,
KIC8288719,1.509,lurie17,kepler,Gaia DR3 2106058074255170048,1.51,,,
KIC8296467,9.242,lurie17,kepler,Gaia DR3 2126871966809171328,10.303,,,
KIC8299947,5.515,lurie17,kepler,Gaia DR3 2126170650189408896,5.366,,,
KIC8301013,4.245,lurie17,kepler,Gaia DR3 2126356983051726720,4.428,,,
KIC8312222,12.82,lurie17,kepler,Gaia DR3 2079593138616012544,12.823,,,
KIC8316503,5.066,lurie17,kepler,Gaia DR3 2078939616394641280,5.065,,,
KIC8323764,5.922,lurie17,kepler,Gaia DR3 2079036991895439872,6.714,,,
KIC8345358,11.905,lurie17,kepler,Gaia DR3 2105392182524649728,9.381,,,
KIC8356054,16.708,lurie17,kepler,Gaia DR3 2103138973963031424,17.081,,,
KIC8364119,8.954,lurie17,kepler,Gaia DR3 2126231771863112960,7.736,,,
KIC8364969,7.672,lurie17,kepler,Gaia DR3 2126188036217701504,22.572,,,
KIC8365739,2.34,lurie17,kepler,Gaia DR3 2126173673846414336,2.389,,,
KIC8374499,6.044,lurie17,kepler,Gaia DR3 2079820153405652992,5.252,,,
KIC8381592,5.663,lurie17,kepler,Gaia DR3 2078944667276150912,5.784,,,
KIC8409588,2.708,lurie17,kepler,Gaia DR3 2117401392119700352,2.722,,,
KIC8411947,1.767,lurie17,kepler,Gaia DR3 2105356929432987392,1.798,,,
KIC8429817,5.667,lurie17,kepler,Gaia DR3 2126235658815015552,6.263,,,
KIC8435247,0.695,lurie17,kepler,Gaia DR3 2126410068846203776,0.696,,,
KIC8458207,3.616,lurie17,kepler,Gaia DR3 2076130295468844672,3.53,,,
KIC8479107,0.765,lurie17,kepler,Gaia DR3 2106628892588494976,0.768,,,
KIC8479386,11.922,lurie17,kepler,Gaia DR3 2106722209339813376,11.721,,,
KIC8509781,18.806,lurie17,kepler,Gaia DR3 2078938619961982592,70.336,,,
KIC8543278,8.603,lurie17,kepler,Gaia DR3 2106680226037610624,7.549,,,
KIC8552540,1.059,lurie17,kepler,Gaia DR3 2127127122225065088,1.062,,,
KIC8552719,17.457,lurie17,kepler,Gaia DR3 2127132821641254272,88.407,,,
KIC8559863,38.881,lurie17,kepler,Gaia DR3 2126567711325352576,22.47,,,
KIC8580438,7.55,lurie17,kepler,Gaia DR3 2079102756433833856,6.496,,,
KIC8590527,0.737,lurie17,kepler,Gaia DR3 2082085795891520384,0.74,,,
KIC8604993,6.44,lurie17,kepler,Gaia DR3 2105425030434678400,6.57,,,
KIC8608490,1.079,lurie17,kepler,Gaia DR3 2106772619373378816,1.083,,,
KIC8616873,0.576,lurie17,kepler,Gaia DR3 2127131932584216064,0.576,,,
KIC8618226,5.956,lurie17,kepler,Gaia DR3 2127144267734388736,5.882,,,
KIC8620561,0.781,lurie17,kepler,Gaia DR3 2126990847205972736,0.782,,,
KIC8621026,4.732,lurie17,kepler,Gaia DR3 2126995490067621376,4.059,,,
KIC8669092,0.997,lurie17,kepler,Gaia DR3 2117433892134409984,1.001,,,
KIC8678664,15.919,lurie17,kepler,Gaia DR3 2106169296727721600,15.42,,,
KIC8719897,3.104,lurie17,kepler,Gaia DR3 2082108645117526528,3.151,,,
KIC8733497,15.227,lurie17,kepler,Gaia DR3 2105432658296665344,76.82,,,
KIC8736245,4.94,lurie17,kepler,Gaia DR3 2106887209100717440,5.069,,,
KIC8746310,8.325,lurie17,kepler,Gaia DR3 2127163818425743744,6.856,,,
KIC8784288,3.713,lurie17,kepler,Gaia DR3 2082119507101341184,3.655,,,
KIC8845026,4.272,lurie17,kepler,Gaia DR3 2082166236346124544,66.468,,,
KIC8848104,0.823,lurie17,kepler,Gaia DR3 2082127508618059648,0.825,,,
KIC8848271,13.575,lurie17,kepler,Gaia DR3 2082127169323121024,9.992,,,
KIC8879427,9.571,lurie17,kepler,Gaia DR3 2127249339814043264,16.313,,,
KIC8906676,15.442,lurie17,kepler,Gaia DR3 2079397730483746304,8.21,,,
KIC8938628,19.304,lurie17,kepler,Gaia DR3 2106386553354297600,6.862,,,
KIC8939650,3.578,lurie17,kepler,Gaia DR3 2106436821649985152,3.655,,,
KIC8953059,5.23,lurie17,kepler,Gaia DR3 2126657939999133824,5.5,,,
KIC8953257,3.158,lurie17,kepler,Gaia DR3 2126611279474459648,3.222,,,
KIC8953426,5.116,lurie17,kepler,Gaia DR3 2126611897949770112,5.332,,,
KIC8957954,4.253,lurie17,kepler,Gaia DR3 2127968729658199552,4.36,,,
KIC8971432,0.624,lurie17,kepler,Gaia DR3 2079367360777148288,0.624,,,
KIC8973000,11.857,lurie17,kepler,Gaia DR3 2079323208512140800,28.028,,,
KIC8984706,12.482,lurie17,kepler,Gaia DR3 2082137717762817664,10.135,,,
KIC9001468,7.274,lurie17,kepler,Gaia DR3 2106958398180922880,17.33,,,
KIC9002237,4.398,lurie17,kepler,Gaia DR3 2107001352151109120,4.35,,,
KIC9020426,0.901,lurie17,kepler,Gaia DR3 2126647803876421760,0.913,,,
KIC9024857,15.214,lurie17,kepler,Gaia DR3 2126527888389914880,35.027,,,
KIC9029486,6.776,lurie17,kepler,Gaia DR3 2079945222854569728,6.277,,,
KIC9032900,7.202,lurie17,kepler,Gaia DR3 2079971473693847168,67.524,,,
KIC9098590,2.211,lurie17,kepler,Gaia DR3 2079980647743828864,2.244,,,
KIC9137992,1.467,lurie17,kepler,Gaia DR3 2107021109000778496,1.47,,,
KIC9143254,2.265,lurie17,kepler,Gaia DR3 2106435481620330240,2.275,,,
KIC9178185,3.391,lurie17,kepler,Gaia DR3 2085239302625130112,2.993,,,
KIC9210828,1.642,lurie17,kepler,Gaia DR3 2127242124267766272,1.656,,,
KIC9266285,32.65,lurie17,kepler,Gaia DR3 2107203009456314496,5.614,,,
KIC9328852,0.645,lurie17,kepler,Gaia DR3 2107173906758145664,0.646,,,
KIC9346655,0.871,lurie17,kepler,Gaia DR3 2128057790100538240,0.872,,,
KIC9353182,10.494,lurie17,kepler,Gaia DR3 2080382858538553344,10.476,,,
KIC9366988,1.202,lurie17,kepler,Gaia DR3 2085223187907233024,1.219,,,
KIC9392702,3.864,lurie17,kepler,Gaia DR3 2106478839311639680,3.909,,,
KIC9411943,3.828,lurie17,kepler,Gaia DR3 2080046893320923520,3.844,,,
KIC9412462,9.801,lurie17,kepler,Gaia DR3 2080068471236280192,10.187,,,
KIC9426071,2.984,lurie17,kepler,Gaia DR3 2085268474043073920,28.714,,,
KIC9468296,5.837,lurie17,kepler,Gaia DR3 2128051914585820800,5.749,,,
KIC9468384,12.991,lurie17,kepler,Gaia DR3 2128051880226093184,11.083,,,
KIC9478836,18.786,lurie17,kepler,Gaia DR3 2080167839600258304,0.254,,,
KIC9509207,23.85,lurie17,kepler,Gaia DR3 2107106870908183168,14.2,,,
KIC9517991,16.901,lurie17,kepler,Gaia DR3 2130365561925289216,717.0,,,
KIC9528420,4.564,lurie17,kepler,Gaia DR3 2128252678535759872,4.708,,,
KIC9529856,19.135,lurie17,kepler,Gaia DR3 2128076103841686016,37.482,,,
KIC9532123,7.35,lurie17,kepler,Gaia DR3 2128112319005217408,8.215,,,
KIC9532421,4.407,lurie17,kepler,Gaia DR3 2128105962453352320,4.309,,,
KIC9540450,2.125,lurie17,kepler,Gaia DR3 2080260404734162432,2.155,,,
KIC9551200,0.711,lurie17,kepler,Gaia DR3 2085329806175345280,0.712,,,
KIC9569866,1.468,lurie17,kepler,Gaia DR3 2119120684707638016,1.48,,,
KIC9576197,9.028,lurie17,kepler,Gaia DR3 2106540588060369024,7.964,,,
KIC9588822,31.762,lurie17,kepler,Gaia DR3 2126802319620058752,71.76,,,
KIC9592575,5.172,lurie17,kepler,Gaia DR3 2128072564788836224,5.275,,,
KIC9593759,2.502,lurie17,kepler,Gaia DR3 2128113074919437824,2.494,,,
KIC9597095,2.723,lurie17,kepler,Gaia DR3 2080453162866222976,2.746,,,
KIC9597411,3.077,lurie17,kepler,Gaia DR3 2080405093592275072,3.151,,,
KIC9634821,10.544,lurie17,kepler,Gaia DR3 2107244481660894592,73.758,,,
KIC9635529,4.675,lurie17,kepler,Gaia DR3 2107294608219217792,4.704,,,
KIC9637299,1.864,lurie17,kepler,Gaia DR3 2106553026285781888,1.882,,,
KIC9641031,2.156,lurie17,kepler,Gaia DR3 2130371574879626112,2.178,,,
KIC9642018,25.007,lurie17,kepler,Gaia DR3 2127378704229941120,0.505,,,
KIC9649222,6.727,lurie17,kepler,Gaia DR3 2126819843086825728,5.919,,,
KIC9655129,2.683,lurie17,kepler,Gaia DR3 2128121046379779968,2.744,,,
KIC9656397,6.555,lurie17,kepler,Gaia DR3 2128135546188203904,204.74,,,
KIC9656543,2.45,lurie17,kepler,Gaia DR3 2080097092898358656,2.545,,,
KIC9674608,3.017,lurie17,kepler,Gaia DR3 2085336265806053120,2.972,,,
KIC9705459,2.79,lurie17,kepler,Gaia DR3 2127712474727909504,2.487,,,
KIC9714358,7.416,lurie17,kepler,Gaia DR3 2128179938970753664,6.474,,,
KIC9719636,4.06,lurie17,kepler,Gaia DR3 2080461409203674624,3.352,,,
KIC9724993,11.036,lurie17,kepler,Gaia DR3 2080271498631993216,7.863,,,
KIC9752973,11.07,lurie17,kepler,Gaia DR3 2119132916774654080,0.717,,,
KIC9758089,20.646,lurie17,kepler,Gaia DR3 2107311723669410560,92.729,,,
KIC9783760,17.44,lurie17,kepler,Gaia DR3 2080324859305686272,89.74,,,
KIC9784230,0.796,lurie17,kepler,Gaia DR3 2080323759792835072,0.798,,,
KIC9821078,9.774,lurie17,kepler,Gaia DR3 2130535195954075648,8.429,,,
KIC9821151,13.049,lurie17,kepler,Gaia DR3 2130534886716426624,8.429,,,
KIC9838060,10.627,lurie17,kepler,Gaia DR3 2128142830453283200,23.816,,,
KIC9847239,10.811,lurie17,kepler,Gaia DR3 2080292256212836736,28.508,,,
KIC9873869,5.117,lurie17,kepler,Gaia DR3 2107501664301881856,4.995,,,
KIC9880467,16.488,lurie17,kepler,Gaia DR3 2130549523962969216,8.973,,,
KIC9886224,3.386,lurie17,kepler,Gaia DR3 2127827682930266112,2.993,,,
KIC9892471,9.411,lurie17,kepler,Gaia DR3 2128340261509506304,8.268,,,
KIC9895004,14.928,lurie17,kepler,Gaia DR3 2128191964879794560,2.251,,,
KIC9896435,25.894,lurie17,kepler,Gaia DR3 2128205983652799872,18.077,,,
KIC9934208,12.376,lurie17,kepler,Gaia DR3 2107507711615837568,9.058,,,
KIC9936698,6.464,lurie17,kepler,Gaia DR3 2107365496659288960,5.712,,,
KIC9940565,4.202,lurie17,kepler,Gaia DR3 2130599998420499968,4.279,,,
KIC9941387,24.586,lurie17,kepler,Gaia DR3 2130633018128395904,27.66,,,
KIC9945280,1.284,lurie17,kepler,Gaia DR3 2127792635998013440,1.303,,,
KIC9963461,3.906,lurie17,kepler,Gaia DR3 2080345513807439488,10.582,,,
KIC9967884,5.111,lurie17,kepler,Gaia DR3 2086296517415485696,5.428,,,
KIC9971475,1.98,lurie17,kepler,Gaia DR3 2085516585712720512,5.357,,,
KIC10006096,19.918,lurie17,kepler,Gaia DR3 2127786313805997056,70.516,,,
KIC10019399,10.912,lurie17,kepler,Gaia DR3 2128525907175071872,11.806,,,
KIC10019763,15.32,lurie17,kepler,Gaia DR3 2128548962559954944,32.505,,,
KIC10031409,4.046,lurie17,kepler,Gaia DR3 2085567678644927488,4.144,1.90084095637918e-03,,
KIC10068383,8.486,lurie17,kepler,Gaia DR3 2127799679744414848,7.305,,,
KIC10068919,4.522,lurie17,kepler,Gaia DR3 2127789955938517504,43.562,7.21538158778933e-01,,
KIC10091257,3.336,lurie17,kepler,Gaia DR3 2086317923529953664,3.404,2.68114726839985e-03,,
KIC10091703,19.896,lurie17,kepler,Gaia DR3 2086323318008914176,710.5,,,
KIC10095512,6.845,lurie17,kepler,Gaia DR3 2085569396631895552,6.017,1.20236861717006e-03,,
KIC10129482,0.845,lurie17,kepler,Gaia DR3 2130654389885780608,0.846,1.94203065082331e-02,,
KIC10155080,3.932,lurie17,kepler,Gaia DR3 2080560262164133760,3.861,1.27161943643699e-02,,
KIC10157573,4.941,lurie17,kepler,Gaia DR3 2086365511768898560,5.116,,,
KIC10158418,4.488,lurie17,kepler,Gaia DR3 2086324177004984704,5.007,6.33269530075459e-01,,
KIC10189523,1.01,lurie17,kepler,Gaia DR3 2107620823873767040,1.014,1.67435142858061e-02,,
KIC10215422,24.83,lurie17,kepler,Gaia DR3 2128566692184916224,24.847,,,
KIC10215869,4.62,lurie17,kepler,Gaia DR3 2128556075025862784,5.017,1.49908022419748e-02,,
KIC10223616,16.426,lurie17,kepler,Gaia DR3 2086373139630865280,29.125,3.99403312356522e-01,,
KIC10232123,1.341,lurie17,kepler,Gaia DR3 2085637497631419520,1.344,2.45111324549499e-02,,
KIC10257903,0.85,lurie17,kepler,Gaia DR3 2107591411937698048,0.859,1.03010439819409e-02,,
KIC10259029,6.312,lurie17,kepler,Gaia DR3 2131413224704503168,7.061,1.35307235499703e-01,,
KIC10264202,1.032,lurie17,kepler,Gaia DR3 2130859483164884096,1.035,2.33762131215924e-03,,
KIC10274244,19.454,lurie17,kepler,Gaia DR3 2129122559734009472,13.684,1.19980181687936e-01,,
KIC10287248,2.919,lurie17,kepler,Gaia DR3 2080569638076599552,4.722,3.05569774542532e-01,,
KIC10292465,1.332,lurie17,kepler,Gaia DR3 2086342589520467072,1.353,4.53598184641745e-02,,
KIC10294608,3.656,lurie17,kepler,Gaia DR3 2085679931909007360,3.709,2.13912663773768e-03,,
KIC10330495,21.144,lurie17,kepler,Gaia DR3 2130852576857565312,18.06,6.22050537671262e-02,,
KIC10352938,6.308,lurie17,kepler,Gaia DR3 2080570467013570432,6.472,,,
KIC10384962,3.074,lurie17,kepler,Gaia DR3 2119616186494964352,2.879,3.65059644085282e-04,,
KIC10385682,6.072,lurie17,kepler,Gaia DR3 2119570728560939264,6.207,3.78706475902715e-04,,
KIC10407221,14.413,lurie17,kepler,Gaia DR3 2128482201588010880,0.934,,,
KIC10422852,1.377,lurie17,kepler,Gaia DR3 2086356509516941056,1.399,5.74598046777142e-01,,
KIC10454401,12.012,lurie17,kepler,Gaia DR3 2131433462593518464,12.181,3.31623466575639e-01,,
KIC10464666,23.126,lurie17,kepler,Gaia DR3 2127923409161854848,131.734,8.78741945773150e-01,,
KIC10485250,20.867,lurie17,kepler,Gaia DR3 2086396916570135296,16.47,,,
KIC10487119,6.794,lurie17,kepler,Gaia DR3 2086408049125651712,6.749,6.73094676754933e-03,,
KIC10489521,3.17,lurie17,kepler,Gaia DR3 2086440828314235264,3.225,1.76815321283711e-03,,
KIC10489539,8.211,lurie17,kepler,Gaia DR3 2086440519078143616,19.764,,,
KIC10490960,5.476,lurie17,kepler,Gaia DR3 2085716731184535936,5.682,9.49083749059359e-02,,
KIC10534155,4.501,lurie17,kepler,Gaia DR3 2129193997928817792,4.327,,,
KIC10547685,2.719,lurie17,kepler,Gaia DR3 2086595069178442112,2.777,,,
KIC10551346,1.422,lurie17,kepler,Gaia DR3 2086412241014018816,1.428,9.82267956092148e-01,,
KIC10555365,7.138,lurie17,kepler,Gaia DR3 2085718071219299072,5.802,,,
KIC10556578,1.237,lurie17,kepler,Gaia DR3 2085702849855332352,1.253,,,
KIC10593759,6.137,lurie17,kepler,Gaia DR3 2127940314153495680,6.265,1.95099056898804e-03,,
KIC10599397,0.935,lurie17,kepler,Gaia DR3 2129242891835490304,0.937,,,
KIC10601549,1.44,lurie17,kepler,Gaia DR3 2128503607704977280,1.464,,,
KIC10602291,16.918,lurie17,kepler,Gaia DR3 2128493643381199872,20.927,,,
KIC10613718,12.482,lurie17,kepler,Gaia DR3 2086591152168526336,1.176,1.58640184376470e-03,,
KIC10614158,8.864,lurie17,kepler,Gaia DR3 2086610805938353408,8.925,,,
KIC10616571,12.727,lurie17,kepler,Gaia DR3 2086413679816879104,23.673,4.48079813950733e-01,,
KIC10659313,6.58,lurie17,kepler,Gaia DR3 2127941894701762176,15.249,,,
KIC10676927,1.016,lurie17,kepler,Gaia DR3 2086649426284378240,1.031,,,
KIC10711551,10.692,lurie17,kepler,Gaia DR3 2119700848890106624,10.692,1.35112824912591e-01,,
KIC10711646,0.737,lurie17,kepler,Gaia DR3 2119702841754950144,0.738,5.06796416349105e-01,,
KIC10711913,18.607,lurie17,kepler,Gaia DR3 2119689853773858816,19.408,1.12577186421529e-01,,
KIC10743597,22.618,lurie17,kepler,Gaia DR3 2086654099209012096,81.195,,,
KIC10753734,8.654,lurie17,kepler,Gaia DR3 2085725080606200832,19.407,5.21738017375678e-01,,
KIC10794405,23.529,lurie17,kepler,Gaia DR3 2129409016872059264,0.952,,,
KIC10798838,16.441,lurie17,kepler,Gaia DR3 2128513675108684032,62.128,,,
KIC10816107,2.116,lurie17,kepler,Gaia DR3 2086492947735468928,2.162,4.31297360929044e-03,,
KIC10857519,8.001,lurie17,kepler,Gaia DR3 2129464546506876928,2.053,,,
KIC10874926,14.752,lurie17,kepler,Gaia DR3 2086636571442073728,11.703,2.57608663380750e-01,,
KIC10879213,1.33,lurie17,kepler,Gaia DR3 2086493772369298048,1.337,1.63672281756534e-02,,
KIC10904857,3.845,lurie17,kepler,Gaia DR3 2131712669826755328,3.121,1.34734087124360e-02,,
KIC10923260,4.553,lurie17,kepler,Gaia DR3 2128909945971090560,7.436,3.92511154725533e-01,,
KIC10925104,28.693,lurie17,kepler,Gaia DR3 2128939873302216320,8.041,,,
KIC10935310,3.945,lurie17,kepler,Gaia DR3 2086544526005882240,4.129,2.67815219758074e-02,,
KIC10936427,16.644,lurie17,kepler,Gaia DR3 2086500511180694656,14.361,1.72339219677393e-02,,
KIC10960995,3.039,lurie17,kepler,Gaia DR3 2131733697986674432,3.117,1.05708688151875e-02,,
KIC10965963,6.225,lurie17,kepler,Gaia DR3 2131161196027163264,6.64,5.38755619616157e-02,,
KIC10987439,13.327,lurie17,kepler,Gaia DR3 2086643104093265792,10.675,8.15972363204999e-02,,
KIC10991989,0.961,lurie17,kepler,Gaia DR3 2086499201207107072,0.974,1.16867923667898e-03,,
KIC10992733,15.634,lurie17,kepler,Gaia DR3 2086863831052596096,18.526,3.82281267660630e-01,,
KIC11021252,3.171,lurie17,kepler,Gaia DR3 2131208509386386432,3.269,1.27628590420648e-02,,
KIC11044779,8.909,lurie17,kepler,Gaia DR3 2086565244928228992,15.609,3.75403961616405e-01,,
KIC11045383,21.221,lurie17,kepler,Gaia DR3 2086551397953774976,41.167,,,
KIC11069176,14.111,lurie17,kepler,Gaia DR3 2143749504651818368,15.38,,,
KIC11073223,6.752,lurie17,kepler,Gaia DR3 2131918965695826944,11.579,3.70677831382552e-01,,
KIC11099351,2.35,lurie17,kepler,Gaia DR3 2086927357905474432,2.378,7.03181532159973e-03,,
KIC11124509,11.522,lurie17,kepler,Gaia DR3 2131790941310427648,8.893,2.74847087655432e-02,,
KIC11134079,1.253,lurie17,kepler,Gaia DR3 2129574875626400000,1.261,,,
KIC11147276,3.052,lurie17,kepler,Gaia DR3 2086711479972971264,3.133,2.60398055277728e-03,,
KIC11147460,0.729,lurie17,kepler,Gaia DR3 2086711411253556352,4.108,2.82537149711692e-03,,
KIC11182260,1.285,lurie17,kepler,Gaia DR3 2131221806605210496,1.292,,,
KIC11189127,2.624,lurie17,kepler,Gaia DR3 2129543986222302464,2.672,2.01816943774145e-02,,
KIC11198723,6.837,lurie17,kepler,Gaia DR3 2134759725788065920,6.84,3.97805720643853e-03,,
KIC11200773,2.463,lurie17,kepler,Gaia DR3 2086803701508947584,2.49,3.21194112633195e-02,,
KIC11228612,2.946,lurie17,kepler,Gaia DR3 2143775343175289472,2.98,3.41724711955871e-03,,
KIC11231334,2.91,lurie17,kepler,Gaia DR3 2131798534810060288,4.157,2.84613905902429e-02,,
KIC11232745,12.727,lurie17,kepler,Gaia DR3 2131973700759374720,9.634,1.86065442384166e-02,,
KIC11233911,4.772,lurie17,kepler,Gaia DR3 2131940612331147648,4.96,7.61000791077543e-03,,
KIC11234677,1.584,lurie17,kepler,Gaia DR3 2131280080721717504,1.587,7.72207777979400e-03,,
KIC11250867,2.208,lurie17,kepler,Gaia DR3 2134791371106839168,2.253,1.19868258188363e-03,,
KIC11252617,4.48,lurie17,kepler,Gaia DR3 2134761649933438080,4.478,2.78910721895002e-03,,
KIC11350389,1.507,lurie17,kepler,Gaia DR3 2129750934926752000,1.513,4.74313712515723e-03,,
KIC11357192,23.498,lurie17,kepler,Gaia DR3 2134829544776833280,186.517,,,
KIC11391181,7.886,lurie17,kepler,Gaia DR3 2131995622272432384,8.617,1.74800857866058e-01,,
KIC11391667,1.083,lurie17,kepler,Gaia DR3 2132005586596643328,1.084,6.54028177357489e-04,,
KIC11403216,4.013,lurie17,kepler,Gaia DR3 2129752549834416512,4.053,5.98186713119522e-03,,
KIC11404644,5.721,lurie17,kepler,Gaia DR3 2129788863777153664,5.903,3.64903769820634e-02,,
KIC11408935,15.307,lurie17,kepler,Gaia DR3 2134811643353562112,15.995,2.71780153322201e-01,,
KIC11449844,10.932,lurie17,kepler,Gaia DR3 2132666633603904256,38.479,,,
KIC11455484,5.958,lurie17,kepler,Gaia DR3 2129761101110003200,6.143,1.70105858303256e-02,,
KIC11457191,2.252,lurie17,kepler,Gaia DR3 2129795946183374464,2.298,,,
KIC11506235,10.135,lurie17,kepler,Gaia DR3 2129961560121914496,20.413,2.43014760823439e-01,,
KIC11517719,2.469,lurie17,kepler,Gaia DR3 2134884520357421824,2.496,4.20782605823273e-01,,
KIC11519134,5.526,lurie17,kepler,Gaia DR3 2087212066998929792,58.585,4.43664498167110e-01,,
KIC11519226,5.302,lurie17,kepler,Gaia DR3 2087211993980336128,22.161,1.87526758238018e-01,,
KIC11548140,1.377,lurie17,kepler,Gaia DR3 2132027576829358208,2.757,,,
KIC11560037,16.55,lurie17,kepler,Gaia DR3 2129853739263201536,1.467,,,
KIC11616200,1.697,lurie17,kepler,Gaia DR3 2135031511317504640,1.719,1.20691244337214e-02,,
KIC11673686,4.727,lurie17,kepler,Gaia DR3 2087219797940775040,4.619,1.78808042958925e-03,,
KIC11704044,19.411,lurie17,kepler,Gaia DR3 2132837057906478848,13.765,6.52272824778390e-04,,
KIC11706658,1.405,lurie17,kepler,Gaia DR3 2132696698375525120,1.408,2.41515113091342e-02,,
KIC11724210,5.695,lurie17,kepler,Gaia DR3 2087237287047575680,5.746,9.05171717907449e-04,,
KIC11853130,18.806,lurie17,kepler,Gaia DR3 2132325441397749248,76.879,,,
KIC11858541,5.493,lurie17,kepler,Gaia DR3 2132726144671364224,5.674,5.68248426660370e-02,,
KIC11867071,3.885,lurie17,kepler,Gaia DR3 2135844187848788096,3.964,7.47910129673209e-02,,
KIC11875511,8.886,lurie17,kepler,Gaia DR3 2087264293802301824,67.452,,,
KIC11906217,21.64,lurie17,kepler,Gaia DR3 2132872276638437376,37.91,5.32966744241817e-01,,
KIC11911561,8.413,lurie17,kepler,Gaia DR3 2133054383251004672,8.87,,,
KIC11922782,3.476,lurie17,kepler,Gaia DR3 2135341298718849536,3.513,2.90837323125422e-03,,
KIC11967004,1.906,lurie17,kepler,Gaia DR3 2135125519562183424,1.942,1.06936704282775e-02,,
KIC11968490,1.075,lurie17,kepler,Gaia DR3 2135203138210361984,1.079,4.73291138411756e-03,,
KIC11968513,1.026,lurie17,kepler,Gaia DR3 2135202347938040704,1.037,1.52305214212956e-02,,
KIC11974540,5.538,lurie17,kepler,Gaia DR3 2135313669189075968,24.669,5.88626145961488e-01,,
KIC12004679,5.634,lurie17,kepler,Gaia DR3 2133634135115817472,5.042,2.51621034318931e-03,,
KIC12010534,2.53,lurie17,kepler,Gaia DR3 2133066890197034368,2.582,1.56939751088493e-02,,
KIC12013615,9.361,lurie17,kepler,Gaia DR3 2130109341356434176,8.203,6.00748406089873e-03,,
KIC12022517,3.366,lurie17,kepler,Gaia DR3 2135327864061486592,3.443,2.45989880498588e-02,,
KIC12023089,19.282,lurie17,kepler,Gaia DR3 2135325665039158784,0.623,2.24326654668967e-03,,
KIC12109575,0.531,lurie17,kepler,Gaia DR3 2130162049195239552,0.532,1.81141037915136e-01,,
KIC12109845,0.865,lurie17,kepler,Gaia DR3 2130173422268699520,0.866,3.45218659152282e-02,,
KIC12255382,12.554,lurie17,kepler,Gaia DR3 2133230786147644928,0.999,,,
KIC12351927,12.962,lurie17,kepler,Gaia DR3 2133352385261516928,10.116,2.76028608125563e-02,,
KIC12356746,1.001,lurie17,kepler,Gaia DR3 2136191015048397184,1.005,7.12351289052080e-04,,
KIC12365000,1.257,lurie17,kepler,Gaia DR3 2135604563034108928,1.263,1.07313701112645e-02,,
KIC12367310,8.441,lurie17,kepler,Gaia DR3 2135486743492388224,8.627,5.31251044050429e-02,,
KIC12367464,1.856,lurie17,kepler,Gaia DR3 2135488152241000576,1.853,8.27767174663852e-02,,
KIC12400729,0.928,lurie17,kepler,Gaia DR3 2133391555363363968,0.932,,,
KIC12418662,2.735,lurie17,kepler,Gaia DR3 2135488873795018368,2.752,1.37640085028337e-02,,
KIC12470530,6.254,lurie17,kepler,Gaia DR3 2135511104546240768,8.207,3.78186324962178e-01,,
KIC12506351,2.378,lurie17,kepler,Gaia DR3 2133442235976787072,2.456,5.27754175402717e-03,,
KIC12557713,8.116,lurie17,kepler,Gaia DR3 2136217918722893056,7.215,1.84509293848112e-02,,
KIC12599700,1.017,lurie17,kepler,Gaia DR3 2133453162373603584,1.018,9.30696689740667e-03,,
KIC12643582,15.28,lurie17,kepler,Gaia DR3 2133510783655003776,88.295,4.40097060274974e-01,,
